MH 2 Galang 2 Hub, 120.802806, 1.090827
MH 1 Tanete Rilau Hub, 119.604583, -4.489528
MH 1 Jagoi Babang Hub, 109.889867, 1.325308
MH 2 Kembang Janggut Hub, 116.391343, 0.129279
MH 1 Ledo Hub, 109.613615, 1.038264
MH 1 Jangkat Hub, 101.817667, -2.533139
MH 1 Boliohuto Hub, 122.616339, 0.653302
MH 1 Paguyaman Hub, 122.558965, 0.642601
MH 1 Sungai Rengas Hub, 109.27751, -0.006294
MH 1 Bukit Batu Hub, 102.149611, 1.312528
MH 1 Rangsang Hub, 103.075556, 0.841778
MH 1 Tanjungkerta Hub, 107.88943, -6.764503
Klojen Hub, 112.619788, -8.001015
Cikupa 7 Hub, 106.529453, -6.220818
Simo 2 Hub, 110.67815, -7.439227
Bogor Selatan 3 Hub, 106.784297, -6.617958
Curug 6 Hub, 106.562917, -6.249
Cibeureum Hub, 108.27179, -7.354779
Cikarang Barat 2 Hub, 107.086613, -6.283119
Rawalumbu 2 Hub, 106.994196, -6.270622
Medan 2 Hub, 98.715503, 3.603218
Curug Tangerang 2 Hub, 106.580607, -6.241411
Cipondoh 8 Hub, 106.680699, -6.201297
Beji Kota Depok 3 Hub, 106.80568, -6.38618
Karangdadap Hub, 109.693752, -6.965712
Sooko Hub, 112.413674, -7.520852
Tulungagung 3 Hub, 111.910495, -8.074051
Kelapa Dua 6 Hub, 106.598639, -6.2715
Baleendah 5 Hub, 107.652583, -7.018056
Baleendah 4 Hub, 107.630889, -6.996722
Margaasih 4 Hub, 107.534162, -6.953629
Margaasih 5 Hub, 107.553889, -6.948833
Sukmajaya 6 Hub, 106.83636, -6.44696
Nagreg Hub, 107.871242, -7.024763
Cikarang Timur Hub, 107.192472, -6.303833
Tenayan Raya 2 Hub, 101.51568, 0.492004
Pinang 8 Hub, 106.682028, -6.213194
Pinang 6 Hub, 106.680583, -6.205194
Purworejo Kota Pasuruan Hub, 112.911643, -7.632208
Pasar Rebo 3 Hub, 106.868063, -6.345563
Legok 4 Hub, 106.556107, -6.326357
Pakuhaji 7 Hub, 106.63075, -6.067611
Pakuhaji 11 Hub, 106.62468, -6.063244
Pakuhaji 4 Hub, 106.628833, -6.064556
Pakuhaji 3 Hub, 106.623861, -6.06775
Padalarang 2 Hub, 107.490133, -6.846239
Neglasari 4 Hub, 106.629719, -6.138932
Medan Amplas 2 Hub, 98.722806, 3.538222
Kutawaringin Hub, 107.533424, -6.948062
Kebon Jeruk 18 Hub, 106.759734, -6.172221
Kelapa Dua 5 Hub, 109.63964, -6.974546
Kayugeritan Hub, 109.639647, -6.974563
Karawaci 3 Hub, 106.620505, -6.191383
Cipondoh 5 Hub, 106.715561, -6.187414
Pecangaan 3 Hub, 110.716194, -6.713472
Kalinyamatan 2 Hub, 110.735341, -6.719752
Kalideres 7 Hub, 106.696874, -6.135278
Kalideres 3 Hub, 106.691546, -6.135331
Kalideres 27 Hub, 106.701737, -6.172827
Duren Sawit Hub, 106.900513, -6.218828
Parung 2 Hub, 106.697639, -6.440583
Cipondoh 6 Hub, 106.684286, -6.195532
Cipondoh 2 Hub, 106.686747, -6.198651
Cimahi Tengah 3 Hub, 107.551707, -6.898583
Ciawi Bogor 3 Hub, 106.856885, -6.666179
Bogor Utara Hub, 106.811354, -6.579305
Tangerang 8 Hub, 106.681668, -6.157743
Bantargebang 3 Hub, 106.983639, -6.321667
Medan Area 3 Hub, 98.699153, 3.568878
Kuwarasan Hub, 109.49056, -7.675371
Wiradesa 3 Hub, 109.622417, -6.874778
Gurah Hub, 112.079575, -7.822106
Nganjuk 2 Hub, 111.912217, -7.600072
Maos Hub, 109.146111, -7.620591
Cikoneng Hub, 108.263915, -7.308971
Ciambar Hub, 106.782919, -6.829204
Sarirejo Hub, 112.410608, -7.152975
Kendal 2 Hub, 110.191754, -6.93208
Mangunjaya Hub, 108.698861, -7.485861
Kerambitan Hub, 115.083981, -8.503472
Lubuk Linggau Barat Satu Hub, 102.84423, -3.309943
Kunir 2 Hub, 113.251278, -8.227278
Sadananya Hub, 108.314818, -7.279158
Bahar Selatan 2 Hub, 103.454193, -2.125473
Tanjung Emas Hub, 100.627096, -0.47863
Talang Kelapa 3 Hub, 104.738223, -2.805716
Patuk Hub, 110.516532, -7.866847
Binjai Hulu 2 Hub, 111.476926, 0.201597
Tomia Hub, 123.902368, -5.750746
Karawaci 4 Hub, 106.627402, -6.190363
Sepatan Timur Hub, 106.619693, -6.12129
Gunung Bintang Awai 2 Hub, 115.160336, -1.527858
Tinombo Hub, 120.290806, 0.398472
Totikum Hub, 123.526817, -1.415932
Bathin Ii Pelayang Hub, 101.859266, -1.374885
Luhak Nan Duo 2 Hub, 99.779915, 0.052651
Sumarorong Hub, 119.316169, -3.151499
Long Kali Hub, 116.338429, -1.514558
Kalisusu Utara Hub, 123.205282, -4.690223
Padang Batung Hub, 115.289804, -2.793814
Batu Ampar 3 Hub, 112.159034, -2.271231
Tiloan Hub, 121.338556, 1.098223
Wonosari Boalemo Hub, 122.483671, 0.699173
Libureng 2 Hub, 119.989136, -4.767458
Sungai Sembilan 2 Hub, 101.309217, 1.818983
Sindang Danau Hub, 103.551025, -4.483856
Dolok Silau Hub, 98.683975, 3.03952
Suwawa Hub, 123.13413, 0.543876
Lembah Gumanti 3 Hub, 100.813698, -1.147257
Sawahan Kab. Madiun Hub, 111.543048, -7.579196
Kawunganten Hub, 108.919222, -7.59638
Kampar Kiri 2 Hub, 101.039889, -0.023056
Talang Ubi 2 Hub, 103.822405, -3.245598
Buay Madang 2 Hub, 104.458031, -4.258764
Pancoran Mas 2 Hub, 106.796581, -6.394946
Cisarua Hub, 106.941583, -6.687167
Bumiaji Hub, 112.540223, -7.864844
Solear 2 Hub, 106.415018, -6.287152
Bagan Sinembah 4 Hub, 100.386111, 1.717182
Uluwatu First Mile Hub, 115.171694, -8.775139
Sukatani 2 First Mile Hub, 107.408225, -6.613348
Boyolangu First Mile Hub, 111.898812, -8.093535
Pasawahan First Mile Hub, 107.456028, -6.567778
Karangpawitan First Mile Hub, 107.94882, -7.198271
Ngemplak Kab. Boyolali First Mile Hub, 110.75636, -7.51202
Nogosari First Mile Hub, 110.75375, -7.447806
Pinang 4 First Mile Hub, 106.630572, -6.201893
Wiradesa 3 First Mile Hub, 109.622417, -6.874778
Gurah First Mile Hub, 112.079575, -7.822106
Nganjuk 2 First Mile Hub, 111.912217, -7.600072
Maos First Mile Hub, 109.146111, -7.620591
Bojong 2 First Mile Hub, 109.605389, -6.952889
Pancoran Mas 2 First Mile Hub, 106.796581, -6.394946
Sawahan Kab. Madiun First Mile Hub, 111.543048, -7.579196
Penjaringan 37 First Mile Hub, 106.726131, -6.115538
Cikupa 7 First Mile Hub, 106.529453, -6.220818
Marga First Mile Hub, 115.143049, -8.550775
Sepatan Timur First Mile Hub, 106.619693, -6.12129
Kawunganten First Mile Hub, 108.919222, -7.59638
Bumiaji First Mile Hub, 112.540223, -7.864844
Kosambi 25 First Mile Hub, 106.680397, -6.073917
Warehouse DHS Makassar, 119.466289, -5.090416
SBS Medan Deli DC, 98.697099, 3.677327
Surabaya NDC, 112.690845, -7.243738
Cinambo NDC, 107.694505, -6.932576
SBS Malang DC, 112.69182, -7.949347
SBS Solo DC, 110.75826, -7.562397
MH 1 Galang 3 Hub, 104.12238, 0.910644
MH 1 Menukung Hub, 112.233177, -0.42138
MH 1 Gunung Timang Hub, 115.119455, -1.268367
MH 2 Nengah Bulik Hub, 111.515833, -2.193972
MH 1 Tempunak Hub, 111.348972, -0.0335
MH 1 Wolio Hub, 122.633931, -5.468159
MH 1 Galang 2 Hub, 120.802806, 1.090827
MH 2 Alla Hub, 119.817782, -3.325884
MH 1 Popayato Hub, 121.450293, 0.506246
MH 1 Mandolang Hub, 124.799053, 1.459889
Medan Deli DC, 98.699156, 3.659141
Bandung Kopo 2 DC, 107.58807, -6.956495
Kosambi RDC, 106.673605, -6.091295
SBS Bekasi DC, 106.976694, -6.196226
Arjawinangun 2 DC, 108.39564, -6.643742
Purwodadi Pasuruan Hub, 112.738533, -7.792868
Praya Barat 2 Hub, 116.225778, -8.791917
Bungku Timur Hub, 122.022019, -2.726916
Cermin Nan Gadang Hub, 102.63852, -2.391639
Terusan Nunyai Hub, 105.212293, -4.757123
Bogor Selatan EHub, 106.799148, -6.611148
Boja 2 Hub, 110.278726, -7.125451
Cisoka First Mile Hub, 106.425167, -6.257518
Setiabudi 4 First Mile Hub, 106.822837, -6.216179
Pondok Aren 4 First Mile Hub, 106.696333, -6.250444
Kab. Pekalongan 2 First Mile Hub, 109.645856, -6.952759
Cilacap Selatan First Mile Hub, 109.013889, -7.736111
Kedungadem First Mile Hub, 112.004106, -7.257121
Purbaratu First Mile Hub, 108.246654, -7.332518
Sekampung First Mile Hub, 105.404912, -5.15431
Panongan 6 First Mile Hub, 106.55175, -6.296167
Kelapa Dua 9 First Mile Hub, 106.606401, -6.257622
Jeumpa First Mile Hub, 96.666375, 5.206448
Citeureup 3 First Mile Hub, 106.902605, -6.515925
Cluwak First Mile Hub, 110.975972, -6.534667
Cengkareng 42 First Mile Hub, 106.764528, -6.153847
Magelang Utara First Mile Hub, 110.21938, -7.450795
Bukit Kecil First Mile Hub, 104.75071, -2.985677
Penjaringan 36 First Mile Hub, 106.773218, -6.14138
Patimpeng Hub, 120.115861, -4.955222
Virtual Semarang 4 EHub, 110.33997, -6.98358
Tamalanrea 2 Hub, 119.489147, -5.091436
Gabus Kab Grobogan Hub, 111.219778, -7.179417
Kebasen Hub, 109.214991, -7.564205
Way Pengubuan 2 Hub, 105.080842, -4.891647
Mesjid Raya Hub, 95.425007, 5.650814
Ulu Manna Hub, 102.944683, -4.39745
Sipora Selatan Hub, 99.728008, -2.189755
Cibeber Kab Lebak Hub, 106.329378, -6.832486
Selagan Raya Hub, 101.30328, -2.591181
Gunung Labuhan Hub, 104.57878, -4.790022
Ngaringan Hub, 111.215615, -7.049625
Ponjong Hub, 110.709797, -7.969253
Serang Baru 4 Hub, 107.188829, -6.419364
Medan Selayang 3 Hub, 98.660431, 3.552597
Cilacap Selatan Hub, 109.013889, -7.736111
Kedungadem Hub, 112.004106, -7.257121
Tasik Putri Puyu Hub, 102.449403, 1.24595
Sukorejo Kendal 2 Hub, 110.04425, -7.095194
Binuang 2 Hub, 115.092541, -3.16381
Tanjung 2 Hub, 115.389469, -2.143061
Blimbing 2 Hub, 112.64961, -7.93297
Tana Lili Hub, 120.595515, -2.61296
Wanasari 2 Hub, 109.003599, -6.864991
Sawahan Kab. Nganjuk Hub, 111.78773, -7.712196
Bekri Hub, 105.14126, -5.089162
Bonti 2 Hub, 110.584502, 0.460808
Taman Rejo Hub, 103.68576, -1.491608
Payung 2 Hub, 106.148087, -2.601261
Tanjung Sakti Pumi 2 Hub, 103.070159, -4.153318
Kumpeh Ulu 2 Hub, 103.811158, -1.587278
Gembong Hub, 110.941159, -6.704359
Pulau Rimau 2 Hub, 104.42841, -2.641074
Cakranegara Hub, 116.139586, -8.568163
Pringsurat Hub, 110.317091, -7.33428
Mowewe Hub, 121.732054, -3.963635
Kuala Jambi Hub, 103.803722, -1.028389
Pantai Lunci Hub, 111.030333, -3.052083
Singkep Barat Hub, 104.447807, -0.439972
Singkawang Selatan Hub, 108.90624, 0.832882
Silat Hulu Hub, 111.992194, 0.248
Sekayam 2 Hub, 110.540902, 0.823166
Bambaira Hub, 119.521, -0.953556
Sidoan Hub, 120.203404, 0.273173
Lahei Hub, 114.929651, -0.85983
Sangalla Utara Hub, 119.91964, -3.078357
Makale 2 Hub, 119.813664, -3.08744
Kulisusu Barat Hub, 123.062107, -4.672595
Pedamaran Timur Hub, 105.071222, -3.567056
Dadahup Hub, 114.600248, -2.657523
Bunguran Barat Hub, 108.0341, 3.792872
Siompu Hub, 122.520071, -5.644418
Lampasio Hub, 120.847286, 0.913432
Oheo Hub, 122.060013, -3.367199
Benua Hub, 122.125556, -4.259
Mowila Hub, 122.24134, -4.103289
Towuti 2 Hub, 121.577067, -2.587635
Wonosari 3 Hub, 122.451632, 0.70761
Gu Hub, 122.565127, -5.256544
Bone Hub, 123.209706, 0.378758
Tebo Tengah 2 Hub, 102.446589, -1.480109
Kuala Betara Hub, 103.458702, -0.92294
Segedong Hub, 109.200275, 0.160078
Pamona Timur Hub, 120.837153, -1.897011
Portibi Hub, 99.648736, 1.45229
Lasalimu Hub, 122.941727, -5.226911
Tigo Lurah Hub, 100.89163, -0.96697
Kampung Rakyat 2 Hub, 100.246017, 1.938906
Nuhon Hub, 122.13795, -0.935586
Bontosikuyu Hub, 120.473385, -6.248508
Kauditan Hub, 125.046632, 1.39547
Purbaratu Hub, 108.246654, -7.332518
Bayung Lencir 2 Hub, 103.703361, -2.162667
Pondokgede 5 Hub, 106.935832, -6.285771
Sekampung Hub, 105.404912, -5.15431
Jeumpa Hub, 96.666375, 5.206448
Citeureup 3 Hub, 106.902605, -6.515925
Bandar Simalungun 2 Hub, 99.313972, 3.16275
Renah Mendaluh Hub, 102.94641, -1.270837
Mampang Prapatan 2 Hub, 106.822176, -6.248418
Cluwak Hub, 110.975972, -6.534667
Winongan Hub, 112.997742, -7.714871
Buay Madang Timur Hub, 104.594927, -4.188517
Magelang Utara Hub, 110.21938, -7.450795
Gantorang Hub, 120.192506, -5.533119
Lembursitu Hub, 106.892235, -6.959357
Ciputat Timur 2 Hub, 106.765293, -6.294032
Tanggetada Hub, 121.529333, -4.372083
Solokuro Hub, 112.391389, -6.957083
MH 1 Belakang Padang Hub, 103.892234, 1.155238
MH 1 Seponti Hub, 109.833891, -0.863613
Sianjur Mula - Mula Hub, 106, -6
Amurang Timur Hub, 106, -6
Seginim Hub, 102.982624, -4.460882
Pangale Hub, 106, -6
Moyo Hulu Hub, 106, -6
Marga Hub, 115.169483, -8.489012
Mandalle Hub, 106, -6
Labakkang Hub, 106, -6
Koto XI Tarusan 2 Hub, 106, -6
Bunaken Hub, 106, -6
Tripa Makmur Hub, 96.422207, 3.925639
Tapalang Hub, 118.885092, -2.883492
Tadu Raya Hub, 96.40079, 4.096347
Sukawati 2 First Mile Hub, 106, -6
Simpang Renggiang Hub, 108.045802, -2.873364
Simboro Dan Kepulauan 2 Hub, 118.850207, -2.659914
Seluma Barat Hub, 102.523741, -4.033547
Pulau Tiga Hub, 106, -6
Poli - Polia Hub, 106, -6
Parangloe Hub, 119.651779, -5.246254
Muara Sugihan Hub, 106, -6
Lembah Gumanti 2 Hub, 100.87752, -1.083562
Karang Tengah Kab. Demak 2 Hub, 110.597794, -6.92254
Denpasar Barat Hub, 106, -6
Curugkembar Hub, 106.909139, -7.212902
Comal 2 Hub, 109.5334, -6.913319
Comal 2 First Mile Hub, 109.5334, -6.913319
Bungaya Hub, 106, -6
Biringbulu Hub, 119.754836, -5.433554
Binongko Hub, 106, -6
Airpura Hub, 106, -6
Rantetayo Hub, 119.818139, -3.039722
Sambaliung 2 Hub, 117, 2
Pakis Malang 2 Hub, 112, -7
Negeri Besar Hub, 104.891131, -4.413295
Medang Kampai Hub, 101.561704, 1.631955
Lambuya Hub, 122, -3
Kembaran 2 Hub, 109.286252, -7.42507
Danau Sembuluh Hub, 112, -2
Ciputat 6 Hub, 106.743614, -6.302906
Cijeungjing Hub, 108.382039, -7.325775
Bluluk Hub, 112, -7
Yosowilangun 2 Hub, 113.303639, -8.215739
Teweh Baru Hub, 114.9022, -0.948128
Teluk Pandan Hub, 117.416047, 0.128788
Tegalwaru Purwakarta Hub, 107.356722, -6.672583
Tawaeli Hub, 119.86583, -0.733987
Sukaraja 4 Hub, 106.789297, -6.514462
Silou Kahean Hub, 98, 3
Sempor Hub, 109.496729, -7.586915
Seberang Ulu II 2 Hub, 104.803796, -2.998703
Sanga - Sanga Hub, 117.23056, -0.670512
Samarinda Utara 3 Hub, 117.2639, -0.3777
Rantau Utara 2 Hub, 99.815667, 2.101417
Payaraman 2 Hub, 104, -3
Pagar Jati Hub, 102, -3
Lubuk Kilangan 2 Hub, 100.44352, -0.964496
Lahei Barat Hub, 114.8914, -0.7949
Kundur Barat Hub, 103.356578, 0.758538
Kuala Cenaku Hub, 102.67383, -0.455522
Kotawaringin Lama 3 Hub, 111, -2
Kiarapedes Hub, 107.574667, -6.681333
Karanggayam Hub, 109.578959, -7.592416
Karang Intan Hub, 114, -3
Gunung Kerinci Hub, 101.296111, -1.905917
Gunung Guruh Hub, 106.899302, -6.935502
Durai Hub, 103.613391, 0.504313
Cisarua Bogor 2 Hub, 106, -6
Cibeunying Kidul 2 Hub, 107.648014, -6.906043
Cenrana Hub, 120.312292, -4.365592
Anak Ratu Aji Hub, 104.939751, -4.941922
Tubbi Taramanu Hub, 119, -3
Toili 3 Hub, 122, -1
Tanjunganom 3 Hub, 111.989936, -7.642841
Tambak Banyumas Hub, 109.383822, -7.615292
Sungai Lilin 2 Hub, 103.969116, -2.461931
Sumberlawang Hub, 110.866573, -7.327703
Sukalarang Hub, 107.000154, -6.891112
Sobang Hub, 106.363728, -6.658595
Sinembah Tanjung Muda Hulu Hub, 98, 3
Setiabudi 4 Hub, 106.822873, -6.216362
Sekupang 2 Hub, 103, 1
Saronggi Hub, 113.817361, -7.079306
Sangatta 4 Hub, 117.50259, 0.533713
Samboja (Semboja) 2 Hub, 117.031647, -1.014412
Salam Babaris Hub, 115.18184, -3.046512
Sabbang Hub, 120, -2
Ranah Batahan Hub, 99.467578, 0.383438
Purworejo 2 Hub, 112.903754, -7.669192
Purwodadi Musi Rawas Hub, 102.951382, -3.146361
Pulau Laut Utara 2 Hub, 116.207312, -3.258471
Posigadan Hub, 123.57589, 0.322262
Pontianak 2 Hub, 109.312292, -0.060042
Pinang Belapis Hub, 102, -3
Pilangkenceng Hub, 111.635065, -7.512284
Pematang Tiga Hub, 102.229367, -3.611002
Pelepat Hub, 102, -1
Pasir Limau Kapas 2 Hub, 100, 2
Parung Panjang 2 Hub, 106.568465, -6.340899
Pangalengan 2 Hub, 107.59157, -7.201328
Pahandut 2 Hub, 113.931587, -2.230985
Pagar Gunung Hub, 103, -3
Pacet Kutorejo Hub, 112.543319, -7.625197
Muara Telang Hub, 104.899661, -2.631575
Muara Pawan Hub, 110, -1
Matraman Hub, 106.866506, -6.193756
Marpoyan Damai 2 Hub, 101.435227, 0.503578
Luhak Nan Duo Hub, 99.817367, 0.054013
Lolayan Hub, 124.275798, 0.672063
Limun 2 Hub, 102, -2
Limapuluh Batubara Hub, 99, 3
Leuwigoong Hub, 107.958497, -7.095878
Lembang 2 Hub, 119.527567, -3.5331
Leles 2 Hub, 107.064353, -7.322797
Lebakbarang Hub, 109, -7
Kutawaluya Hub, 107.327926, -6.156416
Kutambaru Hub, 98, 3
Krejengan Hub, 113.434506, -7.8421
Kota Banjar 2 Hub, 108.518662, -7.374373
Kelapa Gading 2 Hub, 106.911749, -6.180993
Kedurang Ilir Hub, 103.045861, -4.476355
Karangpawitan Hub, 107.948907, -7.198178
Kandangserang Hub, 109, -7
Jombang Kota Cilegon Hub, 106.059608, -6.013459
Jatiluhur 2 Hub, 107.417804, -6.532377
Indralaya Utara Hub, 104.669735, -3.242978
Gaung Hub, 103.15308, -0.088198
Gandrungmangu Hub, 108.832729, -7.503289
Enok 2 Hub, 103.102155, -0.516881
Cluring Hub, 114.237084, -8.423398
Cijambe Hub, 107.728983, -6.61355
Bukik Barisan Hub, 100.462573, -0.099208
Bua Hub, 120.229591, -3.078547
Baroko Hub, 119.81033, -3.275345
Banyuputih Kab. Situbondo Hub, 114.249459, -7.754397
Banjaran 3 Hub, 107.562725, -7.087387
Banawa Selatan Hub, 119.65571, -0.791196
Amandraya Hub, 97.669891, 0.752412
Alang-Alang Lebar 2 Hub, 104.714489, -2.927432
Sidoarjo EHub, 112, -7
Pakis Malang 2 First Mile Hub, 112, -7
Kalideres 34 First Mile Hub, 106, -6
Ciputat 6 First Mile Hub, 106.743614, -6.302906
Cempaka Putih 3 First Mile Hub, 106.866346, -6.186779
Tegalwaru Purwakarta First Mile Hub, 107.356722, -6.672583
Penjaringan 39 First Mile Hub, 106.741173, -6.128202
Gunung Guruh First Mile Hub, 106.899302, -6.935502
Cikancung 2 First Mile Hub, 107.80424, -7.012968
Cibeunying Kidul 2 First Mile Hub, 107.648014, -6.906043
Tanjunganom 3 First Mile Hub, 111.989936, -7.642841
Taman Sari 12 First Mile Hub, 106.826181, -6.153639
Taman Madiun 2 First Mile Hub, 111.519956, -7.649587
Sumberlawang First Mile Hub, 110.866573, -7.327703
Sukalarang First Mile Hub, 107.000154, -6.891112
Setu Bekasi 2 First Mile Hub, 107.030502, -6.350676
Pilangkenceng First Mile Hub, 111.635065, -7.512284
Percut Sei Tuan 4 First Mile Hub, 98, 3
Neglasari 5 First Mile Hub, 106, -6
Mejayan 2 First Mile Hub, 111.7091, -7.552835
Leuwigoong First Mile Hub, 107.958497, -7.095878
Kota Banjar 2 First Mile Hub, 108.518662, -7.374373
Kelapa Gading First Mile Hub, 106, -6
Karangjati First Mile Hub, 111, -7
Jatiluhur 2 First Mile Hub, 107.417804, -6.532377
Ibun 2 First Mile Hub, 107.760284, -7.088456
Gunung Maligas First Mile Hub, 99, 3
Gandrungmangu First Mile Hub, 108.832729, -7.503289
Beji Kota Depok 2 First Mile Hub, 106.81359, -6.377106
MH 1 Bayung Lencir Hub, 103.679694, -2.07075
MH 1 Nengah Bulik Hub, 111.515833, -2.193972
MH 2 Kampar Kiri Hub, 101.20804, 0.035959
MH 2 Torue Hub, 120.337805, -0.986584
MH 1 Torue Hub, 120.337805, -0.986584
MH 1 Gedung Meneng Hub, 105.648917, -4.394389
MH 1 Sesayap Hub, 116.914374, 3.60256
MH 1 Tapin Utara Hub, 115.157861, -2.947556
MH 1 Sei Sungai Kakap Hub, 109.254112, -0.062942
MH 1 Sandai 3 Hub, 110.533303, -1.222797
MH 3 Bengkayang Hub, 109.485616, 0.83116
MH 1 Tolangohula Hub, 122.561103, 0.701186
Wanareja 2 Hub, 108.674722, -7.333361
Wajo 2 Hub, 119.418, -5.125111
Tiang Pumpung Kepungut Hub, 103.058782, -3.293304
Tabir Ulu Hub, 102.235903, -1.914855
Sutera Hub, 100.649275, -1.582995
Situraja Hub, 107.966299, -6.847312
Senduro Hub, 113.089612, -8.095711
Sekernan 2 Hub, 103.479644, -1.38827
Putra Rumbia Hub, 105.587111, -4.809861
Poso Pesisir Hub, 120.658537, -1.424468
Percut Sei Tuan 5 Hub, 98.716683, 3.644359
Nongsa 2 Hub, 104.12261, 1.062045
Mesuji Raya Hub, 105.004537, -3.787546
Kerkap Hub, 102.264217, -3.524161
Keban Agung Hub, 102.657812, -3.675725
Ciwaringin Hub, 108.388917, -6.670639
Ciracap Hub, 106.525831, -7.337401
Budong Budong Hub, 119.240199, -2.09264
Beringin Deli Serdang Hub, 98.862056, 3.603528
Bathin II Babeko Hub, 102.197126, -1.482081
Wanareja 2 First Mile Hub, 108.674722, -7.333361
Marpoyan Damai 2 First Mile Hub, 101.435227, 0.503578
Ciwaringin First Mile Hub, 108.388917, -6.670639
Ciracap First Mile Hub, 106.525831, -7.337401
Badung 2 DC, 115.174278, -8.571873
SBS Lampung DC, 105.306363, -5.410192
Cakung 6 DC, 106.922246, -6.179904
SBS Kudus DC, 110.841848, -6.842129
Tegal 3 EDC, 109.107426, -6.851033
Jember 2 EDC, 113.68363, -8.212144
MH 2 Marang Kayu Hub, 117.431944, -0.1195
MH 1 Marang Kayu Hub, 117.431944, -0.1195
MH 1 Derawan Hub, 118.086139, 2.275139
MH 1 Sungai Pinang Kab. Banjar Hub, 115.253767, -3.195385
MH 2 Paringin Timur Hub, 115.476594, -2.338826
MH 1 Paringin Timur Hub, 115.476594, -2.338826
MH 2 Putussibau Selatan Hub, 112.922917, 0.845417
MH 1 Putussibau Selatan Hub, 112.922917, 0.845417
MH 2 Tanjung Jabung Barat Hub, 103.460449, -0.819707
IDBDL1 FBS, 105.306, -5.4098
Susukan 2 Hub, 108.395905, -6.644078
Regol 4 Hub, 107.615308, -6.950498
Pancoran 4 Hub, 106.844778, -6.255417
Bogor Utara EHub, 106.809259, -6.554798
Rungkut 2 Hub, 112.802703, -7.317865
Pebayuran Hub, 107.231284, -6.170745
Gunung Sugih Hub, 105.207579, -5.010247
Cikupa EHub, 106.52461, -6.228505
Gringsing First Mile Hub, 110.019359, -6.971364
Sindangkasih First Mile Hub, 108.232253, -7.298178
Sawoo First Mile Hub, 111.493931, -7.959218
Palu Timur First Mile Hub, 119.885778, -0.897293
Wonotunggal First Mile Hub, 109.743722, -6.958833
Weru Sukoharjo Hub, 110.763594, -7.773158
Way Jepara First Mile Hub, 105.695121, -5.174574
Watumalang First Mile Hub, 109.858283, -7.325008
Watulimo First Mile Hub, 111.727712, -8.210191
Watukumpul First Mile Hub, 109.433963, -7.152908
Warurejo First Mile Hub, 109.328833, -6.874333
Warungpring Hub, 109.264335, -7.073523
Warungpring First Mile Hub, 109.265973, -7.076271
Ungaran Timur 2 Hub, 110.39487, -7.130983
Ungaran Timur 2 First Mile Hub, 110.39487, -7.130983
Turen First Mile Hub, 112.700976, -8.186295
Trenggalek First Mile Hub, 111.701611, -8.073444
Tomo First Mile Hub, 108.127156, -6.764956
Todanan First Mile Hub, 111.181417, -6.939167
Tepus First Mile Hub, 110.641944, -8.125278
Tenggilis Mejoyo Hub, 112.744842, -7.325226
Tenggarong 2 Hub, 116.985667, -0.383833
Tempurejo First Mile Hub, 113.664348, -8.358945
Tempuling Hub, 102.936, -0.497111
Tempuling 2 Hub, 102.987556, -0.457722
Telukbetung Barat First Mile Hub, 105.246052, -5.46393
Tegallalang First Mile Hub, 115.271568, -8.531226
Tegallalang 2 First Mile Hub, 115.279687, -8.421206
Tegaldlimo First Mile Hub, 114.278222, -8.509
Tanjung Raja First Mile Hub, 104.772798, -3.347255
Tampak Siring First Mile Hub, 115.3089, -8.443353
Tambakromo Hub, 111.046603, -6.868412
Tambakromo First Mile Hub, 111.046603, -6.868412
Taman Pemalang 4 First Mile Hub, 109.392779, -6.920313
Taman Pemalang 3 Hub, 109.433722, -6.88575
Taman Pemalang 3 First Mile Hub, 109.433722, -6.88575
Tamalanrea First Mile Hub, 119.48121, -5.10331
Taktakan First Mile Hub, 106.133426, -6.097375
Tabunganen Hub, 114.490122, -3.411932
Susukan Kab. Banjarnegara First Mile Hub, 109.471206, -7.450879
Sungai Tabuk First Mile Hub, 114.702917, -3.325389
Sumedang Selatan First Mile Hub, 107.917067, -6.836445
Sukorejo First Mile Hub, 112.737642, -7.76209
Wonosobo 4 First Mile Hub, 109.918797, -7.366995
Sukoharjo Kab. Pringsewu First Mile Hub, 104.983801, -5.277583
Sukmajaya 3 Hub, 106.820144, -6.437568
Sukawati First Mile Hub, 115.268548, -8.600037
Sukasada First Mile Hub, 115.093, -8.140611
Sukaresmi Kab. Cianjur First Mile Hub, 107.084079, -6.733003
Subah First Mile Hub, 109.828639, -6.950944
Sragen 2 Hub, 111.029309, -7.419997
Sragen 2 First Mile Hub, 111.029309, -7.419997
Songgom First Mile Hub, 108.990942, -7.028746
Socah Hub, 112.72945, -7.056804
Silo First Mile Hub, 113.865138, -8.179781
Siantar Sitalasari First Mile Hub, 99.043316, 2.951142
Semparuk Hub, 109.08356, 1.187943
Semen First Mile Hub, 111.979231, -7.838423
Sangir Balai Janggo Hub, 101.405864, -1.430547
Samarinda Kota First Mile Hub, 117.154526, -0.495262
Samalanga First Mile Hub, 96.370429, 5.186792
Salopa First Mile Hub, 108.277954, -7.530195
Sajira First Mile Hub, 106.340454, -6.432047
Rembang 2 First Mile Hub, 112.783226, -7.611761
Reban First Mile Hub, 109.89048, -7.054316
Rappocini First Mile Hub, 119.430492, -5.147826
Rancah First Mile Hub, 108.494445, -7.201837
Raman Utara First Mile Hub, 105.445105, -4.983106
Rajagaluh First Mile Hub, 108.345805, -6.781815
Rajabasa 3 Hub, 105.242191, -5.350581
Purworejo 2 First Mile Hub, 112.903776, -7.669166
Purwonegoro First Mile Hub, 109.598187, -7.411055
Purwojati First Mile Hub, 109.114016, -7.4891
Punung First Mile Hub, 111.00951, -8.135865
Punggelan First Mile Hub, 109.57023, -7.354588
Pulokulon Hub, 111.05331, -7.126629
Pulokulon First Mile Hub, 111.05331, -7.126629
Pujud 3 Hub, 100.642842, 1.421898
Pujon First Mile Hub, 112.475507, -7.847312
Prigen First Mile Hub, 112.674304, -7.680922
Pontianak Kota Hub, 109.332037, -0.045445
Pontianak Kota 2 Hub, 109.294559, -0.047015
Pontianak Kota 2 First Mile Hub, 109.296013, -0.048248
Ponggok First Mile Hub, 112.100166, -8.064835
Pondokgede 4 Hub, 106.936164, -6.27308
Plumbon First Mile Hub, 108.488694, -6.713028
Patumbak First Mile Hub, 98.716639, 3.501722
Pasirkuda First Mile Hub, 107.224917, -7.194306
Parang First Mile Hub, 111.34065, -7.748754
Panjalu First Mile Hub, 108.276421, -7.142036
Pangkalan First Mile Hub, 107.215423, -6.492502
Pangatikan First Mile Hub, 107.990462, -7.166417
Pandaan First Mile Hub, 112.690355, -7.659137
Panawangan First Mile Hub, 108.380626, -7.122334
Pakuniran First Mile Hub, 113.507844, -7.77179
Pagelaran Lampung First Mile Hub, 104.935861, -5.365972
Pademawu First Mile Hub, 113.521917, -7.182639
Padas First Mile Hub, 111.547778, -7.441917
Padang Selatan First Mile Hub, 100.36931, -0.958336
Nglipar First Mile Hub, 110.621255, -7.872279
Ngampel First Mile Hub, 110.157786, -6.9658
Ngadirojo First Mile Hub, 111.328144, -8.207388
Ngadiluwih First Mile Hub, 112.006746, -7.901481
Nanggalo First Mile Hub, 100.381956, -0.897331
Nalumsari First Mile Hub, 110.791222, -6.743083
Muara Bulian 2 Hub, 103.240406, -1.725637
Menganti 2 Hub, 112.583913, -7.277526
Menganti 2 First Mile Hub, 112.583913, -7.277526
Medan Helvetia 6 Hub, 98.611871, 3.607969
Martapura 4 First Mile Hub, 114.884193, -3.38624
Malangbong 2 First Mile Hub, 108.054609, -7.055754
Majalaya 3 First Mile Hub, 107.734486, -7.043115
Madiun 2 Hub, 111.592273, -7.589702
Madiun 2 First Mile Hub, 111.592273, -7.589702
Lubuk Linggau Barat First Mile Hub, 102.853127, -3.302979
Lubuk Kilangan First Mile Hub, 100.43325, -0.94975
Lolowau Hub, 97.581913, 0.901003
Linggau Timur Satu First Mile Hub, 102.898212, -3.276602
Leles First Mile Hub, 107.899786, -7.112145
Legok Hub, 106.589377, -6.303188
Lareh Sago Halaban Hub, 100.703163, -0.266137
Langkaplancar First Mile Hub, 108.376049, -7.513402
Lambu Kibang Hub, 105.160694, -4.333722
Lakbok First Mile Hub, 108.69584, -7.421754
Kuta Utara First Mile Hub, 115.172444, -8.63675
Kronjo First Mile Hub, 106.420397, -6.079447
Koto VII Hub, 100.87036, -0.627211
Kokop First Mile Hub, 113.0335, -6.888799
Kersamanah First Mile Hub, 108.009984, -7.055749
Kepil First Mile Hub, 110.004583, -7.510778
Kembang Jepara First Mile Hub, 110.794676, -6.509217
Kemang 2 Hub, 106.761359, -6.531536
Kedunggalar First Mile Hub, 111.316694, -7.413528
Kedung First Mile Hub, 110.667987, -6.656981
Kediri Tabanan First Mile Hub, 115.143049, -8.550775
Kebonsari First Mile Hub, 111.508794, -7.740592
Kaur Utara Hub, 103.221793, -4.527939
Kauman First Mile Hub, 111.871161, -8.063135
Kasemen First Mile Hub, 106.159308, -6.051949
Kare First Mile Hub, 111.689601, -7.710481
Karangwareng First Mile Hub, 108.664311, -6.87384
Karangrejo First Mile Hub, 111.888345, -8.023225
Karangawen 2 Hub, 110.551226, -7.082474
Kanigoro First Mile Hub, 112.221052, -8.136759
Kandangan Temanggung First Mile Hub, 110.186118, -7.254175
Kampar Timur Hub, 101.179794, 0.353644
Kampar First Mile Hub, 101.112537, 0.345979
Kalibagor 2 Hub, 109.297473, -7.486561
Kalibagor 2 First Mile Hub, 109.297473, -7.486561
Kaduhejo First Mile Hub, 106.090455, -6.336248
Kadipaten First Mile Hub, 108.145667, -7.127056
Junrejo First Mile Hub, 112.577604, -7.906453
Jogorogo First Mile Hub, 111.2694, -7.510765
JKT 2 Hub, 109.108123, -6.850965
Jelutung First Mile Hub, 103.62125, -1.623611
Jatitujuh First Mile Hub, 108.27968, -6.652207
Jatisampurna 2 Hub, 106.921972, -6.34975
Jatisampurna 2 First Mile Hub, 106.921972, -6.34975
Jatigede First Mile Hub, 108.137171, -6.936684
Jarai Hub, 103.177628, -3.925123
Jambi Timur First Mile Hub, 103.645249, -1.604213
Haurwangi Hub, 107.287273, -6.824241
Haruyan Hub, 115.327944, -2.674472
Gununghalu First Mile Hub, 107.305867, -7.019147
Grobogan 2 Hub, 110.820073, -7.096306
Grobogan 2 First Mile Hub, 110.820073, -7.096306
Gisting First Mile Hub, 104.722889, -5.434556
Gemuh First Mile Hub, 110.126578, -6.946258
Gemarang First Mile Hub, 111.74255, -7.601385
Geger Bangkalan First Mile Hub, 112.929153, -6.988421
Garum First Mile Hub, 112.244757, -8.040322
Gambut First Mile Hub, 114.673111, -3.412722
Gadingrejo Hub, 105.024944, -5.381111
Gadingrejo First Mile Hub, 105.024944, -5.381111
Gabuswetan First Mile Hub, 108.080488, -6.418114
Donorojo First Mile Hub, 110.885805, -6.471482
Donomulyo First Mile Hub, 112.429752, -8.280823
Depok 4 Hub, 110.431968, -7.764193
Depok 4 First Mile Hub, 110.431968, -7.764193
Dente Teladas 3 Hub, 105.791476, -4.423034
Dawuan Subang Hub, 107.687464, -6.553575
Dawuan Subang First Mile Hub, 107.687464, -6.553575
Curug 4 Hub, 106.567556, -6.277778
Cisolok Hub, 106.461543, -6.883819
Cisolok First Mile Hub, 106.461543, -6.883819
Ciracas 6 Hub, 106.871237, -6.312919
Cipeundeuy Kab. Bandung Barat First Mile Hub, 107.380079, -6.727351
Cipayung Kota Depok 2 Hub, 106.806282, -6.44072
Cipayung Jakarta Timur 3 Hub, 106.914599, -6.302425
Cipanas Lebak First Mile Hub, 106.374528, -6.528028
Cimaragas First Mile Hub, 108.463145, -7.372844
Cimanggung First Mile Hub, 107.826917, -6.960583
Cimahi Utara 2 First Mile Hub, 107.543532, -6.862975
Cikeusal First Mile Hub, 106.206278, -6.209167
Cikedung First Mile Hub, 108.255418, -6.410332
Cikalong First Mile Hub, 108.18309, -7.74499
Cikajang First Mile Hub, 107.801111, -7.346861
Cigalontang First Mile Hub, 108.032002, -7.351526
Cibalong First Mile Hub, 108.181886, -7.514459
Cepogo First Mile Hub, 110.519178, -7.50528
Cepiring First Mile Hub, 110.151246, -6.93353
Candiroto First Mile Hub, 110.061654, -7.179287
Bungus Teluk Kabung First Mile Hub, 100.412967, -1.033639
Bumi Ratu Nuban First Mile Hub, 105.190037, -5.107738
Bulukerto First Mile Hub, 111.244924, -7.792502
Buay Pematang Ribu Ranau Tengah 2 Hub, 104.003989, -4.832558
Buana Pemaca Hub, 104.177499, -4.505742
Bolaang Timur Hub, 124.170206, 0.947944
Blubur Limbangan First Mile Hub, 107.970783, -7.044938
Binjai Selatan First Mile Hub, 98.4946, 3.574644
Beruntung Baru First Mile Hub, 114.591944, -3.422056
Beringin Hub, 98.775248, 1.741974
Beringin Deli Serdang First Mile Hub, 98.862056, 3.603528
Batujajar First Mile Hub, 107.502566, -6.897248
Batu Brak Hub, 104.169143, -5.019998
Batang 2 Hub, 109.712173, -6.893187
Baros Serang First Mile Hub, 106.131103, -6.2209
Banyuurip First Mile Hub, 109.976891, -7.74832
Banyumas 2 First Mile Hub, 109.298229, -7.517076
Bantarkalong Hub, 108.11531, -7.600982
Banjarbaru Utara 2 First Mile Hub, 114.847868, -3.433245
Banjar First Mile Hub, 114.971655, -8.188457
Balikpapan Barat First Mile Hub, 116.817205, -1.234273
Balaraja 3 Hub, 106.444922, -6.213842
Bakung First Mile Hub, 112.122306, -8.232278
Arjasari 2 Hub, 107.601006, -7.049006
Ampelgading 2 First Mile Hub, 112.856599, -8.238075
Abung Selatan First Mile Hub, 104.960358, -4.872049
MH 1 Toili 2 Hub, 122.529096, -1.302494
Virtual Klojen First Mile Hub, 112.619788, -8.001015
MH 1 Pamukan Barat Hub, 116.236717, -2.412193
Pogalan First Mile Hub, 111.772195, -8.112768
Pakel First Mile Hub, 111.786609, -8.185578
Ngajum First Mile Hub, 112.57791, -8.108381
Dongko First Mile Hub, 111.572401, -8.189711
Tanjung Bintang 2 Hub, 105.413873, -5.356186
Semarang 3 Hub, 110.398718, -6.980674
Samarang 2 Hub, 107.81394, -7.22274
Ngajum Hub, 112.57791, -8.108381
Cibungbulang 2 Hub, 106.647642, -6.574605
Cibitung Kab Pandeglang Hub, 105.699692, -6.766439
Ciampea 4 Hub, 106.707873, -6.558762
Belopa 2 Hub, 120.367293, -3.401217
SPX Express Seller WH39, 106.601586, -6.149986
MH 4 Rantepao Hub, 119.98223, -2.96742
MH 3 Rantepao Hub, 120.013292, -2.937509
MH 1 Merbau Hub, 102.458375, 1.246761
MH 1 Toapaya Hub, 104.441904, 0.928803
MH 1 Sangatta Utara 2 Hub, 117.287571, 0.611189
MH 1 Sekolaq Darat Hub, 115.923218, -0.264038
MH 1 Linggang Bigung Hub, 115.611031, -0.071173
MH 1 Mentawa Baru Hub, 112.830008, -2.446468
MH 1 Limun Hub, 102.645937, -2.399023
MH 1 Bathin Viii (Batin Viii) Hub, 102.550795, -2.221932
MH 1 Sungai Manau Hub, 106.833836, -6.22384
MH 1 Semidang Alas Maras Hub, 102.963109, -4.317509
SBS Semarang 5 DC, 110.342721, -7.016698
MH 1 Muara Kaman Hub, 116.986337, -0.389188
MH 1 Bahar Selatan Hub, 103.739447, -1.706851
Pademangan 6 Hub, 106.82471, -6.128985
Tuban DC, 111.982853, -6.825348
Lampung 2 DC, 105.334598, -5.414523
Madiun 3 DC, 111.546, -7.571611
Virtual Percut Sei Tuan DC, 98.718228, 3.516858
Virtual Kosambi 3 DC, 106.673396, -6.094646
X Koto Singkarak Hub, 100.603833, -0.725553
Wonoboyo Hub, 110.018516, -7.207282
Tanjung Priok 21 First Mile Hub, 106.831235, -6.223898
Tanjung Priok 19 First Mile Hub, 106.875385, -6.142263
Taman 3 First Mile Hub, 112.700997, -7.365812
Subang 2 Hub, 107.767685, -6.568068
Solear 2 First Mile Hub, 106.831235, -6.223898
Seteluk Hub, 116.859748, -8.631138
Pante Bidari (Beudari) 2 Hub, 97.513797, 5.082837
Panakkukang 2 Hub, 119.446622, -5.14611
Padang Tualang Hub, 106.831235, -6.223898
Nalumsari Hub, 110.791222, -6.743083
Meureubo Hub, 96.162878, 4.143367
Megang Sakti 2 Hub, 102.989228, -2.911879
Bekasi Utara 5 Hub, 106.97966, -6.209014
Bekasi Utara 5 First Mile Hub, 106.97966, -6.209014
Malangke 2 Hub, 120.384444, -2.7645
Latambaga Hub, 121.574833, -4.044222
Langsa Kota 2 Hub, 97.955306, 4.502194
Langkaplancar Hub, 108.376049, -7.513402
Kutawaringin 2 Hub, 107.522196, -7.018549
Kumun Debai Hub, 101.405805, -2.070817
Kosambi 31 First Mile Hub, 106.831235, -6.223898
Karang Tengah 3 Hub, 106.831235, -6.223898
Karang Tengah 3 First Mile Hub, 106.831235, -6.223898
Grogol Petamburan 10 First Mile Hub, 106.831235, -6.223898
Glagah First Mile Hub, 112.460391, -7.058347
Gambir 14 First Mile Hub, 106.807807, -6.162141
Ciomas 6 First Mile Hub, 106.831235, -6.223898
Cikarang Timur 2 First Mile Hub, 107.195533, -6.273405
Cibinong 2 Hub, 106.831235, -6.223898
Cakung 19 Hub, 106.831235, -6.223898
Cakung 13 Hub, 106.934875, -6.177068
Bittuang Hub, 119.675205, -2.976776
Benda 9 Hub, 106.831235, -6.223898
Bekasi Utara 6 Hub, 106.831235, -6.223898
Bekasi Utara 6 First Mile Hub, 106.831235, -6.223898
Balaraja 3 First Mile Hub, 106.444922, -6.213842
Babelan 7 Hub, 107.032067, -6.169959
Wonotunggal Hub, 109.743722, -6.958833
Woja Hub, 118.431966, -8.547033
Weleri 2 Hub, 110.087915, -6.969522
Warurejo Hub, 109.328833, -6.874333
Toba Hub, 110.101816, -0.230832
Tembarak Hub, 110.177746, -7.354863
Tembarak First Mile Hub, 110.177746, -7.354863
Telukjambe Timur 2 Hub, 107.308781, -6.332784
Tebo Ilir 2 Hub, 102.735684, -1.56377
Tebing Tinggi 2 Hub, 103.132897, -3.611942
Tapin Utara 2 Hub, 115.169694, -2.940583
Cipondoh 7 First Mile Hub, 106.831235, -6.223898
Tangerang 10 First Mile Hub, 106.831235, -6.223898
Tanah Tumbuh Hub, 101.869347, -1.438747
Tambun Selatan 5 Hub, 107.05307, -6.237476
Tambaksari 5 Hub, 112.766949, -7.24468
Tambaksari 5 First Mile Hub, 112.766949, -7.24468
Taman Pemalang 4 Hub, 109.392779, -6.920313
Babakan Madang 3 Hub, 106.852757, -6.587332
Sukabumi Bandar Lampung Hub, 105.326337, -5.425509
Srengat Hub, 112.070507, -8.071657
Srengat First Mile Hub, 112.070507, -8.071657
Seputih Mataram Hub, 105.3305, -4.835556
Semboro Hub, 113.444713, -8.192545
Salimpaung Hub, 100.5357, -0.323132
Rimbo Tengah Hub, 102.103249, -1.523778
Reban Hub, 109.89048, -7.054316
Rantau Hub, 98.067536, 4.288714
Randangan Hub, 121.813718, 0.527724
Raman Utara Hub, 105.445105, -4.983106
Rajabasa 2 Hub, 105.583861, -5.801806
Prigen Hub, 112.674266, -7.680878
Plaju 2 Hub, 104.836419, -3.038771
Peukan Baro Hub, 95.964523, 5.305076
Perhentian Raja Hub, 101.421755, 0.345429
Penjaringan 42 First Mile Hub, 106.773261, -6.141328
Pasirkuda Hub, 107.224917, -7.194306
Pasawahan Hub, 107.456028, -6.567778
Pasaribu Tobing Hub, 98.606832, 1.950041
Panyabungan Barat Hub, 99.57975, 0.77875
Panombeian Panei Hub, 99.030415, 2.921611
Panawangan Hub, 108.380626, -7.122334
Pamijahan Hub, 106.659778, -6.627357
Pamboang Hub, 118.873703, -3.430765
Pakuniran Hub, 113.507844, -7.77179
Pakal First Mile Hub, 112.60836, -7.23721
Pademangan 7 First Mile Hub, 106.831235, -6.223898
Oebobo 2 Hub, 123.643589, -10.171463
Ngaliyan 4 Hub, 110.339747, -6.99756
Muara Padang Hub, 105.087833, -2.66175
Muara Kuang Hub, 104.494182, -3.790017
Metro Pusat Hub, 105.3, -5.127972
Medan Johor 2 Hub, 98.663091, 3.539767
Makasar 3 Hub, 106.831235, -6.223898
Luyo Hub, 119.164583, -3.418361
Lhoong Hub, 95.255747, 5.244968
Lhoksukon 2 Hub, 97.350563, 4.957453
Kota Raja Hub, 123.595958, -10.176455
Kiaracondong 3 First Mile Hub, 107.646509, -6.916452
Kelapa Dua 7 Hub, 106.611936, -6.237497
Kedungtuban Hub, 111.495385, -7.166835
Kedondong Hub, 105.004056, -5.456889
Kawedanan 2 Hub, 111.41439, -7.680488
Kare Hub, 111.689601, -7.710481
Kapuas Timur Hub, 114.459542, -3.099904
Kalirejo 2 Hub, 104.96569, -5.194408
Kalideres 28 First Mile Hub, 106.705807, -6.121131
Jakabaring Hub, 104.79683, -3.03673
Ilir Timur III Hub, 106.831235, -6.223898
Bukit Kecil Hub, 104.75071, -2.985677
Ilir Barat I 4 First Mile Hub, 104.714856, -2.982078
Gunungpati 2 Hub, 110.364712, -7.074556
Gading Rejo Hub, 105.024944, -5.381111
Duren Sawit 4 Hub, 106.831235, -6.223898
Curup Utara Hub, 102.521184, -3.43867
Ciputat 5 Hub, 106.708071, -6.318022
Cimanggu 3 Hub, 106.669832, -7.250957
Cimahi Tengah 4 First Mile Hub, 107.552988, -6.902479
Cijeruk First Mile Hub, 106.798556, -6.663225
Cijati Hub, 107.011583, -7.261361
Cigalontang Hub, 108.032002, -7.351526
Cibinong First Mile Hub, 106.831235, -6.223898
Ciampel Hub, 107.362389, -6.394056
Cengkareng 39 First Mile Hub, 106.831235, -6.223898
Candi 3 First Mile Hub, 112.712757, -7.485201
Bumi Ratu Nuban Hub, 105.190037, -5.107738
Benowo 2 Hub, 112.642612, -7.248816
Belalau Hub, 104.188028, -5.006139
Batang Masumai Hub, 102.245703, -2.074142
Batang Kuis Hub, 98.827, 3.611167
Baras 3 Hub, 119.336278, -1.480444
Banyuresmi Hub, 107.923048, -7.180454
Banyuresmi First Mile Hub, 107.923048, -7.180454
Banyumas 2 Hub, 109.298229, -7.517076
Bantargadung Hub, 106.675938, -6.992279
Bantargadung First Mile Hub, 106.675938, -6.992279
Banjarwangi Hub, 107.895548, -7.414403
Bandung Kidul Hub, 107.626833, -6.954694
Balen Hub, 111.978421, -7.186899
Balen First Mile Hub, 111.978421, -7.186899
Bagelen 2 Hub, 110.019706, -7.841876
Bae Hub, 110.884829, -6.789636
Bae First Mile Hub, 110.884829, -6.789636
Bacukiki Hub, 119.6485, -4.015778
Babakan Madang 2 Hub, 106.855968, -6.559867
Asemrowo 6 First Mile Hub, 112.690779, -7.24462
Agrabinta Hub, 106.90007, -7.41739
Adi Luwih Hub, 105.00725, -5.265556
Banyumas 2 DC, 109.268047, -7.454763
Jakarta Liq Center, 106.976737, -6.196434
Virtual Palembang DC, 104.771506, -2.914532
WH Mahesa Aceh, 95.419665, 5.529318
Virtual LM Logos Hub, 106.976762, -6.198416
Zeodda - Bandung, 107.589301, -6.966072
Buleleng 3 Hub, 115.110785, -8.114032
Ulujami 2 First Mile Hub, 109.555318, -6.885696
Tana Sitolo Hub, 120.026337, -4.093147
Tambora 7 First Mile Hub, 106.831235, -6.223898
Taktakan 2 Hub, 106.129, -6.145639
Sewon 2 Hub, 110.374393, -7.854863
Sewon 2 First Mile Hub, 110.374393, -7.854863
Rumpin Hub, 106.606806, -6.416763
Ringinrejo Hub, 112.035508, -7.982828
Rawa Jitu Utara Hub, 105.635652, -4.219072
Pringapus 2 Hub, 110.468759, -7.178911
Panongan 5 Hub, 106.532306, -6.286972
Pakuan Ratu 2 Hub, 104.691206, -4.470514
Motoling Hub, 124.480134, 1.038838
Metro Selatan Hub, 105.309528, -5.163167
Larangan Kota Tangerang 3 First Mile Hub, 106.737781, -6.227521
Koto Tangah 3 Hub, 100.366263, -0.850219
Kisaran Timur Hub, 99.640259, 2.971435
Jatinegara Jakarta Timur 3 Hub, 106.884722, -6.227447
Jati Agung 2 Hub, 105.376, -5.274028
Janapria Hub, 116.383389, -8.679056
Candiroto Hub, 110.061654, -7.179287
Bulang Tengah Suku Ulu 2 Hub, 103.355972, -3.522056
Bukit Kapur 2 Hub, 101.348711, 1.486024
Bojong Gede 2 Hub, 106.831235, -6.223898
Bogor Selatan 12 First Mile Hub, 106.847188, -6.673012
Belida Darat Hub, 104.388078, -3.46194
Beji Kota Depok 2 Hub, 106.817194, -6.359861
VII Koto Ilir Hub, 102.111583, -1.158611
Ulok Kupai 2 Hub, 101.835286, -3.204308
Ukui Hub, 102.133144, -0.106421
Toboali 2 Hub, 106.47865, -2.986485
Ternate Selatan 3 Hub, 127.329039, 0.755592
Tegaldlimo Hub, 114.278222, -8.509
Selesai Hub, 98.438405, 3.608039
Pusakanagara First Mile Hub, 107.872173, -6.283541
Pondok Melati 2 Hub, 106.831235, -6.223898
Pemayung 3 Hub, 103.36208, -1.605385
Pamotan Hub, 111.486083, -6.755222
Medan Marelan 2 Hub, 98.658525, 3.703428
Lubuk Sandi Hub, 102.482841, -3.997363
Larangan 5 First Mile Hub, 106.744083, -6.235361
Kota Baru 4 Hub, 103.566259, -1.652582
Konda Hub, 122.468108, -4.10989
Kebon Jeruk 24 First Mile Hub, 106.769095, -6.18882
Kawangkoan Hub, 124.786361, 1.203889
Kalijati First Mile Hub, 107.667194, -6.516333
Jelimpo Hub, 110.009746, 0.338061
Jangkat Timur Hub, 101.968, -2.550889
Cimanggung Hub, 107.826917, -6.960583
Cibeureum 2 Hub, 108.732994, -7.053607
Ciampea Hub, 106.691712, -6.559008
Bongas First Mile Hub, 108.03238, -6.38144
Bogor Selatan 8 Hub, 106.807975, -6.640331
Asemrowo 2 First Mile Hub, 112.706509, -7.238104
Wonosobo 4 Hub, 109.918797, -7.366995
Wonosobo 2 Hub, 104.508003, -5.482213
Wera Hub, 118.922225, -8.340022
Turen Hub, 112.700976, -8.186295
Todanan Hub, 111.181417, -6.939167
Timpah 3 Hub, 114.480777, -1.681505
Tersono First Mile Hub, 109.965, -7.027944
Air Manjunto Hub, 101.165448, -2.508957
Tembilahan Hulu Hub, 103.125859, -0.343844
Telukbetung Barat Hub, 105.246052, -5.46393
Tanjung Raya Kab. Mesuji Hub, 105.349855, -3.972985
Tambora 6 First Mile Hub, 106.794915, -6.146733
Sukadiri Hub, 106.556745, -6.095416
Suhaid Hub, 112.007378, 0.611515
Suela Hub, 116.572612, -8.524776
Sreseh Hub, 113.038522, -7.211518
Sokobanah 3 Hub, 113.40475, -6.954583
Simpang Empat Banjar 2 Hub, 115.053472, -3.228083
Silo Hub, 113.865138, -8.179781
Serpong Utara 4 Hub, 106.688722, -6.294917
Serpong Utara 4 First Mile Hub, 106.688722, -6.294917
Serpong Utara 3 Hub, 106.673035, -6.236203
Serpong Utara 2 First Mile Hub, 106.669141, -6.250399
Serang Baru 3 Hub, 107.098472, -6.388859
Semen Hub, 111.979231, -7.838423
Sarang Hub, 111.657196, -6.726366
Sarang First Mile Hub, 111.657196, -6.726366
Salopa Hub, 108.277954, -7.530195
Renah Pembarap Hub, 102.0574, -2.145869
Rajagaluh Hub, 108.345805, -6.781815
Purwojati Hub, 109.114016, -7.4891
Pulau Punjung 2 Hub, 101.45575, -0.959175
Pulau Laut Tengah 2 Hub, 116.044833, -3.525917
Puger First Mile Hub, 113.471634, -8.371979
Pringgasela Hub, 116.478651, -8.582069
Poleang Timur Hub, 121.803036, -4.821853
Payakumbuh 2 Hub, 100.608289, -0.191671
Pasar Minggu 4 Hub, 106.824751, -6.288301
Parung Panjang 2 First Mile Hub, 106.568465, -6.340899
Panyileukan 6 First Mile Hub, 107.695823, -6.930932
Pakisaji First Mile Hub, 112.612996, -8.034273
Paguyaman Hub, 122.558965, 0.642601
Nglipar Hub, 110.621255, -7.872279
Ngadiluwih Hub, 112.006746, -7.901481
Nagreg First Mile Hub, 107.871242, -7.024763
Matraman 4 Hub, 106.864926, -6.206136
Marga Sekampung Hub, 105.617387, -5.406058
Mande Hub, 107.193787, -6.760719
Mandalawangi Hub, 105.987682, -6.30881
Mandah Hub, 103.506722, 0.032278
Lubuk Linggau Selatan 2 Hub, 102.946582, -3.270112
Leuwidamar Hub, 106.180479, -6.55942
Lempuing Jaya Hub, 104.912137, -3.788457
Ledo Hub, 109.613615, 1.038264
Labuhan Maringgai Hub, 105.799028, -5.439194
Kuta Utara 2 Hub, 115.158131, -8.639417
Koto Tangah 2 Hub, 100.337561, -0.860806
Koto Salak Hub, 101.779716, -1.115744
Kosambi 29 First Mile Hub, 106.690218, -6.085592
Keruak Hub, 116.463202, -8.736956
Kelapa Dua 8 Hub, 106.59781, -6.269407
Kasemen 2 Hub, 106.191389, -6.082667
Kalidoni 2 Hub, 104.77999, -2.940415
Kaduhejo Hub, 106.090455, -6.336248
Juwangi Hub, 110.762319, -7.196337
Jatisari First Mile Hub, 107.53937, -6.363824
Jatigede Hub, 108.137171, -6.936684
Jati 4 First Mile Hub, 110.799454, -6.909041
Jagoi Babang Hub, 109.889867, 1.325308
Ibun Hub, 107.762285, -7.071888
Gunungsitoli Idanoi Hub, 97.666972, 1.201611
Gubeng 4 First Mile Hub, 106.831235, -6.223898
Grogol Sukoharjo First Mile Hub, 110.807174, -7.611277
Grogol Petamburan 11 First Mile Hub, 106.778167, -6.163
Gisting Hub, 104.722889, -5.434556
Gebang 2 Hub, 98.39155, 3.926207
Gangga Hub, 116.196494, -8.316089
Galang 3 Hub, 104.12238, 0.910644
Gading Cempaka Hub, 102.304867, -3.824152
Gabuswetan Hub, 108.080488, -6.418114
Duren Sawit 5 First Mile Hub, 106.918709, -6.215487
Donorojo Hub, 110.885868, -6.471832
Dedai 2 Hub, 111.778509, 0.089019
Darul Imarah 2 Hub, 95.293133, 5.522413
Damar Hub, 108.230253, -2.798078
Ciparay 3 First Mile Hub, 107.719924, -7.037091
Cikelet Hub, 107.674128, -7.617168
Cihurip Hub, 107.857806, -7.487167
Cigudeg Hub, 106.520722, -6.594889
Cigudeg First Mile Hub, 106.520722, -6.594889
Cidahu Kab. Sukabumi Hub, 106.758944, -6.799139
Cicurug 2 First Mile Hub, 106.779952, -6.776045
Cicalengka 2 Hub, 107.850515, -6.991842
Cicalengka 2 First Mile Hub, 107.850515, -6.991842
MH 1 Tongkuno Hub, 122.519393, -5.156428
Cibeber Hub, 106.059413, -6.043654
Cibadak 2 Hub, 106.228306, -6.34866
Busungbiu Hub, 114.963053, -8.253682
Burau Hub, 120.726366, -2.587413
Bungaraya Hub, 102.035889, 0.92775
Buay Sandang Aji Hub, 104.018444, -4.539333
Brandan Barat Hub, 98.233084, 4.025972
Bram Itam Hub, 103.388533, -0.908266
Boliohuto Hub, 122.616339, 0.653302
Bogor Selatan 8 First Mile Hub, 106.807975, -6.640331
Banyuasin III Hub, 104.381502, -2.899546
Bangorejo First Mile Hub, 114.177936, -8.478641
Bangkinang Seberang Hub, 101.025775, 0.364075
Bandar Kab. Pacitan Hub, 111.256028, -7.995667
Baktiya Barat Hub, 97.359468, 5.114239
Bagan Sinembah 2 Hub, 100.475222, 1.676667
Astana Anyar 2 First Mile Hub, 107.59781, -6.92979
Arut Selatan 3 Hub, 111.64079, -2.711629
Anak Tuha Hub, 105.056695, -5.057162
Ampelgading 2 Hub, 112.856599, -8.238075
Aek Ledong Hub, 99.652554, 2.583382
Abung Timur 2 Hub, 104.935998, -4.753874
Tanta Hub, 115.392651, -2.185097
Sukajadi 2 First Mile Hub, 107.581698, -6.883275
Overflow Cikupa First Mile Hub, 106.52461, -6.228505
Tanjunganom 2 Hub, 112.021472, -7.614583
Tanjunganom 2 First Mile Hub, 112.021472, -7.614583
Suruh Hub, 110.587336, -7.364763
Suruh First Mile Hub, 110.587336, -7.364763
Sukasari Kab. Subang Hub, 107.788479, -6.290282
Sambirejo Hub, 111.081287, -7.469289
Sambirejo First Mile Hub, 111.081287, -7.469289
Garawangi Hub, 108.528222, -6.997722
Talun 2 Hub, 112.274287, -8.09045
Talun 2 First Mile Hub, 112.274287, -8.09045
Pagelaran Hub, 105.872457, -6.391667
Mengwi Badung 3 Hub, 115.178901, -8.509089
Mengwi Badung 3 First Mile Hub, 115.178901, -8.509089
Lakbok Hub, 108.695929, -7.424485
Cadangan LM 16, 112.630073, -8.005896
Klojen First Mile Hub, 112.630073, -8.005896
Kesugihan 2 Hub, 109.081833, -7.664806
Kesugihan 2 First Mile Hub, 109.081833, -7.664806
Karangwareng Hub, 108.664311, -6.87384
Cilawu Hub, 107.904891, -7.260877
Cilawu First Mile Hub, 107.904891, -7.260877
Bulukerto Hub, 111.244924, -7.792502
Woha 2 Hub, 118.698172, -8.590467
Titeue Hub, 95.927577, 5.242538
Titeue First Mile Hub, 95.927577, 5.242538
Tembalang 2 Hub, 110.469478, -7.047026
Tembalang 2 First Mile Hub, 110.469478, -7.047026
Taman Pemalang 2 Hub, 109.393339, -6.887968
Taman Pemalang 2 First Mile Hub, 109.393339, -6.887968
Sirampog Hub, 109.074278, -7.208694
Sirampog First Mile Hub, 109.074278, -7.208694
Singgahan Hub, 111.756213, -6.964613
Singgahan First Mile Hub, 111.756213, -6.964613
Sanan Kulon Hub, 112.150409, -8.080761
Sanan Kulon First Mile Hub, 112.150409, -8.080761
Pulosari Hub, 109.264723, -7.170517
Pulosari First Mile Hub, 109.264723, -7.170517
Pleret Hub, 110.38973, -7.85845
Pleret First Mile Hub, 110.38973, -7.85845
Pejawaran Hub, 109.815111, -7.259917
Pejawaran First Mile Hub, 109.815111, -7.259917
Nanggulan 2 Hub, 110.200728, -7.777226
Nanggulan 2 First Mile Hub, 110.200728, -7.777226
Losari 2 Hub, 108.818368, -6.85168
Losari 2 First Mile Hub, 108.818368, -6.85168
Kota Baru 3 Hub, 103.56973, -1.640184
Kota Baru 3 First Mile Hub, 103.56973, -1.640184
Kartasura 2 Hub, 110.744897, -7.55387
Kartasura 2 First Mile Hub, 110.744897, -7.55387
Kaliangkrik Hub, 110.109028, -7.464472
Kaliangkrik First Mile Hub, 110.109028, -7.464472
Kabandungan Hub, 106.622807, -6.800176
Kabandungan First Mile Hub, 106.622807, -6.800176
Jatilawang Hub, 109.136175, -7.538746
Jatilawang First Mile Hub, 109.136175, -7.538746
Japara Hub, 108.487709, -6.952222
Japara First Mile Hub, 108.498139, -6.909917
Geger Bitung Hub, 107.030332, -6.978305
Geger Bitung First Mile Hub, 107.030332, -6.978305
Cugenang Hub, 107.106502, -6.802253
Cugenang First Mile Hub, 107.106502, -6.802253
Ciputat 3 Hub, 106.74634, -6.304617
Ciputat 3 First Mile Hub, 106.74634, -6.304617
Cinangka Hub, 105.874167, -6.163583
Cimaragas Hub, 108.463145, -7.372844
Cihideung Hub, 108.209971, -7.326094
Cihideung First Mile Hub, 108.209971, -7.326094
Campaka Hub, 107.143337, -7.005206
Campaka First Mile Hub, 107.143337, -7.005206
Benda 7 First Mile Hub, 106.673594, -6.146953
Batumandi Hub, 115.422695, -2.383039
Banyuurip Hub, 109.976891, -7.74832
Banjarbaru Selatan Hub, 114.852334, -3.443392
Banjarbaru Selatan First Mile Hub, 114.852334, -3.443392
Banjaran Majalengka Hub, 108.3116, -6.973705
Banjaran Majalengka First Mile Hub, 108.3116, -6.973705
Balikpapan Tengah First Mile Hub, 116.848269, -1.265794
Babelan 5 First Mile Hub, 107.040421, -6.154945
Adimulyo Hub, 109.584322, -7.648976
Adimulyo First Mile Hub, 109.584322, -7.648976
SPX Express Seller unifamofficial, 106.991778, -6.094093
SPX Express Seller SOLIDSHOES, 106.751806, -6.630182
Overflow Kenjeran First Mile Hub, 112.779105, -7.22239
SPX Express Seller Eileen Grace Official Shop, 106.976002, -6.197707
Virtual Wua-Wua DC, 122.480386, -4.054892
Virtual Malang DC, 112.72127, -7.953954
Pekalongan 2 DC, 109.711813, -6.904702
Virtual Bekasi 3 DC, 106.976714, -6.196347
SPX Express Seller Watsons Indonesia Official, 106.5649, -6.208627
MH 1 Gumbasa Hub, 119.946298, -1.227618
MH 1 Pulau Laut Timur Hub, 116.215439, -3.441485
MH 2 Barabai Hub, 115.372416, -2.57663
MH 1 Sungai Gelam 5 Hub, 103.854114, -1.744842
MH 2 Muko Muko Bathin Hub, 102.045753, -1.532213
MH 1 Muko Muko Bathin Hub, 102.045753, -1.532213
MH 1 Sungai Mandau Hub, 101.674442, 0.836106
MH 1 Mandau 3 Hub, 101.244722, 1.247778
Transit Point Kosambi 2 DC, 106.674994, -6.092116
Transit Point Kosambi DC, 106.674994, -6.092297
Terara First Mile Hub, 116.413889, -8.643056
Wonosalam 2 First Mile Hub, 110.669944, -6.885699
Wewewa Barat Hub, 119.239779, -9.5106
Wates Way Ratai Hub, 105.084531, -5.611231
Wagir First Mile Hub, 112.60778, -8.020919
VII Koto Sungai Sarik Hub, 100.182083, -0.578778
V Koto Kampung Dalam Hub, 100.118444, -0.542194
Ulu Rawas Hub, 102.463431, -2.723834
Tulang Bawang Udik Hub, 105.07754, -4.606725
Tompobulu Kab. Bantaeng Hub, 120.041839, -5.457269
Timpah 2 Hub, 114.36489, -1.744815
Ternate Utara 2 Hub, 127.385352, 0.832442
Terara Hub, 116.413889, -8.643056
Tenggilis Mejoyo First Mile Hub, 112.744842, -7.325226
Teluk Dalam Asahan 2 Hub, 99.667139, 2.858253
Tegowanu First Mile Hub, 110.618811, -7.05069
Tebet 2 Hub, 106.85939, -6.230958
Tapin Tengah Hub, 115.051889, -2.892998
Tanah Abang Penukal Hub, 104.096363, -3.331064
Tampahan Hub, 99.011254, 2.297648
Tamansari 3 First Mile Hub, 108.228306, -7.372667
Taman 2 Hub, 112.685553, -7.347927
Tamalate 2 Hub, 119.437024, -5.187399
Tamalate 2 First Mile Hub, 119.437024, -5.187399
Sungai Raya Hulu Sungai Selatan Hub, 115.25939, -2.80576
Sungai Raya Hulu Sungai Selatan First Mile Hub, 115.25939, -2.80576
Sumber Jaya Hub, 104.492618, -5.001463
Sumber Baru Hub, 113.394305, -8.119301
Sumber Baru First Mile Hub, 113.394305, -8.119301
Sukahaji Hub, 108.283917, -6.816278
Sukahaji First Mile Hub, 108.283917, -6.816278
Suboh Hub, 113.731046, -7.746468
Suboh First Mile Hub, 113.731046, -7.746468
Subah Hub, 109.828639, -6.950944
Singaparna 2 Hub, 108.104262, -7.351105
Simpenan Hub, 106.592222, -7.094944
Semarang Barat Hub, 110.398778, -6.98075
Seluma Selatan Hub, 102.563516, -4.096114
Selabintana Sukabumi First Mile Hub, 106.940623, -6.889045
Selabintana Sukabumi Hub, 106.940623, -6.889045
Sekayu 2 Hub, 103.839649, -2.874031
Sanggar Hub, 118.318304, -8.389611
Sajoanging Hub, 120.277687, -3.920011
Rote Barat Hub, 122.830358, -10.882829
Renah Pamenang Hub, 102.383945, -2.170112
Rawa Pitu Hub, 105.56316, -4.3307
Rancasari 2 First Mile Hub, 107.663409, -6.944375
Rambutan Hub, 104.899756, -3.096163
Rajapolah First Mile Hub, 108.181583, -7.217528
Purwokerto Utara Hub, 109.23367, -7.407918
Purwokerto Utara First Mile Hub, 109.23367, -7.407918
Prajekan Hub, 113.975107, -7.804788
Prajekan First Mile Hub, 113.975107, -7.804788
Prabumulih Selatan Hub, 104.235334, -3.45821
Polombangkeng Selatan Hub, 119.480611, -5.453944
Plumbon Hub, 108.488694, -6.713028
Patrang 2 Hub, 113.681848, -8.154369
Pasir Belengkong Hub, 116.216913, -1.995564
Paseh 3 Hub, 107.767441, -7.042435
Parbuluan Hub, 98.408783, 2.694951
Parado Hub, 118.558167, -8.759917
Pancoran 4 First Mile Hub, 106.844778, -6.255417
Pamulang 4 First Mile Hub, 106.73902, -6.338454
Overflow Koja First Mile Hub, 106.914966, -6.130296
Overflow Tandes First Mile Hub, 112.681649, -7.251143
Overflow Penjaringan First Mile Hub, 106.722528, -6.109583
Overflow Pakuhaji First Mile Hub, 106.619001, -6.063146
Overflow Kota Tangerang First Mile Hub, 106.629452, -6.212765
Overflow Kota Depok First Mile Hub, 106.846412, -6.356954
Overflow Kebon Jeruk First Mile Hub, 106.769065, -6.188875
Overflow Kebayoran Lama First Mile Hub, 106.831235, -6.223898
Overflow Kalideres First Mile Hub, 106.708891, -6.159443
Overflow Grogol (Solo) First Mile Hub, 110.787024, -7.590948
Overflow Gempol Cirebon First Mile Hub, 108.423401, -6.674652
Overflow Dayeuhkolot First Mile Hub, 107.617777, -6.965687
Overflow Cimahi Tengah First Mile Hub, 107.553194, -6.90275
Overflow Cibitung First Mile Hub, 107.126887, -6.267674
Overflow Cengkareng First Mile Hub, 106.756651, -6.155675
Overflow Buah Batu First Mile Hub, 107.618688, -6.965562
Overflow Bogor Selatan First Mile Hub, 106.799148, -6.611148
Nogosari Hub, 110.75375, -7.447806
Nisam Antara Hub, 96.955024, 5.191255
Nagrak Sukabumi First Mile Hub, 106.802287, -6.883386
Muara Sabak Timur 2 Hub, 103.982314, -1.101548
Muara Dua 2 Hub, 103.767408, -4.408074
Megamendung Hub, 106.895639, -6.649972
Megamendung 2 First Mile Hub, 106.896278, -6.650806
Masaran Hub, 110.92202, -7.487309
Masaran First Mile Hub, 110.921441, -7.487887
Margo Tabir Hub, 102.343444, -1.885222
Marbau Hub, 99.843878, 2.271397
Mantikulore 2 Hub, 119.924551, -0.910356
Manggis Hub, 115.496584, -8.528861
Mamajang 2 Hub, 119.423222, -5.157528
Malangbong 2 Hub, 108.054609, -7.055754
Majalengka 3 Hub, 108.201912, -6.827258
Lubuk Tarok Hub, 100.99362, -0.739943
Luas Hub, 103.293089, -4.710552
Loa Janan Ilir 2 Hub, 117.136689, -0.526058
Likupang Timur Hub, 125.064068, 1.657888
Liang Anggang Hub, 114.733315, -3.43226
Liang Anggang First Mile Hub, 114.733315, -3.43226
Lembursitu First Mile Hub, 106.892235, -6.959357
Lembo Hub, 121.293015, -2.127166
Leles Hub, 107.899786, -7.112145
Lasem First Mile Hub, 111.448968, -6.708732
Lakarsantri 2 Hub, 112.64082, -7.305656
Lakarsantri 2 First Mile Hub, 112.64082, -7.305656
Labuapi Hub, 116.122015, -8.627841
Kuranji 2 First Mile Hub, 100.398022, -0.92846
Kunir First Mile Hub, 113.175534, -8.207848
Kuala Ledong (Kualuh Leidong) 2 Hub, 99.946507, 2.716208
Kretek Hub, 110.025504, -7.346591
Kramat Jati First Mile Hub, 106.879732, -6.303421
Kertak Hanyar Hub, 114.638755, -3.364159
Kertak Hanyar First Mile Hub, 114.638755, -3.364159
Keritang 4 Hub, 102.880222, -0.748361
Kepil Hub, 110.004583, -7.510778
Kemayoran 3 Hub, 106.850098, -6.166516
Kelapa Gading 4 Hub, 106.911212, -6.181275
Kedung Hub, 110.667987, -6.656981
Kota Kediri 2 First Mile Hub, 112.022236, -7.813157
Kedaton 2 Hub, 105.257595, -5.359178
Karangrejo Hub, 111.888345, -8.023225
Karang Tengah Kab. Demak Hub, 110.56284, -6.904302
Karang Tengah Kab. Demak First Mile Hub, 110.56284, -6.904302
Karang Jaya Hub, 102.774423, -2.884885
Kampar Kiri Tengah 2 Hub, 101.270241, 0.225511
Kalideres 31 First Mile Hub, 106.689551, -6.132348
Kalideres 29 First Mile Hub, 106.692257, -6.129948
Kadipaten Hub, 108.145667, -7.127056
Jatiasih 9 Hub, 106.955, -6.309399
Idi Timur Hub, 97.803148, 4.914255
Gunung Bintang Awai Hub, 115.064944, -1.536222
Grabag Magelang First Mile Hub, 110.31348, -7.370089
Garut 2 Hub, 107.891789, -7.216239
Garut 2 First Mile Hub, 107.891789, -7.216239
Gamping 3 Hub, 110.290407, -7.80748
Gamping 3 First Mile Hub, 110.290407, -7.80748
Binangun Kab. Cilacap First Mile Hub, 109.312942, -7.694645
Cisarua Kab. Bandung Barat Hub, 107.560445, -6.806971
Cisarua Kab. Bandung Barat First Mile Hub, 107.560445, -6.806971
Cipedes First Mile Hub, 108.225667, -7.319333
Ciomas 5 Hub, 106.770528, -6.604
Cineam Hub, 108.355673, -7.392333
Cineam First Mile Hub, 108.355673, -7.392333
Cimanggu 2 Hub, 108.842185, -7.356126
Cimanggu 2 First Mile Hub, 108.842185, -7.356126
Cimahi Utara 2 Hub, 107.543532, -6.862975
Cikidang First Mile Hub, 106.683633, -6.868324
Cikarang Utara 3 Hub, 107.14672, -6.269583
Cikarang Barat 3 First Mile Hub, 107.132651, -6.266398
Cihara Hub, 106.091028, -6.867194
Cidaun 2 Hub, 107.338528, -7.449306
Cidaun 2 First Mile Hub, 107.338528, -7.449306
Cibinong Cianjur 2 Hub, 107.124417, -7.294389
Cibatu 2 Hub, 107.521488, -6.494366
Cengkareng 38 First Mile Hub, 106.724331, -6.178579
Buduran 2 Hub, 112.720605, -7.437416
Brebes 2 Hub, 109.038444, -6.920111
Bonang First Mile Hub, 110.599706, -6.834569
Bojongsoang 2 First Mile Hub, 107.673776, -6.976778
Bogor Barat 4 Hub, 106.831235, -6.223898
Bengkalis 4 Hub, 102.32035, 1.438903
Belitang III Hub, 104.720046, -4.13297
Beduai (Beduwai) Hub, 110.391505, 0.705832
Baturiti 5 Hub, 115.186895, -8.333298
Batik Nau Hub, 101.974457, -3.481502
Banuhampu 2 Hub, 100.36, -0.340917
Banuhampu 2 First Mile Hub, 100.36, -0.340917
Balongbendo 2 First Mile Hub, 112.545487, -7.418882
Arjawinangun 3 First Mile Hub, 108.416471, -6.661863
HAMMERINDO - Cileungsi, 106.97698, -6.367334
HAMMERINDO - Kosambi, 106.684287, -6.097364
SPX Express Seller Pinmood, 98.688168, 3.552058
SPX Express Seller Z a n o O hijab, 107.823397, -7.004624
SPX Express Seller triguna jaya sentosa trifinity, 106.593479, -6.171777
SPX Express Seller VitaminDiskon Official Shop, 106.764398, -6.144408
SPX Express Seller Grosir Perabot RT, 106.934797, -6.110871
SPX Express Seller Sinar Abadi Sanjaya, 112.638874, -7.204743
SPX Express Seller SF.Hijab official, 107.84849, -6.991562
SPX Express Seller Pusat Mukena Hijab Tasikmalaya, 108.133064, -7.345496
SPX Express Seller copitte.shop, 106.621699, -6.071157
SPX Express Seller jtkids, 106.783529, -6.151451
SPX Express Seller iren grosir, 108.386732, -6.595416
SPX Express Seller Bunga.Redhin, 107.691298, -6.90169
SPX Express Seller goodbaby indonesia, 106.652156, -6.16015
SPX Express Seller kakhaofficial, 106.824039, -6.327176
SPX Express Seller MATIC KING MOTOR Official Store, 106.607327, -6.200476
SPX Express Seller Unicharm Official Shop, 106.674625, -6.094842
SPX Express Seller Panglima Onderdil, 107.578957, -6.955904
SPX Express Seller Purbasari Official Store, 106.774953, -6.263965
SPX Express Seller unicharmauthorizedjawatengah, 110.382124, -6.997066
SPX Express Seller MyOrganik Official Store, 106.743424, -6.37381
SPX Express Seller CQCTOKO, 106.732361, -6.140417
SPX Express Seller Kamifa Official Store, 107.529753, -7.029754
SPX Express Seller BENUAACELL1, 106.914483, -6.302211
SPX Express Seller Octarine Official Store, 106.756609, -6.645197
SPX Express Seller REALMEN, 106.831235, -6.223898
SPX Express Seller CLASS FANTASSTIX, 108.401954, -6.642535
SPX Express Seller Hanyou, 106.836087, -6.43945
SPX Express Seller Madame Gie Official Shop, 106.78657, -6.1847
SPX Express Seller TnT Beauty Shop - Bekasi, 106.971748, -6.207879
SPX Express Seller tokolobo, 106.774805, -6.153409
SPX Express Seller Animate Official Shop, 106.657888, -6.375488
SPX Express Seller Brighty Official Shop, 106.979884, -6.308001
DM Tasikmalaya DC, 108.188431, -7.290029
DM Sulawesi DC, 124.914579, 1.475378
DM Mantikulore DC, 119.88438, -0.81017
DM Kalimantan DC, 109.958411, -1.794426
DM Palangka Raya DC, 113.947093, -2.275679
DM Balikpapan DC, 116.934534, -1.24963
DM Jambi DC, 103.624539, -1.685195
DM Prabumulih DC, 104.272205, -3.387572
DM Lubuk Linggau DC, 102.924339, -3.273268
DM Bengkulu DC, 102.327808, -3.843779
DM Sumbagsel DC, 106.142636, -2.103778
DM Dumai DC, 101.398162, 1.593366
DM Padang DC, 100.397331, -0.974582
DM Sumbagut DC, 104.033294, 1.108736
DM Siborong-Borong DC, 98.964521, 2.118729
DM Aceh DC, 95.270377, 5.525917
Malang 2 DC, 112.723976, -7.953722
Purbalingga DC, 109.350654, -7.377063
Cirebon 2 DC, 108.558492, -6.741148
Semarang 4 DC, 110.33997, -6.98358
Rancaekek 2 DC, 107.794974, -6.964108
Shopee Food - Cilandak, 106.814284, -6.304365
Shopee Food - Pramuka, 107.000645, -6.239761
Shopee Food - Cikokol, 106.630968, -6.19386
Shopee Food - Bogor, 106.796562, -6.573209
Shopee Food - Leuwinutug, 106.863564, -6.513299
Otani Paper - Tanjung Priok, 106.8114, -6.140813
Otani Paper - Jatiwulung, 106.5695, -6.200628
4PL SAPX Express, 113.486047, -7.152237
MH 2 Sungai Melayu Rayak Hub, 110.310548, -1.819402
MH 1 Bunta Hub, 122.14156, -0.929938
MH 2 Tayan Hilir Hub, 110.040027, 0.02936
MH 1 Pemahan Hub, 110.537506, -1.682909
MH 1 Teupah Barat Hub, 96.092471, 2.660739
Wonoayu 2 First Mile Hub, 112.64384, -7.432824
Widodaren First Mile Hub, 111.223525, -7.401537
Wanaraja First Mile Hub, 107.976722, -7.18225
Talang 2 First Mile Hub, 109.148637, -6.897634
Sobo First Mile Hub, 114.360223, -8.23658
Siantan 3 Hub, 106.228083, 3.223056
Salawu First Mile Hub, 108.032676, -7.37558
Percut Sei Tuan 3 Hub, 98.739545, 3.606057
Pedurungan 8 First Mile Hub, 110.489091, -7.026173
Patimuan Hub, 108.771744, -7.568726
Patimuan First Mile Hub, 108.771744, -7.568726
Panji First Mile Hub, 114.034304, -7.68727
Panai Hilir Hub, 100.14448, 2.568126
Pamulang 2 First Mile Hub, 106.753333, -6.351555
Omben Hub, 113.319902, -7.118034
Ngaliyan 2 First Mile Hub, 110.337904, -7.00805
Mrebet First Mile Hub, 109.357561, -7.323239
Melaya Hub, 114.516327, -8.302279
Lowokwaru 2 First Mile Hub, 112.627726, -7.929371
Lengkong Kota Bandung Hub, 107.618863, -6.925185
Lawang Kidul Hub, 103.7955, -3.789117
Kedung Banteng Hub, 109.218644, -7.395985
Kedung Banteng First Mile Hub, 109.218644, -7.395985
Kasimbar Hub, 120.034554, -0.103691
Karang Tengah 2 First Mile Hub, 106.708209, -6.218566
Gemarang Hub, 111.74255, -7.601385
Gambiran First Mile Hub, 114.161007, -8.399428
Ciemas 3 Hub, 106.515388, -7.237974
Cibungbulang 2 First Mile Hub, 106.647642, -6.574605
Cibinong Bogor 7 First Mile Hub, 106.841881, -6.506381
Candi 2 Hub, 112.712722, -7.486194
Candi 2 First Mile Hub, 112.712722, -7.486194
Cakung 12 Hub, 106.91003, -6.198267
Cakung 12 First Mile Hub, 106.91003, -6.198267
Asemrowo 5 First Mile Hub, 112.702812, -7.254344
Sumobito First Mile Hub, 112.343306, -7.529361
Sumberasih First Mile Hub, 113.162842, -7.749109
Panekan First Mile Hub, 111.299972, -7.631
Ngaglik 3 First Mile Hub, 110.382712, -7.731124
Marga Tiga First Mile Hub, 105.543397, -5.186677
Lahat 3 First Mile Hub, 103.568452, -3.76398
Karanglewas First Mile Hub, 109.189194, -7.4175
Gumelar 2 First Mile Hub, 108.98238, -7.388557
Bangun Purba Kab. Deli Serdang First Mile Hub, 98.838658, 3.404356
Teluk Sebong Hub, 104.355096, 1.106376
Raba Hub, 118.766407, -8.471466
Tigaraksa 4 Hub, 106.472851, -6.294004
Pekalongan Barat 2 Hub, 109.668163, -6.898986
Cengkareng 13 Hub, 106.764445, -6.144439
Talang Kelapa 2 Hub, 104.622917, -2.915025
Kuranji 2 Hub, 100.398022, -0.92846
Bulakamba 2 Hub, 108.992139, -6.874553
Binangun Kab. Cilacap Hub, 109.312942, -7.694875
Watumalang Hub, 109.858283, -7.325008
Gedangan Malang 2 Hub, 112.658471, -8.302186
Plemahan Hub, 112.147249, -7.671639
Lengkiti Hub, 104.091316, -4.324528
Talang 2 Hub, 109.148637, -6.897634
Muara Pinang Hub, 103.035959, -3.836917
Tepus Hub, 110.63968, -8.130226
Sukosari Hub, 113.966083, -7.946194
Silih Nara 2 Hub, 96.706696, 4.629192
Duo Koto (II Koto) Hub, 99.93847, 0.35411
Putussibau Selatan Hub, 112.922917, 0.845417
Lingga Utara Hub, 104.585257, -0.050703
Galing 2 Hub, 109.325667, 1.478056
Bumi Raya Hub, 121.740056, -2.225722
Bengalon 2 Hub, 117.298452, 0.690963
Junrejo Hub, 112.577585, -7.90653
Semidang Alas Hub, 102.800783, -4.244465
Payung Hub, 106.143464, -2.588944
Langgudu Utara Selatan Hub, 118.799436, -8.701798
Seruyan Hilir Timur Hub, 112.580922, -3.367004
Aek Kuo Hub, 99.81986, 2.312541
Jambi 3 Hub, 103.655805, -1.633357
Jatiuwung 2 Hub, 106.554877, -6.197059
Pamulang Hub, 106.736496, -6.320673
Medan Satria 2 Hub, 106.987946, -6.231461
Tanjung Riau Hub, 106.831235, -6.223898
Purwonegoro Hub, 109.598187, -7.411055
Gambiran Hub, 114.161007, -8.399428
Mantingan Hub, 111.183806, -7.370611
Kateman 2 Hub, 103.605342, 0.312445
Mustika Jaya 2 Hub, 107.01411, -6.279569
Cibitung 3 Hub, 107.086295, -6.257283
Wanaraja Hub, 107.976722, -7.18225
Cikeusal Hub, 106.206278, -6.209167
Grabag Magelang Hub, 110.31348, -7.370089
Pesanggrahan 3 Hub, 106.752222, -6.23675
Mrebet Hub, 109.357561, -7.323239
Sukaresmi Kab. Cianjur Hub, 107.084079, -6.733003
Wonosalam 2 Hub, 110.669944, -6.885699
Salawu Hub, 108.032676, -7.37558
Tanralili Hub, 119.600045, -5.107816
Umbu Ratu Nggay Barat Hub, 119.603194, -9.605361
Susukan Kab. Banjarnegara Hub, 109.471206, -7.450879
Pusakanagara Hub, 107.872173, -6.283541
Pammana Hub, 120.041325, -4.182361
Manis Mata 2 Hub, 110.932056, -2.365444
Kandis 2 Hub, 101.380272, 0.921853
Kahayan Tengah Hub, 113.957528, -1.817583
Gandus 3 Hub, 104.666694, -2.994056
Tejakula Hub, 115.363212, -8.134595
Galang 2 Hub, 120.802806, 1.090827
Baamang 3 Hub, 112.965611, -2.494917
Wonoayu 2 Hub, 112.643965, -7.432675
Sibolangit Hub, 98.545047, 3.265386
Toili 2 Hub, 122.373083, -1.419563
Jongkat Hub, 109.214917, 0.055056
Talang Empat Hub, 102.356503, -3.791704
Marang Kayu Hub, 117.431944, -0.1195
Nambo Hub, 122.743651, -1.069117
Cakung 14 Hub, 106.904848, -6.201587
Lahat 3 Hub, 103.568452, -3.76398
Panekan Hub, 111.299972, -7.631
Sukatani 2 Hub, 107.408225, -6.613348
Cicurug 2 Hub, 106.779952, -6.776045
Gumelar 2 Hub, 108.98238, -7.388557
Marga Tiga Hub, 105.543397, -5.186677
Cina Hub, 120.291133, -4.679831
Tanete Riattang Timur Hub, 120.337056, -4.568528
Pakong Hub, 113.567472, -7.044038
Banjarbaru Utara 2 Hub, 114.847868, -3.433245
Pedurungan 8 Hub, 110.489091, -7.026173
Bandar Baru Hub, 96.08763, 5.259092
Maro Sebo Hub, 103.633007, -1.487726
Cempaga Hulu 2 Hub, 113.084361, -1.965282
Wagir Hub, 112.60778, -8.020919
Palipi Hub, 98.829036, 2.465291
Bangun Purba Kab. Deli Serdang Hub, 98.838658, 3.404356
Ngambur Hub, 104.113412, -5.439883
Tugumulyo Hub, 102.972944, -3.179222
Kawalu DC, 108.2158, -7.362257
MH 1 Madidir Hub, 125.19855, 1.449365
MH 1 Sekadau Hilir 3 Hub, 110.889861, 0.020898
MH 1 Langowan Utara Hub, 124.79061, 1.199018
DM Mataram DC, 116.125107, -8.632521
DM Pontianak DC, 109.385609, -0.058303
DM Medan DC, 98.762442, 3.526575
DM Pekanbaru DC, 101.406923, 0.594743
DM Lampung DC, 105.301766, -5.416155
DM Palembang DC, 104.769621, -2.916695
DM Denpasar DC, 115.298586, -8.623112
Baturaja Timur 2 First Mile Hub, 104.179022, -4.140356
Ilir Timur III First Mile Hub, 104.735977, -2.956078
Telukbetung Selatan First Mile Hub, 105.309245, -5.445832
Tunjungan First Mile Hub, 111.369124, -6.966512
Gedong Tataan 2 Hub, 105.204614, -5.38798
Jagakarsa 2 Hub, 106.832293, -6.321003
Baturaja Timur 2 Hub, 104.179022, -4.140356
Wara Utara Hub, 120.199139, -2.986515
2 X 11 Enam Lingkung Hub, 100.2765, -0.565194
Puger Hub, 113.471634, -8.371979
Tunjungan Hub, 111.369124, -6.966512
Virtual Cinambo DC, 107.693737, -6.932646
Virtual Pekalongan DC, 109.640612, -6.890203
MH 3 Mepanga Hub, 120.722722, 0.535778
MH 2 Weda Tengah Hub, 127.904664, 0.47693
MH 2 Sipoholon Hub, 98.96075, 2.111
MH 2 Maliku Hub, 114.12504, -2.971439
MH 2 Cisurupan Hub, 107.793587, -7.313586
MH 1 Weda Tengah Hub, 127.904664, 0.47693
MH 1 Ulok Kupai Hub, 101.825306, -3.202444
MH 1 Tukak Sadai Hub, 106.688184, -3.021688
MH 1 Toho Hub, 109.205699, 0.399613
MH 1 Tebo Ulu Hub, 102.247139, -1.247128
MH 1 Tebo Tengah Hub, 102.423304, -1.463258
MH 1 Tanjung Kemuning Hub, 103.184, -4.607278
MH 1 Sungai Sembilan Hub, 101.3356, 1.778859
MH 1 Sipoholon Hub, 98.96075, 2.111
MH 1 Salak Hub, 98.324502, 2.55237
MH 1 Pangkalan Lada Hub, 111.776073, -2.506322
MH 1 Pamona Puselemba Hub, 120.633167, -1.762056
MH 1 Jaya Baru Hub, 95.29734, 5.196244
MH 1 Cisurupan Hub, 107.793587, -7.313586
MH 1 Airmadidi Hub, 124.98336, 1.424057
Dumai DC, 101.398162, 1.593366
SPX Express Seller lola.market, 106.709295, -6.136121
SPX Express Seller tempostore, 106.872231, -6.245256
SPX Express Seller Guardian Official Shop, 107.092811, -6.277131
MH 3 Kabuh Hub, 112.708032, -7.23985
MH 2 Kabuh Hub, 112.215846, -7.401032
MH 1 Kabuh Hub, 112.309336, -7.431632
Tengah Ilir Hub, 102.663277, -1.468584
Telukbetung Selatan Hub, 105.309245, -5.445832
Tellu Limpoe Hub, 119.812333, -3.997694
Tarumajaya 2 Hub, 106.990731, -6.15324
Tanjung Karang Barat 2 Hub, 105.24279, -5.391212
Tanah Abang 7 Hub, 106.805345, -6.174534
Sumay Hub, 102.418686, -1.380317
Sukaraja Tasikmalaya First Mile Hub, 108.195306, -7.465728
Sukaraja 3 Hub, 106.808938, -6.530246
Sibabangun Hub, 98.946611, 1.515944
Semende Darat Ulu Hub, 103.564514, -4.181856
Sei Binge (Bingai) Hub, 98.475231, 3.520344
Rancabali Hub, 107.421917, -7.125333
Rancabali First Mile Hub, 107.421917, -7.125333
Proppo Hub, 113.438375, -7.136602
Pragaan Hub, 113.653417, -7.112667
Pondok Aren 5 First Mile Hub, 106.685333, -6.261806
Peusangan Hub, 96.77625, 5.198958
Petarukan Hub, 109.460815, -6.895641
Petarukan First Mile Hub, 109.460815, -6.895641
Penjaringan 27 Hub, 106.78697, -6.127848
Pecangaan 5 Hub, 110.709722, -6.678722
Pakis Malang First Mile Hub, 112.706268, -7.954649
Pagar Dewa Hub, 104.365194, -4.961361
Padang Cermin 2 Hub, 100.883267, -1.24947
Nyalindung Hub, 106.953601, -7.018462
Ngasem 3 Hub, 112.054004, -7.826855
Ngasem 3 First Mile Hub, 112.054004, -7.826855
Muara Dua Kota Lhokseumawe Hub, 97.132889, 5.170472
Muara Dua Kota Lhokseumawe First Mile Hub, 97.132889, 5.170472
Medan Denai First Mile Hub, 98.710802, 3.568346
Margoyoso 2 Hub, 111.052313, -6.596263
Margoyoso 2 First Mile Hub, 111.052313, -6.596263
Margaasih 5 First Mile Hub, 107.553889, -6.948833
Lais Kab. Musi Banyuasin 2 Hub, 104.108222, -2.865889
Kubu Karangasem Hub, 115.543071, -8.226469
Kronjo Hub, 106.420397, -6.079447
Kertasemaya Hub, 108.352819, -6.532086
Kertasemaya First Mile Hub, 108.352819, -6.532086
Kertapati First Mile Hub, 104.740309, -3.049392
Kersamanah Hub, 108.009984, -7.055749
Kenjeran 5 Hub, 112.769833, -7.232944
Kenjeran 5 First Mile Hub, 112.769833, -7.232944
Kemlagi Hub, 112.404694, -7.40025
Kemlagi First Mile Hub, 112.404694, -7.40025
Karanglewas Hub, 109.189194, -7.4175
Kalinyamatan 2 First Mile Hub, 110.735341, -6.719752
Kalijati Hub, 107.667194, -6.516333
Kedungwuni 4 Hub, 109.6392, -6.9522
Ilir Timur II First Mile Hub, 104.787693, -2.968146
Grogol Sukoharjo Hub, 110.807174, -7.611277
Gondokusuman Hub, 110.378972, -7.793889
Gondokusuman First Mile Hub, 110.378972, -7.793889
Gajah Mungkur Hub, 110.414315, -7.030167
Gajah Mungkur First Mile Hub, 110.414315, -7.030167
Dlingo Hub, 110.468744, -7.925118
Dlingo First Mile Hub, 110.468744, -7.925118
Cimahi Selatan Hub, 107.540096, -6.902959
Cileungsi 3 Hub, 107.025218, -6.416966
Cikarang Timur First Mile Hub, 107.192472, -6.303833
Cikalong Hub, 108.18309, -7.74499
Cijaku Hub, 106.05392, -6.707469
Cibungbulang First Mile Hub, 106.645669, -6.575278
Cibinong Bogor 7 Hub, 106.841881, -6.506381
Cibalong Hub, 108.181886, -7.514459
Cengkareng 15 Hub, 106.739417, -6.153219
Cengkareng 36 Hub, 106.7665, -6.147528
Candipuro Lampung Hub, 105.573806, -5.53825
Bumi Agung Hub, 104.453917, -4.329139
Bongas Hub, 108.03238, -6.38144
Bogor Tengah First Mile Hub, 106.787954, -6.584515
Batang Toru 3 Hub, 99.032833, 1.486694
Batang Batang Hub, 114.005485, -6.950514
Balikpapan Timur 2 Hub, 116.947639, -1.239694
Babelan 6 First Mile Hub, 107.045694, -6.165444
Astambul First Mile Hub, 114.940358, -3.352503
Asemrowo 3 Hub, 112.708032, -7.23985
SPX Express Seller chiniago, 106.760868, -6.130831
SPX Express Seller benuaacell, 106.772273, -6.134882
SPX Express Seller cottonstuffy, 106.830234, -6.22592
SPX Express Seller poliniofficialshop, 106.802637, -6.149354
SPX Express Seller leisurera, 106.976218, -6.307185
SPX Express Seller lynzzbutik, 106.832231, -6.483767
SPX Express Seller watchbrands, 106.847043, -6.271461
SPX Express Seller ibuunderwearshop, 106.831235, -6.223898
SPX Express Seller coco_market, 106.887713, -6.143532
SPX Express Seller kuke_store, 106.710734, -6.103929
SPX Express Seller indoberkah88, 106.708175, -6.120089
SPX Express Seller storyofmu, 106.724368, -6.170086
SPX Express Seller lbagstore, 106.83613, -6.439535
SPX Express Seller u.needtools, 106.680682, -6.080789
SPX Express Seller clodistore, 106.829772, -6.419123
SPX Express Seller mlendiary.official.id, 106.497597, -6.269385
SPX Express Seller whitelab, 106.819919, -6.126724
SPX Express Seller najmiabeautyofficial, 110.48392, -7.006557
Cileungsi DC, 106.98, -6.367635
SPX Express Seller palamela.id, 106.614702, -6.073813
MH 2 Lolak Hub, 124.134175, 0.925833
MH 1 Lolak Hub, 123.835542, 0.830685
DM Banjarmasin DC, 114.677221, -3.447581
DM Makassar DC, 119.511818, -5.071999
DM Semarang DC, 110.345664, -7.016873
DM Surabaya DC, 112.660153, -7.222492
DM Bandung DC, 107.536719, -6.909678
Prabumulih DC, 104.272205, -3.387572
MH 2 Bokat Hub, 121.561342, 1.061143
MH 1 Bokat Hub, 121.561342, 1.061143
Wongsorejo Kab.Situbondo First Mile Hub, 114.399106, -7.984745
Barat 2 First Mile Hub, 111.472838, -7.566863
Wongsorejo Kab.Situbondo Hub, 114.399106, -7.984745
Tempurejo Hub, 113.664313, -8.358938
Keritang 2 Hub, 102.663139, -0.702917
Indra Makmur Hub, 97.593037, 4.922561
Barat 2 Hub, 111.472838, -7.566863
SPX Express Seller TAG, 106.734046, -6.121467
Ulakan Tapakih Tapakis Hub, 100.200028, -0.69175
Teluknaga 8 First Mile Hub, 106.64465, -6.092645
Rancah Hub, 108.494445, -7.201837
Purworejo Kota Pasuruan First Mile Hub, 112.911643, -7.632208
Kubu Raya 2 Hub, 109.18193, -0.376312
Kembang Jepara Hub, 110.794676, -6.509217
Kelapa Dua 6 First Mile Hub, 106.598639, -6.2715
Kedunggalar Hub, 111.316694, -7.413528
MH 1 Wanaraya Hub, 114.636257, -2.807866
Kasihan 2 First Mile Hub, 110.350112, -7.781557
Jaya Baru First Mile Hub, 95.302351, 5.533128
Grogol Petamburan 4 Hub, 106.77924, -6.14426
Grogol Petamburan 4 First Mile Hub, 106.77924, -6.14426
Dempo Tengah Hub, 103.280986, -4.050541
Cilacap Utara 2 Hub, 109.045333, -7.685139
Cilacap Utara 2 First Mile Hub, 109.045333, -7.685139
Cibadak 3 Hub, 106.802306, -6.884278
Bangko Rokan Hilir 2 Hub, 100.820556, 2.121417
Ampibabo Hub, 120.064262, -0.462574
SPX Express Seller bao.bao.store, 106.5803, -6.141208
MH 1 Batu Ampar 2 Hub, 109.533435, -0.753907
MH 1 Tewah Hub, 113.719779, -1.044107
Virtual Surabaya 2 DC, 112.609569, -7.115934
Overflow Kemang Bogor First Mile Hub, 106.761359, -6.531536
Cinambo RDC, 107.694505, -6.932576
Maron Hub, 113.361771, -7.860641
Maron First Mile Hub, 113.361771, -7.860641
Dempo Utara Hub, 103.176119, -4.077023
Pakuhaji 11 First Mile Hub, 106.62468, -6.063244
Cilincing 2 First Mile Hub, 106.95665, -6.122536
Cileungsi 3 First Mile Hub, 107.025218, -6.416966
Grobogan First Mile Hub, 110.920675, -7.031598
Wringin First Mile Hub, 113.757907, -7.81722
Tenayan Raya First Mile Hub, 101.51568, 0.492004
Telukbetung Utara First Mile Hub, 105.274281, -5.436466
Tarub First Mile Hub, 109.188015, -6.912957
Taraju First Mile Hub, 108.00929, -7.452489
Tanjung Senang First Mile Hub, 105.293138, -5.349335
Tampan Pekanbaru 2 First Mile Hub, 101.402799, 0.454571
Tambun Utara First Mile Hub, 107.040611, -6.210503
Tambang First Mile Hub, 101.294401, 0.425328
Sukolilo 2 First Mile Hub, 110.937754, -6.925403
Sukarame First Mile Hub, 105.305167, -5.389167
Singaparna 2 First Mile Hub, 108.104262, -7.351105
Sematang Borang First Mile Hub, 104.847466, -2.942839
Seberang Ulu I First Mile Hub, 104.772863, -3.013662
Rumbai First Mile Hub, 101.447917, 0.56021
Rajabasa First Mile Hub, 105.241596, -5.355596
Pondok Aren First Mile Hub, 106.709691, -6.270247
Plaosan First Mile Hub, 111.264288, -7.666296
Plaju First Mile Hub, 104.805222, -3.023972
Percut Sei Tuan First Mile Hub, 98.761448, 3.607085
Metro Utara First Mile Hub, 105.299904, -5.128201
Medan Tuntungan First Mile Hub, 98.635179, 3.523498
Medan Selayang 2 First Mile Hub, 98.633194, 3.555391
Medan Labuhan First Mile Hub, 98.707897, 3.688796
Medan Deli First Mile Hub, 98.669451, 3.65242
Medan Barat First Mile Hub, 98.672874, 3.606793
Medan Area 2 First Mile Hub, 98.685858, 3.580279
Mauk First Mile Hub, 106.522286, -6.058663
Majalaya First Mile Hub, 107.755372, -7.038647
Lima Puluh First Mile Hub, 101.452235, 0.537786
Kuta Alam First Mile Hub, 95.320065, 5.56853
Krembung First Mile Hub, 112.607571, -7.485545
Kemuning First Mile Hub, 104.75407, -2.955357
Kemiling First Mile Hub, 105.204456, -5.388085
Kedung Waringin First Mile Hub, 107.226378, -6.265786
Kedamaian First Mile Hub, 105.281225, -5.410768
Karanganyar 2 First Mile Hub, 110.792124, -7.553277
Karang Bahagia First Mile Hub, 107.159444, -6.231314
Jatiasih 2 First Mile Hub, 106.93833, -6.352324
Jaten First Mile Hub, 110.908799, -7.579416
Jambe First Mile Hub, 106.479601, -6.306388
Ilir Timur I First Mile Hub, 104.735977, -2.956078
Ciputat Timur First Mile Hub, 106.747761, -6.295922
Cilincing First Mile Hub, 106.92508, -6.129068
Cikampek 2 First Mile Hub, 107.455609, -6.408639
Cicurug First Mile Hub, 106.778099, -6.797022
Cempaka Putih First Mile Hub, 106.859249, -6.193758
Bumi Waras First Mile Hub, 105.283148, -5.440483
Bukit Raya First Mile Hub, 101.462211, 0.502137
Banyumanik First Mile Hub, 110.411996, -7.065191
Abiansemal First Mile Hub, 115.2108, -8.541349
Medan Satria 4 First Mile Hub, 106.977806, -6.190694
Klambu First Mile Hub, 110.838775, -7.012915
Jatipuro First Mile Hub, 111.012593, -7.746032
Sungai Kunjang 2 First Mile Hub, 117.12691, -0.494981
Baleendah 4 First Mile Hub, 107.630889, -6.996722
Tenayan Raya 2 First Mile Hub, 101.4835, 0.495306
Temayang 2 First Mile Hub, 111.910619, -7.332974
Puspo First Mile Hub, 112.863472, -7.806972
Purwasari 2 First Mile Hub, 107.396417, -6.383472
Pasongsongan First Mile Hub, 113.663167, -6.887028
Pamulihan First Mile Hub, 107.828217, -6.907358
Laweyan Kota Surakarta First Mile Hub, 110.815961, -7.570681
Kebayoran Lama 4 First Mile Hub, 106.77775, -6.253222
Babakan Madang 2 First Mile Hub, 106.855968, -6.559867
Banguntapan 2 First Mile Hub, 110.396113, -7.85599
Tanjung Priok 9 First Mile Hub, 106.857318, -6.148163
Simpang Empat Kab. Karo First Mile Hub, 98.462023, 3.141437
Paron First Mile Hub, 111.385565, -7.442308
Paliyan First Mile Hub, 110.518056, -8.042056
Mijen Demak First Mile Hub, 110.718237, -6.847388
Makarti Jaya First Mile Hub, 104.974944, -2.479634
Jatinegara Kab. Tegal First Mile Hub, 109.232216, -7.055807
Ciputat 4 First Mile Hub, 106.7496, -6.340343
Wiradesa 2 First Mile Hub, 109.608611, -6.892306
Takokak First Mile Hub, 107.002951, -7.055141
Rawalumbu 2 First Mile Hub, 106.994196, -6.270622
Panumbangan First Mile Hub, 108.217943, -7.133506
Padalarang 2 First Mile Hub, 107.490133, -6.846239
Ngimbang First Mile Hub, 112.221078, -7.287326
Ngaliyan 3 First Mile Hub, 110.34363, -6.986271
Mergangsan First Mile Hub, 110.376844, -7.812144
Sukoharjo Kab Sukoharjo First Mile Hub, 110.828639, -7.674111
Gumelar First Mile Hub, 109.003333, -7.417222
Cikupa 6 First Mile Hub, 106.511311, -6.230699
Cengkareng 12 First Mile Hub, 106.831235, -6.223898
Setu Bekasi 2 Hub, 107.031534, -6.349342
Pangatikan Hub, 107.990462, -7.166417
Linggo Sari Baganti 2 Hub, 100.872903, -1.903574
MH 1 Jongkong (Jengkong) Hub, 112.365694, 0.445583
Kelumpang Hilir 2 Hub, 116.101389, -3.279444
Kedungjati 2 Hub, 110.63123, -7.165073
Rundeng Hub, 97.910889, 2.668611
Muko Muko Bathin Hub, 102.045753, -1.532213
Donomulyo Hub, 112.429865, -8.280864
Bojongsoang 2 Hub, 107.673776, -6.976778
Pakuhaji 5 Hub, 106.630944, -6.067556
Klapanunggal 2 Hub, 106.903979, -6.470287
Watukumpul Hub, 109.433963, -7.152908
Teluk Bayur 2 Hub, 117.455248, 2.170569
Purba Hub, 98.693302, 2.902108
Lemong Hub, 103.742273, -5.023747
Klambu Hub, 110.838775, -7.012915
Jatipuro Hub, 111.012593, -7.746032
Sungai Kunjang 2 Hub, 117.12691, -0.494981
Keliling Danau Hub, 101.432022, -2.117113
Haruai Hub, 115.461938, -2.040813
Binjai Barat 2 Hub, 98.450056, 3.671611
Badar Hub, 97.77275, 3.560111
Tenggarong Seberang 2 Hub, 117.01275, -0.452611
Temayang 2 Hub, 111.910619, -7.332974
Tarakan Barat 4 Hub, 117.589912, 3.293196
Ranah Pesisir Hub, 100.802473, -1.781195
Pasongsongan Hub, 113.663167, -6.887028
Pamulihan Hub, 107.828217, -6.907358
Laweyan Kota Surakarta Hub, 110.815961, -7.570681
Huta Bayu Raja Hub, 99.282167, 2.964667
Gunung Sitoli Utara Hub, 97.573554, 1.352342
Cempaka Hub, 104.649083, -3.760528
Angkola Selatan Hub, 99.240332, 1.368611
Tulakan Hub, 111.27605, -8.172404
Kandangan Temanggung Hub, 110.186118, -7.254175
Banguntapan 2 Hub, 110.396113, -7.85599
Teluk Dalam Asahan Hub, 99.666083, 2.856972
Tegowanu Hub, 110.618811, -7.05069
Tanjung Lago Hub, 104.733444, -2.650389
Tanah Sareal 2 Hub, 106.778092, -6.558403
Talun Hub, 109.701111, -7.024333
Simpang Empat Kab. Karo Hub, 98.462023, 3.141437
Sentajo Raya Hub, 101.576859, -0.47358
Selimbau Hub, 112.122302, 0.597671
Sambaliung Hub, 117.524342, 2.153432
Rupat 3 Hub, 101.421833, 1.825639
Rambang Niru Hub, 104.052306, -3.486556
Penengahan Hub, 105.687439, -5.750894
Paron Hub, 111.385565, -7.442308
Paliyan Hub, 110.518056, -8.042056
Pahandut 3 Hub, 113.9375, -2.216667
Muara Tabir 2 Hub, 102.504417, -1.694944
Melinting 3 Hub, 105.742059, -5.354474
Martapura 2 Hub, 104.359507, -4.361958
Makarti Jaya Hub, 104.974944, -2.479634
Kota Lama Hub, 123.585824, -10.160356
Jatinegara Kab. Tegal Hub, 109.232216, -7.055807
Jambi Luar Kota Hub, 103.499222, -1.599444
Guntur 3 Hub, 110.55875, -6.983694
Geyer Hub, 110.903433, -7.244873
Ciputat 4 Hub, 106.7496, -6.340343
Cepiring Hub, 110.151246, -6.93353
Banjit Hub, 104.498842, -4.794346
Bandar Negeri Suoh 2 Hub, 104.311735, -5.305873
Pome - Tangerang, 106.619331, -6.154933
Bangko Rokan Hilir Hub, 100.834333, 2.097833
Wiradesa 2 Hub, 109.608611, -6.892306
Takokak Hub, 107.002951, -7.055141
Sukoharjo Kab. Pringsewu Hub, 104.983801, -5.277583
Suak Tapeh Hub, 104.331778, -2.745083
Seponti Hub, 109.833883, -0.863602
Panumbangan Hub, 108.217943, -7.133506
Ngaliyan 3 Hub, 110.343618, -6.986137
Mergangsan Hub, 110.376844, -7.812144
Kendawangan 4 Hub, 110.349111, -2.292306
Gunung Kencana 2 Hub, 106.060415, -6.568776
Gumelar Hub, 109.003333, -7.417222
Buko Selatan Hub, 122.825417, -1.491944
Batu Layar Hub, 116.074908, -8.541226
Kalianget First Mile Hub, 113.923869, -7.044317
Bangun Purba First Mile Hub, 100.186139, 0.884528
Ajung First Mile Hub, 113.698611, -8.217
Tanjung Palas Utara Hub, 117.217861, 3.043222
Sungai Raya Kepulauan Hub, 108.863343, 0.791599
Sungai Keruh 2 Hub, 103.700583, -3.194417
Sumobito Hub, 112.343306, -7.529361
Simanindo Hub, 98.839667, 2.669888
Sabak Auh Hub, 102.089361, 1.072306
Mentawa Baru Hub, 112.933619, -2.53559
Kalianget Hub, 113.923869, -7.044317
Jagakarsa 3 Hub, 106.837147, -6.31056
Gayam Hub, 114.331336, -7.16548
Blubur Limbangan Hub, 107.970783, -7.044938
Bayang Hub, 100.518583, -1.264194
Bangun Purba Hub, 100.186139, 0.884528
Bahodopi 3 Hub, 122.155522, -2.80727
Amali Hub, 120.110812, -4.40335
Ajung Hub, 113.698611, -8.217
MH 2 Teluk Batang Hub, 109.77496, -1.000424
MH 1 Pangaribuan Hub, 99.365134, 2.030314
MH 2 Dondo Hub, 120.532889, 0.77725
MH 1 Dondo Hub, 120.532889, 0.77725
MH 1 Baebunta Hub, 120.250694, -2.597541
MH 1 Duampanua Hub, 119.538943, -3.670407
MH 2 Semitau Hub, 111.969523, 0.521019
MH 1 Sebuku Hub, 117.150005, 4.006398
MH 2 Kongbeng Hub, 116.887611, 1.077194
MH 1 Kongbeng Hub, 116.887611, 1.077194
MH 1 Samarinda Utara Hub, 117.2267, -0.438278
MH 1 Sungai Laur Hub, 110.494431, -0.71024
MH 1 Tumbang Titi Hub, 110.612938, -1.829175
MH 1 Singkup Hub, 110.597798, -2.329503
MH 1 Baamang 2 Hub, 112.506972, -2.545126
MH 1 Mentaya Hulu Hub, 112.506459, -1.969243
MH 1 Bukit Batu Kota Palangka Raya Hub, 113.756558, -1.989417
MH 1 Batukuning Lakitan Ulu Hub, 103.360696, -3.341934
MH 1 Ulu Barumun Hub, 99.689, 1.064639
MH 1 Minas Hub, 101.451902, 0.724614
Sumber First Mile Hub, 108.49865, -6.747961
Karawaci 2 First Mile Hub, 106.62569, -6.190507
Sultan Daulat 2 Hub, 97.977028, 2.713972
Lobalain 4 Hub, 123.063456, -10.756848
MH 1 Wara Hub, 120.210014, -3.021082
MH 2 Mepanga Hub, 120.550696, 0.517427
MH 1 Mepanga Hub, 120.427486, 0.481212
MH 1 Kahu Hub, 120.115944, -4.955306
Pamulang 3 Hub, 106.758264, -6.347427
MH 1 Sepaku 2 Hub, 116.764165, -0.915537
MH 1 Simpang Hilir Hub, 109.963017, -1.113803
MH 7 Sandai Hub, 110.53376, -1.236645
MH 6 Sandai Hub, 110.53376, -1.236645
MH 2 Matuari Hub, 125.129853, 1.472697
Zeodda - Tangerang, 106.679734, -6.079726
MH 1 Marau Hub, 110.719624, -2.112932
MH 1 Mukok Hub, 110.770502, 0.135173
MH 1 Dedai Hub, 111.674672, 0.054882
MH 1 Martapura Kalimantan Hub, 114.886476, -3.436868
MH 4 Nanga Tayap Hub, 110.567102, -1.534029
MH 1 Sungai Melayu Rayak Hub, 110.45575, -1.775389
MH 3 Jelai Hulu Hub, 110.759496, -1.993872
MH 1 Kubung Hub, 100.682922, -0.840285
Denpasar Selatan First Mile Hub, 115.207397, -8.715751
Denpasar 2 First Mile Hub, 115.189692, -8.675127
Denpasar Utara First Mile Hub, 115.197798, -8.631139
SPX Express Seller hellobrandholic., 108.53364, -6.723006
Cimanggu Hub, 105.647492, -6.709611
Sumowono 2 Hub, 110.318362, -7.211396
Sumowono 2 First Mile Hub, 110.318362, -7.211396
Sooko First Mile Hub, 112.413674, -7.520852
Selakau Timur Hub, 109.055866, 1.0731
Cipondoh 4 Hub, 106.686778, -6.192889
Banyubiru Hub, 110.416763, -7.303729
Banyubiru First Mile Hub, 110.416763, -7.303729
Pulau Maya 2 Hub, 109.462793, -1.096552
Mandor Hub, 109.346694, 0.319306
Gempol 2 Hub, 112.698949, -7.5492
Gempol 2 First Mile Hub, 112.698949, -7.5492
Simeulue Barat Hub, 95.953694, 2.809556
Kayen 3 Hub, 110.985992, -6.898866
Panyileukan 5 First Mile Hub, 107.707138, -6.923073
Baebunta 2 Hub, 120.273611, -2.587456
Harjamukti First Mile Hub, 108.560367, -6.741817
Beji Kota Depok First Mile Hub, 106.80568, -6.38618
SPX Express Seller thebeautyhouse, 106.740504, -6.160793
SPX Express Seller Makarizo, 106.909927, -6.190254
Cikarang Barat DC, 107.097996, -6.293023
Cakung RDC, 106.944429, -6.171741
Sukadiri First Mile Hub, 106.831235, -6.223898
Banjaran 3 First Mile Hub, 107.562725, -7.087387
Puri 3 First Mile Hub, 112.433839, -7.50603
Kalinyamatan First Mile Hub, 110.709824, -6.728356
Jepon First Mile Hub, 111.45259, -6.971505
Rungkut 3 First Mile Hub, 112.769371, -7.313376
Adian Koting First Mile Hub, 98.911639, 1.866083
Kadupandak First Mile Hub, 107.046975, -7.259352
Wungu First Mile Hub, 111.56747, -7.660029
Legok 5 First Mile Hub, 106.578201, -6.320726
Warungasem First Mile Hub, 109.700207, -6.925093
Karangpandan First Mile Hub, 111.033896, -7.619345
Sukaraja 3 First Mile Hub, 106.826661, -6.546785
Regol 4 First Mile Hub, 107.615308, -6.950498
Purwakarta 2 First Mile Hub, 107.457354, -6.530309
Pacet 4 First Mile Hub, 107.704855, -7.101058
Jepara Kota First Mile Hub, 110.684556, -6.573889
Batujaya First Mile Hub, 107.213122, -6.096068
Banyuates First Mile Hub, 113.186346, -6.902951
Bantaran First Mile Hub, 113.180109, -7.860729
Cikeusik First Mile Hub, 105.853184, -6.791846
Tanjungkerta First Mile Hub, 107.889507, -6.764728
Mijen First Mile Hub, 110.311361, -7.061555
Lubuk Batang First Mile Hub, 104.213288, -4.051654
Karanggeneng First Mile Hub, 112.365722, -7.003139
Cipayung Kota Depok First Mile Hub, 106.807802, -6.437319
Binong First Mile Hub, 107.78757, -6.422107
Somagede First Mile Hub, 109.331139, -7.521944
Kasihan First Mile Hub, 110.345549, -7.844374
Jekulo First Mile Hub, 110.943857, -6.799906
Dayeuhluhur First Mile Hub, 108.604656, -7.260736
Cimahi Tengah 3 First Mile Hub, 107.551707, -6.898583
Medan Amplas 3 First Mile Hub, 98.7275, 3.538111
Kawedanan First Mile Hub, 111.444571, -7.706793
Jatiluhur First Mile Hub, 107.437889, -6.524639
Gantar First Mile Hub, 107.962944, -6.501667
Teupah Barat Hub, 96.24075, 2.442889
Bahodopi 5 Hub, 122.133194, -2.788694
Tojo Barat Hub, 120.98886, -1.405772
Tinggi Raja Hub, 99.566273, 2.889025
Meral Barat Hub, 103.366944, 1.051139
Banding Agung 2 Hub, 103.912305, -4.805427
Puri 3 Hub, 112.433839, -7.50603
Jepon Hub, 111.45259, -6.971505
Batang Asam Hub, 102.964524, -1.066916
Sendang Agung Hub, 104.8875, -5.167611
Lais Kab. Musi Banyuasin Hub, 104.104438, -2.864726
Koja 6 Hub, 106.913719, -6.118374
Cikajang Hub, 107.801111, -7.346861
Belitang Hilir Hub, 111.069565, 0.108058
Adian Koting Hub, 98.911639, 1.866083
Kasui Hub, 104.444714, -4.716086
Tanjung Raya Hub, 100.186934, -0.248265
Abung Barat Hub, 104.70053, -4.866614
Wungu Hub, 111.56747, -7.660029
Tambusai Utara 2 Hub, 100.341574, 1.37457
Sumberasih Hub, 113.162842, -7.749109
Gambir 6 Hub, 106.811023, -6.176165
Cisewu Hub, 107.498701, -7.374265
Buru Hub, 103.509446, 0.902621
Wawo Hub, 118.854603, -8.552052
Rumbai 2 Hub, 101.400722, 0.591556
Pitu Riase Hub, 120.029958, -3.825332
Pedurungan 9 Hub, 110.472667, -7.000417
Bonang Hub, 110.599706, -6.834569
Karangpandan Hub, 111.033896, -7.619345
Anjongan 2 Hub, 109.346694, 0.319306
Tanah Pinoh 2 Hub, 111.521179, -0.751182
Talo Hub, 102.701851, -4.169969
Sukaresmi Hub, 105.849725, -6.545429
Siantar Narumonda Hub, 99.170222, 2.419028
Ranto Baek Baik Hub, 99.383477, 0.499227
Purwakarta 2 Hub, 107.457354, -6.530309
Mesuji Timur Hub, 105.434246, -4.003648
Lilir Rilau Hub, 119.963667, -4.3415
Batujaya Hub, 107.213122, -6.096068
Barumun Selatan Hub, 99.754051, 1.008796
Banyuates Hub, 113.186346, -6.902951
Bantaran Hub, 113.180109, -7.860729
Pangkatan Hub, 99.992259, 2.153585
Jongkong (Jengkong) Hub, 112.275083, 0.649861
Balusu Hub, 119.636473, -4.310805
Tanjungkerta Hub, 107.889507, -6.764728
Taman Madiun 2 Hub, 111.519956, -7.649587
Pupuan Hub, 115.032161, -8.330508
Lubuk Batang Hub, 104.213288, -4.051654
Kayu Aro Barat Hub, 101.249684, -1.811504
Kayan Hilir Hub, 111.92125, -0.094611
Karanggeneng Hub, 112.365722, -7.003139
Garoga Hub, 99.366335, 2.028693
Binong Hub, 107.78757, -6.422107
Baras 2 Hub, 119.327722, -1.586444
Bandar Masilam Hub, 99.274611, 3.221556
Sukakarya Kota Sabang Hub, 95.315778, 5.841661
Somagede Hub, 109.331139, -7.521944
Lembang Jaya Hub, 100.718944, -0.936583
Kasihan Hub, 110.345549, -7.844374
Jekulo Hub, 110.943857, -6.799906
Dayeuhluhur Hub, 108.604656, -7.260736
Way Pengubuan Hub, 105.225556, -4.789694
Tanah Putih Tanjung Melawan Hub, 101.029667, 1.660556
Sungkai Utara 2 Hub, 104.741472, -4.655181
Singkohor Hub, 97.92975, 2.515806
Pajukukang Hub, 120.028256, -5.571583
Natar 3 Hub, 105.2176, -5.348085
Mukok 2 Hub, 110.718541, 0.068645
Mentok 2 Hub, 105.155966, -2.042524
Medan Amplas 3 Hub, 98.7275, 3.538111
Malinau Kota 2 Hub, 116.609778, 3.56725
Kota Waingapu 4 Hub, 120.243972, -9.665306
Jambangan Hub, 112.708515, -7.333729
Gunung Toar Hub, 101.482057, -0.620764
Gringsing Hub, 110.019359, -6.971364
Gantar Hub, 107.962944, -6.501667
Deli Tua 2 Hub, 98.679277, 3.482705
Bunut Hulu 3 Hub, 112.701727, 0.473747
Bayan Hub, 116.423267, -8.228256
Batipuh Hub, 100.469288, -0.487575
Bangko Pusaka (Pusako) 2 Hub, 100.955498, 1.758009
Bahar Selatan Hub, 103.445972, -1.989444
MH 2 Habinsaran Hub, 99.347549, 2.305637
MH 1 Habinsaran Hub, 99.347549, 2.305637
MH 2 Lintong Nihuta Hub, 98.982266, 2.308593
MH 1 Lintong Nihuta Hub, 98.881167, 2.292136
MH 1 Pagar Alam Utara Hub, 103.07206, -4.174316
MH 1 Peunaron Hub, 97.658731, 4.609132
MH 1 Palmatak Hub, 106.295917, 3.344889
MH 1 Kongbeng 2 Hub, 116.922818, 1.096798
MH 1 Telaga Antang Hub, 112.612384, -1.809057
MH 1 Meliau 2 Hub, 110.368856, -0.098673
MH 1 Balai Hub, 110.095767, 0.138818
MH 1 Selakau Hub, 108.972837, 1.061769
MH 1 Sajingan Besar Hub, 109.597447, 1.65732
MH 1 Sungai Pinyuh Hub, 109.073605, 0.273836
MH 1 Tanah Pinoh Hub, 111.554868, -0.791798
MH 1 Belimbing Hub, 111.606451, -0.322244
MH 3 Nanga Tayap Hub, 110.567102, -1.534029
MH 2 Manis Mata Hub, 111.030632, -2.459104
MH 1 Manis Mata Hub, 111.030632, -2.459104
MH 2 Kendawangan Hub, 110.195033, -2.510312
MH 1 Kendawangan Hub, 110.195033, -2.510312
MH 2 Bengkayang Hub, 109.485616, 0.83116
MH 1 Cipanas Lebak Hub, 106.390534, -6.541783
MH 1 Kerumutan Hub, 102.254963, -0.056537
Gudang Shipper Tangerang Legok, 106.593521, -6.286474
Warehouse Shipper Surabaya, 112.681649, -7.249445
CV LOKA WIRA SENTOSA - PADANG, 100.378462, -0.836792
PT JAYA PALEMBANG SUKSES - JAMBI, 103.63697, -1.64169
PT JAYA PALEMBANG SUKSES - LAMPUNG, 105.29355, -5.409004
PT SURYAKARSA PUSPITAPRIMA - PEKANBARU, 101.361324, 0.493595
PT HERTA SUKSES GEMILANG - ACEH, 95.306937, 5.535479
PT HERTA SUKSES GEMILANG - MEDAN, 98.701777, 3.657611
CV SINAR MITRA UTAMA - YOGYAKARTA, 110.345774, -7.722182
PT ASTHA MAKMUR LESTARI - SURABAYA, 112.760482, -7.260229
CV DIMAS - KEDIRI, 112.032677, -7.861583
CV DIMAS - MADIUN, 111.489193, -7.628143
CV SAGARA TIMUR WOLOBO - KUPANG, 123.618668, -10.145241
PT SAGARA TIMUR DEWATA - BALI, 115.248814, -8.633972
SPX Express Seller onix.id, 106.961686, -6.18713
SPX Express Seller sun_rumah, 106.619845, -6.204039
SPX Express Seller Fun Shop 88, 106.746039, -6.127994
Kejobong Hub, 109.480724, -7.404509
Padamara Hub, 109.351417, -7.37875
Jebres 2 Hub, 110.836201, -7.561954
Ngaliyan 2 Hub, 110.336194, -7.018159
Sapuran First Mile Hub, 109.97547, -7.443909
Selomerto First Mile Hub, 109.872361, -7.419167
Mejayan First Mile Hub, 111.657811, -7.539594
Ungaran Timur First Mile Hub, 110.42195, -7.133507
Semarang Timur First Mile Hub, 110.435419, -6.978273
Playen First Mile Hub, 110.575912, -7.939275
Semanu First Mile Hub, 110.67526, -7.999655
Semarang Tengah First Mile Hub, 110.415827, -6.976157
Sidomukti First Mile Hub, 110.490929, -7.34546
Semarang 2 First Mile Hub, 110.391825, -6.987731
Giriwoyo First Mile Hub, 110.936786, -8.030181
Paguyangan First Mile Hub, 109.042513, -7.305471
Dawe First Mile Hub, 110.869813, -6.733203
Pecangaan 2 First Mile Hub, 110.707361, -6.68816
Pakem First Mile Hub, 110.417654, -7.670763
Padang Utara First Mile Hub, 100.357775, -0.914114
Kota Waingapu 3 Hub, 120.665314, -9.882025
Balaraja 6 Hub, 106.41845, -6.219927
Colomadu 3 Hub, 110.761674, -7.532473
Jebres 4 Hub, 110.842923, -7.5372
Driyorejo 4 Hub, 112.575806, -7.382638
Dendang Hub, 107.901644, -3.068017
Simpang Hulu 2 Hub, 110.347472, -0.521806
Pondok Aren 5 Hub, 106.685333, -6.261806
Tanjung Agung Hub, 103.796667, -3.870278
Pulau Pramuka Hub, 106.613046, -5.746624
Lembak Hub, 104.340721, -3.344753
Sajira Hub, 106.340454, -6.432047
Ciparay 2 First Mile Hub, 107.70766, -7.085124
Dempet First Mile Hub, 110.711574, -6.968586
Sinduharjo First Mile Hub, 110.41264, -7.704897
Sambung Macan First Mile Hub, 111.056518, -7.40505
Ambulu 2 First Mile Hub, 113.546324, -8.322081
Suradadi First Mile Hub, 109.276958, -6.899107
Patokbeusi First Mile Hub, 107.578778, -6.376556
Cipeundeuy First Mile Hub, 107.56985, -6.5043
Manggala First Mile Hub, 119.494637, -5.159733
Cipunagara First Mile Hub, 107.878761, -6.465833
Salaman First Mile Hub, 110.114021, -7.566572
Wuryantoro First Mile Hub, 110.850305, -7.912149
Warungkiara First Mile Hub, 106.715561, -6.979861
Kalideres 14 First Mile Hub, 106.717466, -6.144816
Mustika Jaya 2 First Mile Hub, 107.01411, -6.279569
Teluk Telok Pakedai Hub, 106.831235, -6.223898
Wringin Hub, 113.757907, -7.81722
Wewewa Selatan Hub (inactive), 119.239928, -9.510849
Rebang Tangkas Hub, 104.383242, -4.67542
Unter Iwes (Unterwiris) Hub, 117.398874, -8.491412
Ulok Kupai Hub, 101.825306, -3.202444
Ubud Hub, 115.261807, -8.544418
Tungkal Jaya 3 Hub, 103.80175, -2.249306
Tuminting 2 Hub, 124.848751, 1.515714
Tuminting 2 First Mile Hub, 124.848751, 1.515714
Tobelo Selatan Hub, 127.992111, 1.667444
Tigaraksa 5 First Mile Hub, 106.831235, -6.223898
Tewang Sanggalang Garing (Sangalang) Hub, 113.285092, -1.775031
Teluk Meranti Hub, 102.532528, 0.154917
Teluk Gelam 2 Hub, 104.810056, -3.594333
Tebo Ilir 3 Hub, 106.831235, -6.223898
Batu Aji 2 Hub, 103.943626, 1.056902
Tanah Abang 9 Hub, 106.831235, -6.223898
Tanah Abang 11 Hub, 106.831235, -6.223898
Tanah Abang 10 Hub, 106.831235, -6.223898
Tambun Selatan 5 First Mile Hub, 106.831235, -6.223898
Talang Padang Hub, 102.935436, -3.693787
Susukan 4 First Mile Hub, 106.831235, -6.223898
Susukan 3 First Mile Hub, 106.831235, -6.223898
Sungai Raya 3 Hub, 109.440843, -0.180953
Sungai Menang Hub, 105.25114, -3.610677
Sungai Gelam 5 Hub, 103.854114, -1.744842
Sungai Durian Hub, 116.162583, -2.512417
Sumalata Hub, 122.426008, 0.983038
Sumalata First Mile Hub, 122.426008, 0.983038
Sukarame Hub, 105.305167, -5.389167
Sukaraja 4 First Mile Hub, 106.831235, -6.223898
Balai Riam 2 Hub, 111.185524, -2.331021
Somba Opu 2 Hub, 119.461853, -5.204114
Solokan Jeruk 3 First Mile Hub, 106.831235, -6.223898
Sokan Hub, 111.50519, -0.898605
Singkup 2 Hub, 106.831235, -6.223898
Simpang Teritip 2 Hub, 105.376333, -1.915222
Setu Kota Tangerang Selatan 3 Hub, 106.682196, -6.339836
Setu Kota Tangerang Selatan 3 First Mile Hub, 106.682196, -6.339836
Setiabudi 3 Hub, 106.831235, -6.223898
Seranau Hub, 106.831235, -6.223898
Serai Serumpun Hub, 102.332185, -1.246785
Sepauk 2 Hub, 111.162111, -0.051274
Semidang Alas Maras Hub, 102.805528, -4.346528
Semende Darat Laut 2 Hub, 106.831235, -6.223898
Sejangkung Hub, 106.831235, -6.223898
Sei Sungai Kunyit 2 Hub, 108.940265, 0.448646
Sei Rampah Kab. Serdang Bedagai Hub, 106.831235, -6.223898
Sandai 3 Hub, 110.533303, -1.222797
Samarinda Seberang 5 Hub, 106.831235, -6.223898
Saipar Dolok Hub, 99.372123, 1.831432
Rumbia Bombana Hub, 122.039966, -4.766848
Rumbai Pesisir Hub, 101.474335, 0.569387
Rantau Kopar Hub, 101.127389, 1.272806
Rambang Dangku Hub, 106.831235, -6.223898
Rajeg 3 First Mile Hub, 106.831235, -6.223898
Putussibau Utara Hub, 112.93582, 0.930273
Putussibau 2 Hub, 106.831235, -6.223898
Pulau Rimau Hub, 106.831235, -6.223898
Pulau Laut Utara Hub, 116.170833, -3.29689
Pucuk Rantau Hub, 101.721001, -0.805786
Peranap 2 Hub, 101.999971, -0.592179
Pelepat Ilir Hub, 102.360429, -1.614872
Pelepat Ilir First Mile Hub, 102.360429, -1.614872
Pedurungan 6 Hub, 106.831235, -6.223898
Pedurungan 6 First Mile Hub, 106.831235, -6.223898
Pasirjambu 3 First Mile Hub, 106.831235, -6.223898
Parigi 3 Hub, 106.831235, -6.223898
Parenggean 5 Hub, 112.871631, -1.981901
Parenggean 4 Hub, 106.831235, -6.223898
Pamenang Barat 3 Hub, 106.831235, -6.223898
Pakuhaji 10 First Mile Hub, 106.623498, -6.067725
Pagedangan 8 Hub, 106.831235, -6.223898
Pagedangan 7 Hub, 106.831235, -6.223898
Pagedangan 4 First Mile Hub, 106.831235, -6.223898
Pagaran Tapah Darussalam Hub, 100.599441, 0.79086
Padang Sidempuan 4 Hub, 106.831235, -6.223898
Ngamprah 3 First Mile Hub, 106.831235, -6.223898
Negeri Katon Hub, 105.055237, -5.290061
Mulyorejo 7 First Mile Hub, 106.831235, -6.223898
Muara Siau Hub, 102.093528, -2.275556
Muara Komam Hub, 115.816722, -1.695083
Monterado 2 Hub, 109.132722, 0.758639
Luwuk Utara Hub, 122.854572, -0.927957
Mengwi Badung 2 Hub, 115.132437, -8.612524
Mengwi Badung 2 First Mile Hub, 115.132437, -8.612524
Mendahara Ulu Hub, 103.485139, -1.274528
Mendahara Hub, 103.677833, -0.9555
Mekakau Ilir Hub, 106.831235, -6.223898
Megang Sakti Hub, 103.024361, -3.026568
Medan Polonia First Mile Hub, 106.831235, -6.223898
Medan Marelan 3 Hub, 106.831235, -6.223898
Medan Marelan 2 First Mile Hub, 106.831235, -6.223898
Medan Helvetia 6 First Mile Hub, 106.831235, -6.223898
Matan Hilir Selatan 3 Hub, 110.025053, -1.911506
Maro Sebo Ulu Hub, 102.885356, -1.636219
Maro Sebo Ilir Hub, 103.169889, -1.680806
Mantewe 2 Hub, 115.838471, -3.286455
Lunyuk Hub, 117.200834, -8.995947
Lunyuk First Mile Hub, 117.200834, -8.995947
Lubuk Besar 2 Hub, 106.565812, -2.554406
Lubai Ulu 3 Hub, 104.165117, -3.819685
Loa Kulu Hub, 117.032056, -0.541861
Linggau Timur Satu Hub, 102.909718, -3.270426
Laung Tuhup Hub, 114.73598, -0.610854
Labuhan Ratu Hub, 105.661777, -5.097954
Kutuh 2 Hub, 106.831235, -6.223898
Kurun 3 Hub, 113.852673, -1.126288
Kosambi 28 First Mile Hub, 106.831235, -6.223898
Kopo Hub, 106.386645, -6.301291
Kopo First Mile Hub, 106.386645, -6.301291
Kilo Hub, 106.831235, -6.223898
Kembangan 7 Hub, 106.755556, -6.200688
Kelumpang Tengah Hub, 106.831235, -6.223898
Kebon Jeruk 16 First Mile Hub, 106.831235, -6.223898
Karawaci 8 First Mile Hub, 106.831235, -6.223898
Kampar Hub, 101.112537, 0.345979
Kalideres 15 First Mile Hub, 106.831235, -6.223898
Jayapura Utara Hub, 106.831235, -6.223898
Jatiuwung 5 First Mile Hub, 106.831235, -6.223898
Jatiasih 8 Hub, 106.95592, -6.291362
Kebon Jeruk 21 Hub, 106.769705, -6.176839
Jagakarsa 7 Hub, 106.831235, -6.223898
Iv Koto Aur Malintang Hub, 100.073833, -0.343361
Ilir Barat I 3 Hub, 104.711244, -2.964912
Hamparan Rawang Hub, 101.406344, -2.04107
Gunung Sindur 3 First Mile Hub, 106.831235, -6.223898
Grogol Petamburan 9 Hub, 106.784384, -6.168945
Grogol Petamburan 8 Hub, 106.79184, -6.161692
Grogol Petamburan 7 First Mile Hub, 106.784165, -6.163952
Gedangan 7 Hub, 106.831235, -6.223898
Gedangan 6 Hub, 112.739133, -7.387099
Gambir 9 First Mile Hub, 106.831235, -6.223898
Gambir 12 First Mile Hub, 106.831235, -6.223898
Duren Sawit 4 First Mile Hub, 106.831235, -6.223898
Dua Pitue 2 Hub, 106.831235, -6.223898
Denpasar Timur 3 Hub, 106.831235, -6.223898
Dayun Hub, 101.945772, 0.639249
Cilograng Hub, 106.374537, -6.929101
Cikupa 9 First Mile Hub, 106.831235, -6.223898
Cikancung 4 First Mile Hub, 106.831235, -6.223898
Cikancung 3 First Mile Hub, 106.831235, -6.223898
Cicalengka 3 First Mile Hub, 106.831235, -6.223898
Cibogo Hub, 107.800168, -6.558301
Cibogo First Mile Hub, 107.800168, -6.558301
Cibinong Bogor 2 Hub, 106.831235, -6.223898
Cibinong Bogor 2 First Mile Hub, 106.831235, -6.223898
Nagrak Sukabumi Hub, 106.802287, -6.883386
Cengkareng 26 Hub, 106.831235, -6.223898
Bungku Barat 3 Hub, 106.831235, -6.223898
Buahbatu 3 First Mile Hub, 106.831235, -6.223898
Binjai 2 Hub, 98.518438, 3.618646
Binjai 2 First Mile Hub, 98.518438, 3.618646
Biduk-Biduk Hub, 118.733, 1.227444
Bengkong 2 Hub, 104.01872, 1.159611
Benai Hub, 101.628317, -0.491974
Bekasi Timur 10 First Mile Hub, 106.831235, -6.223898
Bekasi Barat 3 First Mile Hub, 106.963452, -6.232503
Batang Anai Hub, 100.30784, -0.786797
Batahan Hub, 99.145417, 0.398809
Balikpapan Tengah Hub, 116.848269, -1.265794
Bakauheni Hub, 105.756102, -5.862343
Bangko Pusaka (Pusako) 3 Hub, 106.831235, -6.223898
Babelan 5 Hub, 107.040421, -6.154945
Babakan Ciparay 4 First Mile Hub, 107.584155, -6.942632
Awayan Hub, 115.525578, -2.43714
Antapani 3 First Mile Hub, 106.831235, -6.223898
Ampana Tete Hub, 121.671528, -0.922694
Ambarawa 3 Hub, 106.831235, -6.223898
Akabiluru Hub, 100.557402, -0.265007
Air Batu Hub, 106.831235, -6.223898
Air Batu 2 Hub, 106.831235, -6.223898
Simpang Hub, 104.190194, -4.448222
Huta Raja Tinggi Hub, 100.065833, 1.063111
Binjai Hulu 3 Hub, 111.486782, 0.202194
Bandar Pulau 2 Hub, 99.510944, 2.672861
Weru First Mile Hub, 108.4989, -6.717846
Tomo Hub, 108.127156, -6.764956
Tangaran Hub, 109.168111, 1.540944
Tambusai 2 Hub, 100.287064, 1.091412
Pasir Limau Kapas Hub, 100.307933, 2.471642
Nanggalo Hub, 100.381957, -0.897331
Leuwisari Hub, 108.102514, -7.323115
Leuwisari First Mile Hub, 108.102514, -7.323115
Betara 2 Hub, 103.394458, -1.114476
Ciamis 2 Hub, 108.358111, -7.3245
Ciamis 2 First Mile Hub, 108.358111, -7.3245
SPX Express Seller RAISACLINK05, 112.042619, -7.791188
MH 2 Kuala Behe Hub, 109.620808, 0.591056
MH 1 Kuala Behe Hub, 109.620808, 0.591056
MH 1 Bunut Hub, 102.183683, 0.284578
MH 1 Pelangiran Hub, 103.24455, 0.175452
MH 1 Karusen Janang Hub, 115.087667, -1.962944
MH 1 Kembayan Hub, 110.426226, 0.555981
MH 1 Betung Hub, 104.09383, -2.971591
MH 1 Tanjung Pandan 2 Hub, 108.02143, -2.863863
Badung DC, 115.184826, -8.498968
Sungai Aur Hub, 99.623972, 0.228667
Sosa 2 Hub, 99.934946, 1.041053
Singingi Hilir Hub, 101.424972, -0.191417
Sangatta 3 Hub, 117.590877, 0.51334
Pondok Kelapa Bengkulu Hub, 102.245333, -3.692361
Pondok Kelapa Bengkulu First Mile Hub, 102.245333, -3.692361
Pemulutan Hub, 104.778444, -3.11625
Pemulutan First Mile Hub, 104.778444, -3.11625
Pekalongan Utara Hub, 109.672855, -6.875679
Pekalongan Utara First Mile Hub, 109.672855, -6.875679
Pauh 2 Hub, 100.400018, -0.944664
Palang First Mile Hub, 112.133938, -6.905328
Nengah Bulik Hub, 111.515833, -2.193972
Nanga Mahap Hub, 110.765667, -0.428111
Nalo Tantan Hub, 120.008544, -4.666927
Muara Papalik Hub, 103.105068, -1.266079
Margaasih 4 First Mile Hub, 107.534162, -6.953629
Mare Hub, 120.33925, -4.823361
Legok 6 First Mile Hub, 120.008544, -4.666927
Lawang Hub, 112.697191, -7.83591
Lawang First Mile Hub, 112.697191, -7.83591
Labuan Hub, 105.840639, -6.352417
Kuaro Hub, 116.085489, -1.806266
Koto Besar Hub, 101.702193, -1.266056
Koto Besar First Mile Hub, 101.702193, -1.266056
Kosambi 24 First Mile Hub, 106.691528, -6.091056
Kertosono Hub, 112.098963, -7.601002
Kertosono First Mile Hub, 112.098963, -7.601002
Kelam Permai 3 Hub, 120.008544, -4.666927
Kebon Jeruk 10 Hub, 106.769438, -6.197911
Pustaka Baru Press - Jember, 113.636939, -8.235529
Jemaja Hub, 105.693083, 2.999778
Jelai Hulu 2 Hub, 110.869625, -2.058642
Jatiuwung 4 First Mile Hub, 120.008544, -4.666927
Gedangan 4 First Mile Hub, 112.71688, -7.398314
Entikong Hub, 110.359917, 0.957361
Cikedung Hub, 108.255418, -6.410332
Cidadap Sukabumi Hub, 106.936995, -7.274746
Cakung 6 First Mile Hub, 106.904848, -6.201587
Bungo Hub, 101.764804, -1.326399
Bogor Barat 3 First Mile Hub, 106.761844, -6.579974
Berangin Hub, 100.762341, -0.666384
Bengo 2 Hub, 120.008544, -4.666927
Batuceper 2 First Mile Hub, 106.682722, -6.158333
Bandar 2 Hub, 109.799787, -7.025183
Bandar 2 First Mile Hub, 109.799787, -7.025183
Sei Sungai Kakap Hub, 109.254112, -0.062942
Simpang Kanan Rokan Hilir Hub, 100.291046, 1.857251
Pademangan 4 Hub, 106.8172, -6.133424
Muja Muju First Mile Hub, 106.83124, -6.223898
Denpasar Timur 4 Hub, 115.253444, -8.657861
Sukmajaya 6 First Mile Hub, 106.83636, -6.44696
Silahi Sabungan Hub, 98.528419, 2.801003
Pameungpeuk 2 Hub, 107.723917, -7.644
Lengkong Kota Bandung 2 First Mile Hub, 107.635315, -6.947317
Koto Gasib 2 Hub, 101.801068, 0.663932
Kikim Selatan Hub, 103.25592, -3.750695
Cipondoh 5 First Mile Hub, 106.715561, -6.187414
Cipondoh 4 First Mile Hub, 106.680699, -6.201297
Cengkareng 13 First Mile Hub, 106.764445, -6.144439
Bontang Selatan 2 Hub, 117.480853, 0.116476
Bajubang 2 Hub, 103.28675, -1.849667
Sinaboi (Senaboi) 2 Hub, 100.981361, 2.284278
Sekadau Hilir 3 Hub, 110.918009, -0.000047
Parung Panjang Hub, 106.559492, -6.350974
Pamenang Barat 4 Hub, 102.374812, -2.20554
Kumpeh Hub, 103.8875, -1.53875
Bogor Timur 2 First Mile Hub, 106.836097, -6.614709
Way Jepara Hub, 105.695121, -5.174574
Sengah Temila 3 Hub, 109.566444, 0.371861
Sei Balai Hub, 99.581833, 3.128389
Panai Tengah Hub, 100.224611, 2.450389
Meliau 3 Hub, 110.361341, -0.259042
Lahat 2 Hub, 103.524336, -3.776111
Kota Waingapu 2 Hub, 120.272056, -9.664306
Klapanunggal 2 First Mile Hub, 106.903979, -6.470287
Kademangan Hub, 112.143876, -8.14806
Kademangan First Mile Hub, 112.143876, -8.14806
Batu Hampar Hub, 100.927877, 1.926052
Banjarbaru 2 Hub, 114.833336, -3.460837
Banjarbaru 2 First Mile Hub, 114.833336, -3.460837
Way Halim Hub, 105.277518, -5.396319
Pakuhaji 7 First Mile Hub, 106.63075, -6.067611
Rengat Barat Hub, 102.450622, -0.391951
Muara Muntai Hub, 116.389614, -0.35969
Mendo Barat 2 Hub, 106.0735, -2.135333
Kuala Binjai Barat Hub, 98.399102, 3.528217
Koto Parik Gadang Diateh 2 Hub, 100.968891, -1.349683
Belawa Hub, 119.939431, -3.980711
Air Napal Hub, 102.185908, -3.622346
Toho Hub, 109.205699, 0.399613
Semendawai Timur Hub, 104.786991, -3.965242
Pesisir Selatan Hub, 104.023056, -5.326797
Pemahan Hub, 110.577722, -1.746417
Bathin Viii (Batin Viii) Hub, 102.574833, -2.261444
Cileungsi 2 First Mile Hub, 106.974631, -6.423194
Mampang Prapatan Hub, 106.823951, -6.266939
Tambakboyo First Mile Hub, 111.836585, -6.802669
Sidayu First Mile Hub, 112.55937, -6.961692
Purwokerto Timur First Mile Hub, 109.256489, -7.421644
Purbalingga 2 First Mile Hub, 109.357734, -7.377227
Pandeyan First Mile Hub, 110.381682, -7.816195
Lakarsantri Hub, 112.650539, -7.322136
Kaligondang 2 First Mile Hub, 109.425598, -7.380555
Teluknaga 7 First Mile Hub, 106.638694, -6.064194
Seulimeum 2 Hub, 95.576873, 5.388313
Sei Sungai Kanan 2 Hub, 99.954944, 1.722509
Negara Batin Hub, 104.907333, -4.33125
Merakurak Hub, 111.994352, -6.880489
Merakurak First Mile Hub, 111.994352, -6.880489
Lubuk Linggau Barat Hub, 102.853127, -3.302979
Langke Rembong 4 Hub, 120.470249, -8.608812
Karossa First Mile Hub, 119.401694, -1.806194
Kalirejo Hub, 104.964, -5.2257
Enok Hub, 102.954238, -0.55512
Batui Hub, 122.537639, -1.295194
Balaraja 6 First Mile Hub, 106.41845, -6.219927
Ungaran Timur Hub, 110.42195, -7.133507
Tongkuno Hub, 122.519393, -5.156428
Teramang Jaya Hub, 101.34216, -2.726584
Sampaga Hub, 119.174999, -2.338743
Punggelan Hub, 109.57023, -7.354588
Pulau Besar Hub, 106.211286, -2.785056
Pondok Suguh Hub, 101.433889, -2.850846
Pinang 8 First Mile Hub, 106.682028, -6.213194
Pengandonan Hub, 103.840965, -4.064402
Pemayung 2 Hub, 103.394733, -1.606956
Nanga Tayap 2 Hub, 110.405513, -1.56052
Munte Hub, 98.388317, 3.094082
Muara Lakitan 3 Hub, 103.124222, -2.806389
Makassar 2 Hub, 119.427562, -5.137779
Maba Hub, 128.280194, 0.874417
Lumbok Seminung Hub, 103.943961, -4.935902
Kubu 2 Hub, 109.34269, -0.43958
Kosambi 9 First Mile Hub, 106.676, -6.095722
Kolono Hub, 122.653976, -4.351369
Kendawangan 3 Hub, 110.148308, -2.357805
Katibung 4 Hub, 105.433028, -5.534417
Jaya Hub, 95.356748, 5.0774
Gunung Terang 2 Hub, 105.10295, -4.316844
Gunung Terang 2 First Mile Hub, 105.10295, -4.316844
Geumpang Hub, 96.121829, 4.849137
Datuk Bandar Hub, 99.779722, 2.943722
Datuk Bandar First Mile Hub, 99.779722, 2.943722
Binduriang Hub, 102.683722, -3.464361
Belitang Hulu Hub, 111.215475, 0.445968
Baleendah 5 First Mile Hub, 107.652583, -7.018056
Tukak Sadai Hub, 106.681607, -3.015825
Teluk Keramat 2 Hub, 109.235222, 1.468444
Ranomeeto Hub, 122.432453, -4.058498
Pati 2 Hub, 111.055083, -6.72025
Moro Hub, 103.712329, 0.753011
Lubuk Batu Jaya Hub, 102.143872, -0.386039
Lubuk Barumun Hub, 99.752556, 1.109722
Huristak Hub, 99.843035, 1.455865
Cikupa 4 First Mile Hub, 106.503536, -6.229414
Bagelen First Mile Hub, 109.996033, -7.819141
Abepura 2 Hub, 140.690561, -2.619617
Warungasem Hub, 109.700207, -6.925093
Ulu Musi Hub, 102.794428, -3.758223
Ulee Kareng 3 Hub, 95.359278, 5.555556
Teluk Batang 2 Hub, 106.859884, -6.173567
Tebas 2 Hub, 109.149209, 1.232354
Tanah Siang Selatan Hub, 114.451459, -0.678023
Stabat 2 Hub, 106.859884, -6.173567
Seputih Raman Hub, 105.329833, -4.9655
Selagai Lingga Hub, 104.836861, -5.049528
Sei Bamban Hub, 99.153194, 3.461611
Sebatik Hub, 117.905751, 4.150546
Salak Hub, 98.324502, 2.55237
Rantau Pandan Hub, 106.859884, -6.173567
Petasia 2 Hub, 106.859884, -6.173567
Pematang Sidamanik Hub, 98.818113, 2.805652
Pegajahan Hub, 98.985194, 3.4868
Pangkalan Lampam Hub, 105.096976, -3.20829
Panggungrejo Hub, 106.859884, -6.173567
Palang Hub, 112.133938, -6.905328
Muja Muju Hub, 106.859884, -6.173567
Muara Tami Hub, 140.806481, -2.637701
Muara Batang Gadis Hub, 98.929261, 1.062368
Menggala Hub, 105.232299, -4.493725
Madidir Hub, 125.159676, 1.44311
Madang Suku 2 Hub, 104.498071, -4.020437
Limau 2 Hub, 104.81275, -5.600361
Lembar Hub, 116.086752, -8.705493
Kotawaringin Lama 2 Hub, 111.43258, -2.481924
Kaubun 2 Hub, 117.85375, 1.067528
Karossa Hub, 119.401694, -1.806194
Kadupandak Hub, 107.046975, -7.259352
Jati 4 Hub, 110.799454, -6.909041
Ella Hilir Hub, 112.004556, -0.418306
Cisompet Hub, 107.810757, -7.55335
Cikeusik Hub, 105.881607, -6.730277
Buay Pemaca Hub, 104.139583, -4.611111
Bahodopi 4 Hub, 122.129872, -2.796507
Arjasa Kab. Sumenep Hub, 115.305, -6.855583
Tapos 4 First Mile Hub, 106.8431, -6.4388
Tanjung Priok 11 First Mile Hub, 106.859884, -6.173567
Tambora Jakarta Barat 5 First Mile Hub, 106.859884, -6.173567
Taman Sari 8 First Mile Hub, 106.83701, -6.163991
Taman Sari 10 First Mile Hub, 106.859884, -6.173567
Susukan 2 First Mile Hub, 108.395905, -6.644078
Soreang 3 First Mile Hub, 107.550935, -7.007249
Pinang 9 First Mile Hub, 106.859884, -6.173567
Penjaringan 38 First Mile Hub, 106.762347, -6.136731
Penjaringan 17 First Mile Hub, 106.859884, -6.173567
Penjaringan 16 First Mile Hub, 106.859884, -6.173567
Penjaringan 10 First Mile Hub, 106.859884, -6.173567
Palembang 3 First Mile Hub, 106.859884, -6.173567
Pakuhaji 3 First Mile Hub, 106.623861, -6.06775
Medan Helvetia 9 First Mile Hub, 106.859884, -6.173567
Medan Helvetia 5 First Mile Hub, 98.669472, 3.592806
Kutawaringin First Mile Hub, 107.533424, -6.948062
Kosambi 23 First Mile Hub, 106.859884, -6.173567
Kosambi 19 First Mile Hub, 106.859884, -6.173567
Koja 2 First Mile Hub, 106.9005, -6.130139
Karawaci 5 First Mile Hub, 106.859884, -6.173567
Kalideres 27 First Mile Hub, 106.701737, -6.172827
Kalideres 21 First Mile Hub, 106.706139, -6.121342
Kalideres 11 First Mile Hub, 106.715037, -6.11363
Ciracas 6 First Mile Hub, 106.871237, -6.312919
Ciracas 3 First Mile Hub, 106.859884, -6.173567
Cimanggis 3 First Mile Hub, 106.859884, -6.173567
Cengkareng 30 First Mile Hub, 106.859884, -6.173567
Cengkareng 19 First Mile Hub, 106.859884, -6.173567
Bekasi Timur 7 First Mile Hub, 106.859884, -6.173567
Bekasi Timur 6 First Mile Hub, 106.859884, -6.173567
Bandung Kulon 2 First Mile Hub, 107.571376, -6.933325
Babakan Ciparay 5 First Mile Hub, 106.859884, -6.173567
Andir 2 First Mile Hub, 107.58147, -6.909852
Bakam 2 Hub, 105.859111, -1.962472
Cipatujah Hub, 108.068912, -7.669553
Sukoharjo Wonosobo Hub, 109.797533, -7.409026
Wanasari First Mile Hub, 109.006555, -6.873753
Tewah Hub, 113.724065, -1.021162
Tewah First Mile Hub, 113.722362, -1.044102
Tarogong First Mile Hub, 107.893463, -7.171367
Tahunan First Mile Hub, 110.664881, -6.611319
Soko First Mile Hub, 111.971556, -7.086127
Sengah Temila 2 Hub, 109.740325, 0.395324
Muara Batang Toru Hub, 98.987738, 1.451959
Moyo Hilir Hub, 117.429111, -8.517833
Medan Satria 2 First Mile Hub, 106.987946, -6.231461
Larangan 4 Hub, 108.95409, -7.002404
Cibatu First Mile Hub, 107.988143, -7.106149
Brondong First Mile Hub, 112.266494, -6.882702
Arjasari 2 First Mile Hub, 107.601006, -7.049006
Waru Sidoarjo Hub, 112.770378, -7.352757
Waru Sidoarjo First Mile Hub, 112.770378, -7.352757
Tulungagung 3 First Mile Hub, 111.910495, -8.074051
Tangerang 8 First Mile Hub, 106.681668, -6.157743
Tangerang 6 First Mile Hub, 106.831235, -6.223898
Tanah Abang 7 First Mile Hub, 106.805345, -6.174534
Sukmajaya 7 First Mile Hub, 106.831235, -6.223898
Serpong Utara 3 First Mile Hub, 106.673035, -6.236203
Semampir Hub, 112.762301, -7.222992
Penjaringan 14 Hub, 106.803348, -6.116887
Pejagoan First Mile Hub, 109.631972, -7.675946
Pedurungan 5 Hub, 110.47075, -7.002917
Ngraho First Mile Hub, 111.55055, -7.260378
Mulyorejo 3 Hub, 112.787972, -7.251296
Kuantan Mudik Hub, 101.474276, -0.633175
Kelapa Gading 5 Hub, 106.831235, -6.223898
Geger Bangkalan Hub, 112.929153, -6.988421
Gayungan Hub, 106.831235, -6.223898
Dlanggu Hub, 112.477903, -7.540743
Depok Cirebon First Mile Hub, 108.453289, -6.712614
Cimanggis 4 Hub, 106.863194, -6.374215
Cimanggis 4 First Mile Hub, 106.863194, -6.374215
Bonti Hub, 110.538778, 0.399417
Bekasi Utara 4 Hub, 106.831235, -6.223898
Alian Hub, 109.705835, -7.659681
Alian First Mile Hub, 109.705835, -7.659681
Sawah Besar 8 First Mile Hub, 106.831235, -6.223898
Rungkut 2 First Mile Hub, 112.80269, -7.317798
Penjaringan 30 First Mile Hub, 106.831235, -6.223898
Pecangaan 3 First Mile Hub, 110.716194, -6.713472
Pasar Kemis 3 First Mile Hub, 106.532329, -6.159913
Pancoran Mas 3 First Mile Hub, 106.831235, -6.223898
Pagedangan 5 First Mile Hub, 106.831235, -6.223898
Neglasari 6 First Mile Hub, 106.637302, -6.151394
Mojokerto 3 First Mile Hub, 106.831235, -6.223898
Matraman 5 First Mile Hub, 106.863678, -6.19382
Kedawung 3 First Mile Hub, 106.831235, -6.223898
Kebon Jeruk 18 First Mile Hub, 106.759734, -6.172221
Kebayoran Lama 3 First Mile Hub, 106.759648, -6.259789
Kalideres 24 First Mile Hub, 106.71247, -6.115636
Jebres 3 First Mile Hub, 110.842864, -7.537202
Gubeng 5 First Mile Hub, 106.831235, -6.223898
Gedangan 5 First Mile Hub, 112.721222, -7.395611
Cikarang Utara 3 First Mile Hub, 106.831235, -6.223898
Bogor Selatan 9 First Mile Hub, 106.7791, -6.626425
Benda 6 First Mile Hub, 106.685139, -6.101417
Bekasi Utara 4 First Mile Hub, 106.831235, -6.223898
Bantargebang 3 First Mile Hub, 106.983639, -6.321667
Arjawinangun 4 First Mile Hub, 108.416972, -6.663278
Tarumajaya 2 First Mile Hub, 106.990731, -6.15324
Tanah Sareal 2 First Mile Hub, 106.778092, -6.558403
Sawah Besar 4 First Mile Hub, 106.831235, -6.223898
Sidoarjo 5 First Mile Hub, 112.694767, -7.444309
Pedurungan 5 First Mile Hub, 110.47075, -7.002917
Pakuhaji 5 First Mile Hub, 106.630944, -6.067556
Medan Area First Mile Hub, 98.698411, 3.573019
Kemayoran 3 First Mile Hub, 106.850098, -6.166516
Karawaci 3 First Mile Hub, 106.620505, -6.191383
Jatinegara Jakarta Timur 4 First Mile Hub, 106.877971, -6.236276
Grogol Petamburan 5 First Mile Hub, 106.78624, -6.184595
Cikarang Barat 2 First Mile Hub, 107.086613, -6.283119
Cimahi Tengah First Mile Hub, 107.544521, -6.87107
Cakung 7 First Mile Hub, 106.937722, -6.177
Gambir 7 First Mile Hub, 106.831235, -6.223898
Dlanggu First Mile Hub, 112.477903, -7.540743
Cengkareng 10 First Mile Hub, 106.762548, -6.148851
Tandes 2 First Mile Hub, 112.668443, -7.254714
Semampir First Mile Hub, 112.762301, -7.222992
Mulyorejo 3 First Mile Hub, 112.787972, -7.251296
Jambangan First Mile Hub, 112.708515, -7.333729
Sawah Besar 5 First Mile Hub, 106.831235, -6.223898
Bokat Hub, 121.563924, 1.061148
Serengan 2 First Mile Hub, 110.821998, -7.589357
Bagor First Mile Hub, 111.882345, -7.585978
Kunduran First Mile Hub, 111.255702, -7.048466
Paiton First Mile Hub, 113.499853, -7.750138
Setu Kota Tangerang Selatan First Mile Hub, 106.687069, -6.342112
Bogor Utara 2 First Mile Hub, 106.824916, -6.547069
Srono First Mile Hub, 114.281147, -8.410246
Sentolo 2 First Mile Hub, 110.222833, -7.846063
Kemiri First Mile Hub, 109.909083, -7.674833
Godean First Mile Hub, 110.293636, -7.767659
Setu Kota Tangerang Selatan 5 First Mile Hub, 106.686846, -6.3342
Candisari First Mile Hub, 110.432394, -7.009421
Kedungwuni 4 First Mile Hub, 109.6392, -6.9522
Cipondoh 6 First Mile Hub, 106.684286, -6.195532
Alalak First Mile Hub, 114.596316, -3.275435
Teluknaga 5 First Mile Hub, 106.639139, -6.064273
Parung 2 First Mile Hub, 106.697639, -6.440583
Panongan 4 First Mile Hub, 106.526207, -6.302129
Pakuhaji 4 First Mile Hub, 106.628833, -6.064556
Cengkareng 15 First Mile Hub, 106.739417, -6.153219
Kosambi 14 First Mile Hub, 106.694865, -6.075288
Cikatomas First Mile Hub, 108.260384, -7.616619
Banjarmasin Barat First Mile Hub, 114.567305, -3.313706
Welahan First Mile Hub, 110.724806, -6.754107
Lubuk Begalung 3 First Mile Hub, 100.381646, -0.955746
Popayato First Mile Hub, 121.450293, 0.506246
Serengan 2 Hub, 110.821998, -7.589357
Candisari Hub, 110.432394, -7.009421
Serpong Utara Hub, 106.64545, -6.237425
Cibitung 4 Hub, 107.066508, -6.305262
Bagor Hub, 111.882345, -7.585978
Kunduran Hub, 111.255702, -7.048466
Sepauk 3 Hub, 111.285763, -0.01555
Sitiung Hub, 101.678889, -1.033917
Pubian 3 Hub, 104.888111, -5.088083
Kerinci Kanan Hub, 101.824668, 0.539062
Jayaloka Hub, 103.196417, -3.374528
Lengkong Hub, 106.707972, -7.129361
Gunung Agung Hub, 105.068308, -4.298694
Gunung Sahilan Hub, 101.290833, 0.087139
Rawa Jitu Selatan Hub, 105.690406, -4.212082
Bayung Lencir 3 Hub, 103.657446, -1.949353
Sembawa Hub, 104.535637, -2.921062
Wanasaba Hub, 116.559122, -8.574971
Bahodopi 2 Hub, 122.195083, -2.896028
Lubuk Begalung 3 Hub, 100.381646, -0.955746
Welahan Hub, 110.724806, -6.754107
Popayato Hub, 121.450293, 0.506246
Bagelen Hub, 109.996033, -7.819141
Wonocolo 3 First Mile Hub, 106.83123, -6.223898
Wlingi Hub, 112.336031, -8.083685
Wlingi First Mile Hub, 112.336031, -8.083685
Way Sulan Hub, 105.541807, -5.467219
Way Serdang Hub, 105.180395, -4.088935
Wawotobi Hub, 122.100389, -3.875722
Wanaraya Hub, 114.628685, -3.009254
VII Koto Hub, 102.057722, -1.150778
Ujan Mas Hub, 103.770607, -3.556882
Tosari Hub, 112.90363, -7.890471
Tosari First Mile Hub, 106.83123, -6.223898
Tigaraksa 4 First Mile Hub, 106.472851, -6.294004
Tibawa 2 Hub, 122.856639, 0.654444
Tempunak Hub, 111.348972, -0.0335
Teluknaga 4 First Mile Hub, 106.639806, -6.063222
Tanjung Priok 14 First Mile Hub, 106.83123, -6.223898
Tanjung Priok 12 First Mile Hub, 106.83123, -6.223898
Tandes 3 First Mile Hub, 112.6451, -7.2725
Tambora Jakarta Barat 3 First Mile Hub, 106.83123, -6.223898
Taman Sari 7 First Mile Hub, 106.822158, -6.151311
Taman Sari 5 First Mile Hub, 106.821398, -6.147309
Talamau Hub, 99.92725, 0.150083
Takisung Hub, 114.649767, -3.884734
Tabir Timur Hub, 106.83123, -6.223898
Sungai Lilin 3 Hub, 104.038639, -2.514222
Sumbul Hub, 98.416209, 2.743484
Sukmajaya 5 First Mile Hub, 106.849067, -6.405301
Sipoholon Hub, 98.96075, 2.111
Sipatana 2 Hub, 123.06578, 0.577872
Singkep 2 Hub, 104.56075, -0.499738
Singkawang Utara Hub, 109.010779, 0.940291
Simpang Dua Hub, 110.380387, -0.782146
Buduran Hub, 112.72335, -7.423889
Sekarbela Hub, 116.076333, -8.594194
Sekadau Hulu Hub, 110.870667, -0.144722
Sebangau 2 Hub, 106.83123, -6.223898
Sayung 3 Hub, 106.83123, -6.223898
Sampanahan Hub, 116.187528, -2.652639
Rumbia 2 Hub, 119.8525, -5.500806
Reok Hub, 120.488194, -8.307278
Pulau Laut Timur Hub, 116.238584, -3.380352
Plakat Tinggi (Pelakat Tinggi) 2 Hub, 103.526278, -2.874306
Penjaringan 44 First Mile Hub, 106.83123, -6.223898
Penjaringan 41 First Mile Hub, 106.83123, -6.223898
Penjaringan 35 First Mile Hub, 106.83123, -6.223898
Penjaringan 32 First Mile Hub, 106.83123, -6.223898
Penjaringan 24 First Mile Hub, 106.799856, -6.136471
Penjaringan 23 First Mile Hub, 106.83123, -6.223898
Penjaringan 19 First Mile Hub, 106.83123, -6.223898
Penjaringan 18 First Mile Hub, 106.748639, -6.13275
Penjaringan 15 First Mile Hub, 106.722575, -6.107447
Pekanbaru 3 First Mile Hub, 106.83123, -6.223898
Pekalongan Barat 2 First Mile Hub, 109.668163, -6.898986
Pejagoan Hub, 109.631972, -7.675946
Pasar Rebo 3 First Mile Hub, 106.868063, -6.345563
Parang Hub, 111.34065, -7.748754
Pangaribuan Hub, 99.14517, 2.005271
Pamona Selatan Hub, 120.685025, -2.079514
Pagelaran Kab. Cianjur Hub, 107.136983, -7.21501
Pagelaran Kab. Cianjur First Mile Hub, 107.136983, -7.21501
Muara Tabir Hub, 102.53462, -1.687783
Muara Tabir First Mile Hub, 102.53462, -1.687783
Mori Atas Hub, 120.981497, -1.99924
Mojo Hub, 111.959856, -7.91881
Mojo First Mile Hub, 111.959856, -7.91881
Mersam 2 Hub, 102.93089, -1.64301
Merapi Timur Hub, 103.698506, -3.675601
Mentebah Hub, 112.79825, 0.545972
Melonguane Hub, 126.678148, 3.996682
Medan Selayang 2 Hub, 98.633194, 3.555391
Medan 4 First Mile Hub, 106.83123, -6.223898
Maronge Hub, 117.699007, -8.6696
Maniang Pajo Hub, 120.071459, -3.94857
Mandolang Hub, 124.799053, 1.459889
Mandastana 2 Hub, 114.653444, -3.182556
Makasar 2 First Mile Hub, 106.877917, -6.243833
Loa Janan Ilir Hub, 117.086186, -0.558542
Lawang Wetan Hub, 103.701611, -2.793722
Lalan 2 Hub, 104.462917, -2.328222
Kosambi 15 First Mile Hub, 106.660936, -6.073477
Kosambi 10 First Mile Hub, 106.681217, -6.081635
Kokop Hub, 113.0335, -6.888799
Koja 4 First Mile Hub, 106.83123, -6.223898
Kerjo Hub, 111.051542, -7.536692
Kerjo First Mile Hub, 111.051542, -7.536692
Kelapa Gading 5 First Mile Hub, 106.83123, -6.223898
Kelapa Dua 5 First Mile Hub, 106.594194, -6.269949
Kelapa Dua 4 First Mile Hub, 106.611936, -6.237497
Kebon Jeruk 14 First Mile Hub, 106.83123, -6.223898
Kebon Jeruk 12 First Mile Hub, 106.772167, -6.162472
Katikutana 2 Hub, 106.83123, -6.223898
Kapuas (Sanggau Kapuas) Hub, 106.83123, -6.223898
Kaliwedi 3 First Mile Hub, 106.83123, -6.223898
Kalideres 25 First Mile Hub, 106.83123, -6.223898
Kalideres 13 First Mile Hub, 106.699888, -6.138677
Kalibunder Hub, 106.7125, -7.265444
Jereweh Hub, 116.817249, -8.830115
Jaken Hub, 111.238158, -6.775001
Jaken First Mile Hub, 111.238158, -6.775001
Jagakarsa 4 Hub, 106.822678, -6.346105
Jagakarsa 4 First Mile Hub, 106.822678, -6.346105
Hulu Sungkai Hub, 106.83123, -6.223898
Gantung Hub, 108.173606, -2.955919
Gambir 8 First Mile Hub, 106.83123, -6.223898
Empanang Hub, 111.769806, 0.84825
Driyorejo 4 First Mile Hub, 112.575806, -7.382638
Driyorejo 2 First Mile Hub, 106.83123, -6.223898
Denpasar Selatan 3 First Mile Hub, 115.218801, -8.695291
Curug 6 First Mile Hub, 106.562917, -6.249
Curug 5 First Mile Hub, 106.550361, -6.267114
Colomadu 3 First Mile Hub, 110.761674, -7.532473
Ciomas 3 First Mile Hub, 106.757767, -6.585279
Cilodong 3 First Mile Hub, 106.895237, -6.404775
Cikidang Hub, 106.683633, -6.868324
Cikarang Selatan 4 Hub, 107.118981, -6.356454
Cikadu Hub, 107.25775, -7.322944
Ciampea 4 First Mile Hub, 106.707873, -6.558762
Cengkareng 31 First Mile Hub, 106.83123, -6.223898
Cengkareng 27 First Mile Hub, 106.831235, -6.223898
Cengkareng 21 First Mile Hub, 106.83123, -6.223898
Cengkareng 17 First Mile Hub, 106.83123, -6.223898
Cengkareng 16 First Mile Hub, 106.731342, -6.145262
Cengal Hub, 105.424472, -3.508083
Cakung 19 First Mile Hub, 106.942439, -6.175002
Cakung 18 First Mile Hub, 106.934939, -6.206377
Cakung 10 First Mile Hub, 106.83123, -6.223898
Bojongloa Kidul 3 First Mile Hub, 107.59518, -6.946297
Bogor Selatan 11 First Mile Hub, 106.801648, -6.615136
Betung 2 Hub, 106.83123, -6.223898
Berastagi 2 Hub, 106.83123, -6.223898
Berastagi 2 First Mile Hub, 106.83123, -6.223898
Batulicin 4 Hub, 115.995806, -3.488222
Batu Engau Hub, 116.074446, -2.227863
Batanghari Leko Hub, 103.780944, -2.587139
Barong Tongkok 2 Hub, 115.676889, -0.280333
Barombong Hub, 119.413361, -5.226944
Banyuasin II Hub, 104.892442, -2.362501
Bandar Huluan Hub, 99.175444, 3.111972
Balaraja 5 Hub, 106.83123, -6.223898
Balaraja 5 First Mile Hub, 106.83123, -6.223898
Aek Natas Hub, 99.715307, 2.35227
Adiwerna 2 Hub, 109.118549, -6.940724
Abung Tengah Hub, 104.77127, -4.882315
Abung Tengah First Mile Hub, 104.77127, -4.882315
Abung Selatan Hub, 104.960358, -4.872049
MH 2 Ratahan Hub, 124.807016, 1.065013
MH 1 Ratahan Hub, 124.807016, 1.065013
MH 1 Asakota Hub, 118.781016, -8.342545
MH 2 Pollung Hub, 98.632953, 2.593213
MH 1 Pollung Hub, 98.651974, 2.56148
Sukorejo Kab. Ponorogo First Mile Hub, 111.405472, -7.845972
Rambipuji First Mile Hub, 113.594143, -8.218442
Kosambi 13 First Mile Hub, 106.680027, -6.077472
Winong First Mile Hub, 111.109627, -6.842474
Dondo First Mile Hub, 120.532889, 0.77725
Sukorejo Kab. Ponorogo Hub, 111.405472, -7.845972
Rambipuji Hub, 113.594143, -8.218442
Gedung Meneng Hub, 105.648917, -4.394389
Sematang Borang Hub, 104.847466, -2.942839
Kusan Hulu Hub, 115.77997, -3.533333
Palas Hub, 105.681713, -5.643003
Seputih Surabaya Hub, 105.615396, -4.689434
Bandar Mataram 3 Hub, 105.394428, -4.744585
Idano Gawo Hub, 97.780048, 1.022591
Benua Kayong Hub, 109.964984, -1.861519
Winong Hub, 111.109627, -6.842474
Wado Hub, 108.094873, -6.952719
Pulomerak 2 Hub, 105.995852, -5.926341
Murung Pudak Hub, 115.428296, -2.170648
Lubai Ulu 2 Hub, 104.297556, -3.663639
Kualuh Hilir Hub, 100.017487, 2.582352
Dondo Hub, 120.532889, 0.77725
Margasari Hub, 109.011806, -7.095046
Margasari First Mile Hub, 109.011806, -7.095046
Cimahi Utara First Mile Hub, 107.561099, -6.866836
Jampang Kulon First Mile Hub, 106.62389, -7.273558
Cicantayan First Mile Hub, 106.864833, -6.904861
Kahu Hub, 120.109789, -4.968313
Selomerto Hub, 109.872361, -7.419167
Banjarmasin Timur First Mile Hub, 114.629057, -3.342386
Banjarmasin Selatan First Mile Hub, 114.59711, -3.351562
MH 1 Kampung Rakyat Hub, 100.138924, 2.057481
MH 2 Katingan Hilir 2 Hub, 113.281801, -1.903323
MH 2 Mempawah Hulu Hub, 109.372372, 0.536164
MH 1 Sei Ambawang Hub, 109.403242, -0.038749
MH 1 Bontomarannu Hub, 119.512748, -5.232306
Kao Hub, 127.900811, 1.171439
Kao First Mile Hub, 127.901528, 1.171611
Hamparan Perak 2 Hub, 98.555583, 3.770194
Hamparan Perak 2 First Mile Hub, 98.555583, 3.770194
Sungai Mandau Hub, 101.694959, 0.877561
Kapur IX Hub, 100.550274, 0.239325
Balaraja First Mile Hub, 106.456105, -6.200376
Cabangbungin 2 First Mile Hub, 107.180052, -6.088188
Terbanggi Besar 3 Hub, 105.193122, -4.938464
Kualuh Selatan 2 Hub, 99.626043, 2.494
Banjarmasin Utara 3 Hub, 114.576083, -3.322194
Tapung 3 Hub, 101.247083, 0.555444
Tiga Panah Hub, 98.505856, 3.089003
Labang Hub, 112.77561, -7.129372
Satui 2 Hub, 115.475194, -3.748833
Bogor Selatan 4 Hub, 106.810037, -6.628515
Tumbang Titi Hub, 110.612938, -1.829175
Medan Helvetia 3 First Mile Hub, 98.646857, 3.616439
Jatiuwung 3 First Mile Hub, 106.55454, -6.198093
Jatiuwung 2 First Mile Hub, 106.554877, -6.197059
Kalideres 12 First Mile Hub, 106.717425, -6.112532
Cibitung 3 First Mile Hub, 107.086295, -6.257283
Kalideres 10 First Mile Hub, 106.699791, -6.126122
Labang First Mile Hub, 112.77561, -7.129372
Bogor Selatan 4 First Mile Hub, 106.810037, -6.628515
Abeli Hub, 122.58167, -3.9828
Kosambi 17 First Mile Hub, 106.683361, -6.07025
Tambun Selatan 4 First Mile Hub, 107.057802, -6.253193
Bintauna First Mile Hub, 123.54643, 0.88017
Arso 2 Hub, 140.748054, -2.870408
Ciparay 2 Hub, 107.70766, -7.085124
Kubung Hub, 100.685811, -0.844438
Mangara Bombang Hub, 119.438829, -5.47933
Kelara Hub, 119.791304, -5.579503
Martapura 4 Hub, 114.884193, -3.38624
Berbek Hub, 111.824608, -7.679362
Kempo Hub, 118.242293, -8.555362
Rancasari Hub, 107.677055, -6.960772
Sambikerep 3 First Mile Hub, 112.638577, -7.264216
Cikupa 5 First Mile Hub, 106.506861, -6.217028
Rancasari First Mile Hub, 107.677055, -6.960772
Berbek First Mile Hub, 111.824608, -7.679362
Jatitujuh Hub, 108.279683, -6.652188
Karangpilang Hub, 112.685987, -7.346097
Jagong Jeget Hub, 96.757436, 4.375773
Baamang 2 Hub, 112.506972, -2.545126
Karangpilang First Mile Hub, 112.689444, -7.348056
Patokbeusi Hub, 107.578778, -6.376556
Cireunghas Hub, 107.014443, -6.948944
Tanjung Kemuning Hub, 103.184, -4.607278
Borobudur Hub, 110.218002, -7.604607
Legok 4 First Mile Hub, 106.556107, -6.326357
Cireunghas First Mile Hub, 107.014443, -6.948944
Borobudur First Mile Hub, 110.218002, -7.604607
Tanjung Kemuning First Mile Hub, 103.273889, -4.363889
Sesayap Hub, 116.914374, 3.60256
Tompaso Baru Hub, 124.469796, 0.918174
Sesayap First Mile Hub, 117.143611, 3.559722
Tompaso Baru First Mile Hub, 124.469796, 0.918174
Pantai Baru Hub, 123.232783, -10.620338
Heram Hub, 140.627611, -2.594194
Tambora 5 First Mile Hub, 106.8066, -6.136271
Ciomas 4 Hub, 106.758778, -6.601861
Pondok Aren 4 Hub, 106.696333, -6.250444
Mandau 3 Hub, 101.244722, 1.247778
Rupat Utara Hub, 101.715988, 1.949078
Galesong Utara Hub, 119.3838, -5.26169
Enggal Hub, 105.269444, -5.42075
Cikarang Pusat Hub, 107.174176, -6.354003
Kosambi 12 First Mile Hub, 106.689361, -6.08125
Cibitung 4 First Mile Hub, 107.066508, -6.305262
Cikarang Pusat First Mile Hub, 107.174176, -6.354003
Sawangan Hub, 106.770167, -6.404668
Ngemplak Kab. Boyolali Hub, 110.75636, -7.51202
Penjaringan 12 Hub, 106.786938, -6.127938
Angkola Timur Hub, 99.341113, 1.483784
Cikembar Hub, 106.829571, -6.963856
Sawangan First Mile Hub, 106.770515, -6.404691
Cikembar First Mile Hub, 106.829571, -6.963856
Penjaringan 12 First Mile Hub, 106.786938, -6.127938
Cakung 4 DC, 106.944429, -6.171741
SPX Express Seller POLAARLOJI, 106.843251, -6.292586
Virtual Cakung 2 DC, 106.94176, -6.167124
MH 1 Papalang Hub, 119.15863, -2.430669
MH 2 Libureng Hub, 119.989085, -4.767513
MH 1 Teweh Selatan Hub, 114.953577, -1.133261
MH 5 Gunung Sitoli Hub, 97.600887, 1.320127
MH 4 Teluk Dalam Hub, 97.808662, 0.563491
MH 3 Teluk Dalam Hub, 97.808662, 0.563491
MH 2 Musi Rawas Hub, 102.955278, -3.184861
MH 2 Paloh Hub, 109.220904, 1.630378
MH 2 Rupat Hub, 101.522205, 1.719032
MH 2 Bontang Hub, 117.479838, 0.132973
MH 3 Sanggau Ledo Hub, 109.701796, 1.14548
MH 2 Mandrehe Hub, 97.489804, 1.049401
MH 1 Gido Hub, 97.732289, 1.109781
SPX Express Seller terrypalmerid, 106.59055, -6.218687
SPX Express Seller mallafashionofficial, 107.563831, -6.917604
Trisi Terisi Hub, 108.165269, -6.461651
Trisi Terisi First Mile Hub, 108.165269, -6.461651
Waru Kab. Penajam Paser Utara Hub, 116.616142, -1.392026
Dayeuhkolot 3 First Mile Hub, 107.586308, -6.971654
Majauleng Hub, 120.181222, -4.016278
Silaut Hub, 101.144451, -2.372637
Kuta Selatan 5 Hub, 115.204941, -8.786354
Balai Riam Hub, 111.18543, -2.330661
Teluk Mengkudu Hub, 99.112273, 3.557295
Teluk Mengkudu First Mile Hub, 99.112273, 3.557295
Praya Barat Daya Hub, 116.201448, -8.738611
Lumbir First Mile Hub, 108.954724, -7.444286
Kutalimbaru Hub, 98.5496, 3.51372
Kebun Tebu Hub, 104.514889, -5.036944
Habinsaran Hub, 99.347549, 2.305637
Cipongkor Hub, 107.341179, -6.920548
Cipongkor First Mile Hub, 107.341179, -6.920548
Cilandak 2 Hub, 106.775113, -6.299415
Panjalu Hub, 108.276421, -7.142036
Overflow Cilincing First Mile Hub, 106.93209, -6.152868
Overflow Medan Satria First Mile Hub, 106.979313, -6.198947
Overflow Depok First Mile Hub, 106.861307, -6.411211
Overflow Legok First Mile Hub, 106.593782, -6.286717
Overflow Sepatan First Mile Hub, 106.5918, -6.15206
Overflow Kosambi First Mile Hub, 106.690375, -6.076182
Penjaringan 14 First Mile Hub, 106.803348, -6.116887
Wonopringgo Hub, 109.634845, -6.99883
Wonopringgo First Mile Hub, 109.634845, -6.99883
Wongsorejo Hub, 114.398692, -7.984854
Wongsorejo First Mile Hub, 114.398616, -7.984899
Wita Ponda Hub, 121.623676, -2.215738
Watulimo Hub, 111.727712, -8.210191
Ternate Selatan 2 Hub, 127.34165, 0.758562
Temayang First Mile Hub, 111.852028, -7.243333
Tanjung Mutiara Hub, 99.931167, -0.40325
Talawi Kota Sawah Lunto Hub, 100.738841, -0.636786
Sungai Sembilan Hub, 101.3356, 1.778859
Sungai Laur Hub, 110.474727, -0.953966
Sumberpucung Hub, 112.526466, -8.143097
Sumberpucung First Mile Hub, 112.526466, -8.143097
Sukolilo 2 Hub, 110.937754, -6.925403
Sukasada Hub, 115.093, -8.140611
Songgom Hub, 108.990942, -7.028746
Siak Kecil Hub, 102.135728, 1.191325
Setiabudi 2 Hub, 106.825674, -6.214518
Selo Hub, 110.459062, -7.502205
Sekotong Hub, 116.058368, -8.779502
Sarudu Hub, 119.307057, -1.713471
Sampang 2 Hub, 113.240586, -7.110735
Sampang 2 First Mile Hub, 113.240586, -7.110735
Rambah Samo Hub, 100.368944, 0.8325
Rambah Hilir Hub, 100.339167, 0.93776
Purbolinggo First Mile Hub, 105.509221, -4.970655
Pujon Hub, 112.475507, -7.847312
Pugung Hub, 104.848542, -5.35204
Pugung First Mile Hub, 104.848542, -5.35204
Plumpang First Mile Hub, 112.092477, -7.030246
Pitu Riawa Hub, 119.937227, -3.91677
Pinang 6 First Mile Hub, 106.680583, -6.205194
Pesanggrahan 2 Hub, 106.769376, -6.273115
Permata Hub, 96.915554, 4.809139
Penjaringan 11 Hub, 106.782964, -6.138714
Penjaringan 11 First Mile Hub, 106.782964, -6.138714
Pegantenan Hub, 113.482858, -7.047379
Pamona Puselemba Hub, 120.628304, -1.762335
Palmatak Hub, 106.295917, 3.344889
Pahae Julu Hub, 99.049417, 1.888068
Padang Tiji Hub, 95.846417, 5.375889
Paal Merah Hub, 103.625769, -1.649604
Paal Merah First Mile Hub, 103.625769, -1.649604
Nguntoronadi Kab. Wonogiri Hub, 111.033381, -7.944602
Neglasari 4 First Mile Hub, 106.629719, -6.138932
Muara Jawa Hub, 117.224414, -0.840651
Mranggen First Mile Hub, 110.5117, -7.02498
Mojolaban First Mile Hub, 110.905382, -7.583438
Mestong Hub, 103.533072, -1.772202
Mentaya Hulu Hub, 112.506459, -1.969243
Mengkendek Hub, 119.881833, -3.181917
Mejayan 2 Hub, 111.709139, -7.552722
Mario Riwawo Hub, 119.949969, -4.461113
Malangbong Hub, 108.087322, -7.063708
Lumban Julu Hub, 99.00925, 2.602417
Legok 3 Hub, 106.594056, -6.286722
Laguboti Hub, 99.142955, 2.37301
Konang Hub, 113.119233, -7.076553
Konang First Mile Hub, 113.119233, -7.076553
Ketol Hub, 96.716222, 4.69925
Kesugihan First Mile Hub, 109.088536, -7.62333
Kelumpang Selatan Hub, 116.105609, -3.072577
Kedungpring Hub, 112.227909, -7.169331
Kedungpring First Mile Hub, 112.227909, -7.169331
Kedungmenjangan First Mile Hub, 109.390802, -7.444274
Kebonsari Hub, 111.508794, -7.740592
Kebon Jeruk 11 First Mile Hub, 106.769761, -6.207594
Karawang Timur First Mile Hub, 107.315994, -6.309785
Kalis Hub, 112.910778, 0.702377
Kaliorang Hub, 117.871306, 0.877278
Jogorogo Hub, 111.2694, -7.510765
Inuman Hub, 101.8365, -0.489615
Gunung Megang 2 Hub, 103.874755, -3.456073
Glenmore First Mile Hub, 114.052792, -8.315972
Gandus 2 Hub, 104.68725, -3.008972
Bekasi Barat 2 First Mile Hub, 106.948877, -6.225286
Dukuhturi 2 Hub, 109.106728, -6.892774
Dukuhturi 2 First Mile Hub, 109.106728, -6.892774
Daha Selatan First Mile Hub, 115.108183, -2.635988
Citeureup 2 First Mile Hub, 106.87675, -6.512162
Cisarua Bogor First Mile Hub, 106.87382, -6.654151
Cipondoh 3 Hub, 106.681615, -6.2039
Cipondoh 3 First Mile Hub, 106.681615, -6.2039
Ciomas First Mile Hub, 106.779333, -6.629056
Cijulang Hub, 108.490778, -7.709472
Cijulang First Mile Hub, 108.490778, -7.709472
Cempaga Hub, 112.99468, -2.35078
Bontonompo Selatan Hub, 119.394875, -5.40011
Bendungan Hub, 111.693488, -7.955492
Baturaden First Mile Hub, 109.23233, -7.388519
Batuceper First Mile Hub, 106.682407, -6.158062
Barat First Mile Hub, 111.443379, -7.601066
Banjarangkan Hub, 115.389589, -8.552617
Baitussalam Hub, 95.391917, 5.58103
Baebunta Hub, 120.250694, -2.597541
Awangpone Hub, 120.297893, -4.473716
Ciledug Kota Tangerang 2 First Mile Hub, 106.703103, -6.237621
Ampel Hub, 110.590875, -7.527501
Talang Kelapa DC, 104.7704, -2.915007
SPX Express Seller pplus_shop, 112.697266, -7.239801
SPX Express Seller supeecrazysale12, 106.841401, -6.583077
SPX Express Seller noerabeautycare, 107.550184, -7.032182
SPX Express Seller yooyee.id, 106.680703, -6.205786
SPX Express Seller ajwshop.id, 106.721985, -6.109847
SPX Express Seller milanospeed, 106.619106, -6.062095
SPX Express Seller wuwenjin, 106.630953, -6.06769
SPX Express Seller victoriahouse, 112.767143, -7.263525
SPX Express Seller unicharm.id, 106.675557, -6.094435
SPX Express Seller maangeauthorisedstore, 106.675557, -6.094435
SPX Express Seller davioo_official, 106.683108, -6.072074
SPX Express Seller xobox.id, 106.683108, -6.072074
SPX Express Seller tokogrosirboby, 106.617468, -6.20131
SPX Express Seller han_river_official, 106.557237, -6.194243
SPX Express Seller zalsa_flagshipstore01, 106.773194, -6.600324
SPX Express Seller thebuzank.id, 106.856885, -6.666179
SPX Express Seller emerit1, 106.987047, -6.299045
SPX Express Seller ciaraindonesia, 106.987047, -6.299045
SPX Express Seller brighty_id, 106.987047, -6.299045
SPX Express Seller gm_bear, 106.462937, -6.214194
SPX Express Seller bostanten.woman.id, 106.444862, -6.21471
SPX Express Seller startlux, 107.572476, -6.952027
MH 1 Bacan Hub, 127.60326, -0.6293
MH 1 Teluk Pakedai Hub, 109.173193, -0.366667
MH 2 Landak Hub, 109.866435, 0.227014
MH 1 Kubu Hub, 109.234595, -0.382129
MH 1 Sepauk Hub, 111.141423, -0.24437
MH 2 Katingan Tengah Hub, 112.99748, -1.426182
MH 4 Selat Hub, 114.388775, -3.008324
MH 1 Pekat Hub, 117.715797, -8.238184
MH 1 Kampar Kiri Hub, 100.989791, -0.005976
MH 4 Tanah Sepenggal Lintas Hub, 101.767703, -1.330267
MH 1 Merapi Barat Hub, 103.664882, -3.842752
MH 2 Panai Hulu Hub, 100.301065, 2.47229
Jatisampurna Hub, 106.920139, -6.357139
Tapos 3 Hub, 106.889912, -6.425478
Matraman 3 Hub, 106.858199, -6.212664
Ciparay Hub, 107.711861, -7.035972
Pauh Kab. Sarolangun Hub, 102.815444, -2.141778
Sekolaq Darat Hub, 115.793333, -0.227111
Rokan IV Koto Hub, 100.416778, 0.55875
Sapuran Hub, 109.97547, -7.443909
Paseh 2 First Mile Hub, 107.778528, -7.053889
Jatisampurna First Mile Hub, 106.920139, -6.357139
Tapos 3 First Mile Hub, 106.889912, -6.425478
Matraman 3 First Mile Hub, 106.858199, -6.212664
Ciparay First Mile Hub, 107.711861, -7.035972
Margaasih 3 First Mile Hub, 107.534618, -6.953424
Pauh Kab. Sarolangun First Mile Hub, 102.815444, -2.141778
Mayong First Mile Hub, 110.73871, -6.75094
Tanjung Priok 8 First Mile Hub, 106.891643, -6.135069
SPX Express Seller Whitelab Official Shop, 106.819602, -6.126736
SPX Express Seller glowcollection88, 106.782547, -6.155029
SPX Express Seller madamegieofficial, 106.786613, -6.184709
Overflow Sunter First Mile Hub, 106.879822, -6.132086
SPX Express Seller cozme, 106.865431, -6.515172
SPX Express Seller tntbeautyshop, 106.769392, -6.150303
SPX Express Seller Polynia Official Shop, 106.837879, -6.132298
SPX Express Seller Linda & Anne, 106.722816, -6.114981
SPX Express Seller Makuku, 106.932321, -6.147306
SPX Express Seller scarlettofficialshop, 106.744705, -6.129662
SPX Express Seller Beauty Corner, 106.753387, -6.56806
Cengkareng 11 Hub, 106.7652, -6.154196
Cengkareng 11 First Mile Hub, 106.7652, -6.154196
Malunda Hub, 118.859446, -3.018189
Ilir Barat I 2 Hub, 104.705307, -2.988128
Sepaku 2 Hub, 116.764165, -0.915537
Kabun Hub, 100.781481, 0.466497
Bukit Batu Kota Palangka Raya Hub, 113.759822, -1.98793
Waway Karya Hub, 105.598801, -5.432365
Ulu Barumun Hub, 99.689, 1.064639
Teunom Hub, 95.793626, 4.473
Tegalsari First Mile Hub, 112.726376, -7.263746
Tambakboyo Hub, 111.836585, -6.802669
Subang Kab. Kuningan Hub, 108.534066, -7.128666
Pulau Maya Hub, 109.678407, -1.211061
Pondok Melati First Mile Hub, 106.923781, -6.305719
Metro Utara Hub, 105.299904, -5.128201
Lubuk Pinang Hub, 101.157528, -2.430722
Lubuk Kilangan Hub, 100.43325, -0.94975
Kunto Darussalam Hub, 100.640125, 0.824306
Kamang Baru 2 Hub, 101.39022, -0.817978
Kamang Baru 2 First Mile Hub, 101.387816, -0.817813
Danau Seluluk Hub, 112.259306, -2.372528
Bungkal Hub, 111.453244, -8.00938
Bungkal First Mile Hub, 111.453244, -8.00938
Bandar Pasir Mandoge Hub, 99.33855, 2.770357
Bajuin Hub, 114.817321, -3.796882
Pacet Kab. Cianjur 2 Hub, 107.04805, -6.758713
Pacet Kab. Cianjur 2 First Mile Hub, 107.04805, -6.758713
Matan Hilir Utara Hub, 110.081167, -1.461111
Kosambi 8 First Mile Hub, 106.677527, -6.092226
Kembangan 6 First Mile Hub, 106.759684, -6.198105
Candipuro 2 Hub, 113.06726, -8.188727
Candipuro 2 First Mile Hub, 113.06726, -8.188727
Babelan 4 Hub, 107.045723, -6.165497
Bantan Hub, 102.2184, 1.533899
Sinoa Hub, 119.9269, -5.498999
Sindangresmi Hub, 105.977923, -6.511044
Ngancar Hub, 112.17736, -7.949748
Ngancar First Mile Hub, 112.17736, -7.949748
Muara Batu Hub, 96.914517, 5.23351
Kerumutan Hub, 102.257141, -0.056717
Gunung Tuleh Hub, 99.774611, 0.208222
Kandat First Mile Hub, 112.02707, -7.95815
MH 1 Musi Rawas Utara Hub, 103.109762, -2.608193
MH 1 Kesesi Hub, 109.509454, -7.137818
MH 1 Moramo Hub, 122.658857, -4.163631
Wolo Hub, 121.254322, -3.837313
Teluk Sampit Hub, 113.001192, -3.16705
Tawangharjo Hub, 110.991722, -7.082694
Tawangharjo First Mile Hub, 110.991722, -7.082694
Sentolo 2 Hub, 110.222833, -7.846063
Raya Kahean Hub, 98.956667, 3.129417
Pagar Alam Utara Hub, 103.23892, -3.999994
Marau Hub, 110.71655, -2.116072
Kaway XVI Hub, 96.19521, 4.31543
Karusen Janang Hub, 115.087667, -1.962944
Karusen Janang First Mile Hub, 115.087667, -1.962944
Bunga Mayang Hub, 104.873374, -4.57235
Babadan Hub, 111.495877, -7.822777
Babadan First Mile Hub, 111.495687, -7.822459
Seluma Timur Hub, 102.596414, -4.088422
Sekampung Udik Hub, 105.570748, -5.306165
Penukal Hub, 104.057389, -3.216806
Pakkat Hub, 98.485876, 2.147739
Kadia 2 Hub, 122.507381, -3.975005
Kadia 2 First Mile Hub, 122.507381, -3.975005
Kalipare Hub, 112.433938, -8.184245
Kalipare First Mile Hub, 112.433938, -8.184245
Bogor Selatan 5 First Mile Hub, 106.834142, -6.639563
Balikpapan Liq Center, 116.846331, -1.175674
Tegalombo Hub, 111.29095, -8.061829
Tegalombo First Mile Hub, 111.2884, -8.061807
Kebayoran Lama Hub, 106.782915, -6.213234
Belakang Padang Hub, 103.892229, 1.155226
Wedung First Mile Hub, 110.616358, -6.792336
Tenggarang Hub, 113.853034, -7.908368
Tenggarang First Mile Hub, 113.853034, -7.908368
Telaga Antang Hub, 112.616898, -1.812676
Tarakan Utara Hub, 117.569094, 3.368217
Tangerang 3 First Mile Hub, 106.656111, -6.166611
Tanah Abang 6 First Mile Hub, 106.7914, -6.207882
Tambora 4 Hub, 106.808269, -6.159991
Tambora 4 First Mile Hub, 106.80568, -6.159982
Tambaksari 2 Hub, 112.762391, -7.25114
Sungai Melayu Rayak First Mile Hub, 110.45575, -1.775389
Sipatana Hub, 123.063087, 0.581559
Simpang Kanan Hub, 97.989993, 2.443287
Sewon Hub, 110.374597, -7.871249
Sewon First Mile Hub, 110.37202, -7.871232
Sedati First Mile Hub, 112.761146, -7.374145
Polombangkeng Utara (Polobangkeng) Hub, 119.462347, -5.372138
Pinang 5 First Mile Hub, 106.681553, -6.206028
Pangkalan Banteng 2 Hub, 111.912115, -2.470355
Pamukan Barat Hub, 116.01175, -2.336444
Mesuji Makmur Hub, 104.936243, -4.058212
Mentaya Hilir Utara Hub, 112.911169, -2.734676
Manyak Payed Hub, 98.06764, 4.398841
Manyak Payed First Mile Hub, 98.06764, 4.398841
Mallusetasi Hub, 119.627568, -4.20049
Lirik Hub, 102.345559, -0.357234
Langgam Hub, 101.698251, 0.145761
Kenjeran 3 Hub, 112.771948, -7.234245
Kenjeran 3 First Mile Hub, 112.771948, -7.234245
Kelayang Hub, 102.133546, -0.463824
Kebon Jeruk 9 First Mile Hub, 106.769775, -6.161692
Kalideres 9 First Mile Hub, 106.691757, -6.138542
Grogol Petamburan 3 First Mile Hub, 106.77552, -6.157407
Geneng Hub, 111.440303, -7.43034
Geneng First Mile Hub, 111.440303, -7.43034
Dolok Panribuan Hub, 99.029972, 2.809389
Bonai Darussalam Hub, 100.702417, 1.077278
Bilah Hilir Hub, 100.079047, 2.305981
Bilah Hilir First Mile Hub, 100.079047, 2.305981
Bawang Batang Hub, 109.918333, -7.096333
Bawang Batang First Mile Hub, 109.91891, -7.093422
Bandar Sei Kijang Hub, 101.634972, 0.427944
Asemrowo Hub, 112.684276, -7.239656
Asemrowo First Mile Hub, 112.684276, -7.239656
Asakota Hub, 118.755778, -8.437852
Antang Kalang Hub, 112.696387, -1.540691
Pagedangan 2 Hub, 106.596232, -6.277434
Depok First Mile Hub, 110.399969, -7.752832
MH 4 Tanjung Redeb Hub, 117.468332, 2.146913
MH 1 Tapen Hub, 114.146116, -8.00824
MH 1 Padang Bolak Hub, 99.617271, 1.491877
MH 1 Panimbang Hub, 105.795503, -6.494532
MH 2 Merek Hub, 98.537861, 2.972306
MH 1 Merek Hub, 98.537861, 2.972306
SPX Express Seller bioaquaofficialshop, 106.68939, -6.079727
SPX Express Seller ttgmotorbekasi, 107.033369, -6.232027
SPX Express Seller Secret Base, 112.751122, -7.247251
SPX Express Seller officialhirembulan, 107.639123, -6.958582
SPX Express Seller erigostore, 106.596012, -6.277081
SPX Express Seller SPX Express Brayan, 98.669499, 3.628192
SPX Express Seller Hoptech Official Store, 106.487685, -6.209436
SPX Express Seller Dingpei, 106.56269, -6.318332
SPX Express Seller kiwimart, 112.632278, -7.261012
SPX Express Seller angelfashion_77, 107.580823, -6.921049
SPX Express Seller SPX Express KD Begel, 110.706897, -7.710582
SPX Express Seller aerostreet, 110.707454, -7.606767
SPX Express Seller lozy_official, 108.24321, -7.316585
SPX Express Seller COD_KOSMETIK dan Jestham Official, 98.669649, 3.626639
SPX Express Seller SPX Express Shipper Store Medan, 98.679668, 3.679679
SPX Express Seller kalishaofficial1, 108.126564, -7.347321
SPX Express Seller Emudah, 107.170106, -6.395534
SPX Express Seller Glad2Glow official_id, 106.69015, -6.080035
SPX Express Seller skintific.indo, 106.9107, -6.19258
SPX Express Seller allyouneed, 112.703346, -7.332807
SPX Express Seller tatabeautycare, 110.725601, -7.559946
SPX Express Seller Valenchstore, 112.78135, -7.224693
SPX Express Seller SKYLO, 112.626395, -7.378792
SPX Express Seller girlfashionstory, 106.423905, -6.255757
SPX Express Seller Happytos, 112.668146, -7.256178
SPX Express Seller megah.jaya.electronic, 107.033369, -6.232027
SPX Express Seller somethinc, 106.625321, -6.211422
SPX Express Seller gudangviral, 112.780554, -7.240951
SPX Express Seller mnccosmetic, 98.66778, 3.59081
SPX Express Seller Forte.id, 112.67814, -7.24409
SPX Express Seller Satu Keluarga, 106.678053, -6.076462
SPX Express Seller YANGSTORE, 106.706158, -6.080066
SPX Express Seller osm_jkt, 106.691116, -6.076654
SPX Express Seller 99koutlet, 106.565538, -6.209203
SPX Express Seller focallureofficialshop, 106.676036, -6.095431
SPX Express Seller TMALL, 106.67777, -6.077172
SPX Express Seller hermancollection, 106.679913, -6.084736
SPX Express Seller beliacosmetic, 112.670212, -7.255878
SPX Express Seller Homedekor, 112.687472, -7.360139
SPX Express Seller Bubu Shop Official Store, 107.003291, -6.16245
SPX Express Seller Kasyfa Official, 110.672494, -7.7248
SPX Express Seller Edit by Sociolla, 106.544616, -6.226976
SPX Express Seller mycaseind, 112.654695, -7.934266
SPX Express Seller CHOCHO88 Shop, 107.613027, -6.962209
SPX Express Seller lakoeindonesia, 107.032975, -6.253353
SPX Express Seller owneruptofemalefashion, 107.570972, -6.946806
SPX Express Seller bosskosmetikmedan, 98.503574, 3.608703
SPX Express Seller Houseware Shop, 110.375932, -6.995969
SPX Express Seller MTE.id, 106.551295, -6.196078
IDBGR2 FBS, 106.827866, -6.533656
IDQ FBS, 106.827866, -6.533656
IDBGR1 FBS, 106.827866, -6.533656
IDPBR1 FBS, 101.378185, 0.501792
IDDPR1 FBS, 115.189465, -8.674696
IDP FBS, 104.734815, -2.845517
IDR FBS, 110.342373, -7.017357
IDN FBS, 116.852062, -1.180424
IDK FBS, 119.48969, -5.092903
IDS FBS, 112.662201, -7.223892
IDM FBS, 98.714474, 3.604733
IDG FBS, 106.877977, -6.132357
IDL FBS, 106.976729, -6.196415
Ciampea 2 First Mile Hub, 106.708114, -6.575468
Ciputat 2 First Mile Hub, 106.725694, -6.303694
Jasinga First Mile Hub, 106.467056, -6.474583
Giri First Mile Hub, 114.365172, -8.18595
Kragan First Mile Hub, 111.59613, -6.67673
Cempaka Putih 2 First Mile Hub, 106.891643, -6.135069
Penjaringan 13 First Mile Hub, 106.78697, -6.127848
Kembangan 5 First Mile Hub, 106.735583, -6.214917
Karangrayung First Mile Hub, 110.783637, -7.115519
Arjasa First Mile Hub, 113.773191, -8.119312
Gunung Kaler First Mile Hub, 106.404498, -6.105326
Secanggang First Mile Hub, 98.487062, 3.815509
Cidadap First Mile Hub, 107.603772, -6.88304
Teluknaga 2 First Mile Hub, 106.65746, -6.059369
Pabean Cantikan First Mile Hub, 112.737917, -7.229053
Cilincing 3 First Mile Hub, 106.927699, -6.14697
Cakung 5 First Mile Hub, 106.955651, -6.202298
Arcamanik First Mile Hub, 107.675587, -6.928708
Babelan 3 First Mile Hub, 107.019233, -6.192348
Linggang Bigung First Mile Hub, 115.632245, -0.139514
Kedungkandang 2 First Mile Hub, 112.641768, -8.021712
Pademangan 4 First Mile Hub, 106.819748, -6.129151
Pondok Aren 3 Hub, 106.706861, -6.268889
Kelapa Dua 4 Hub, 106.593087, -6.239228
Brondong Hub, 112.266494, -6.882702
Jasinga Hub, 106.467056, -6.474583
Jatiasih 4 Hub, 106.955773, -6.291287
Teluknaga 3 Hub, 106.656399, -6.069147
Arcamanik Hub, 107.675587, -6.928708
Pollung Hub, 98.731318, 2.312113
Secanggang Hub, 98.487062, 3.815509
Cidadap Hub, 107.603772, -6.88304
Taman Sari 4 Hub, 106.823486, -6.157836
Pabean Cantikan Hub, 112.737917, -7.229053
Cilincing 3 Hub, 106.927699, -6.14697
Cakung 5 Hub, 106.955651, -6.202298
Sendana Hub, 118.853518, -3.284897
Peunaron Hub, 97.673353, 4.616498
Batin XXIV Hub, 103.00297, -1.875062
Tiga Lingga Hub, 98.220905, 2.90827
Sei Kepayang Barat Hub, 99.819801, 2.970132
Lambu Hub, 119.012603, -8.60811
Samarinda Utara 2 Hub, 117.15428, -0.436068
Lintau Buo Hub, 100.755031, -0.458558
Fatuleu Hub, 123.878694, -10.062821
Dedai Hub, 111.674685, 0.055053
Timpeh Hub, 101.69773, -0.984112
Linggang Bigung Hub, 115.632245, -0.139514
Karangrayung Hub, 110.783637, -7.115519
MH 2 Wasile Timur Hub, 128.514199, 0.972784
MH 1 Wasile Timur Hub, 127.816894, 0.767612
MH 3 Sigi Biromaru Hub, 119.92737, -0.954529
MH 3 Kotawaringin Lama Hub, 111.302489, -2.367454
MH 2 Kotawaringin Lama Hub, 111.302489, -2.367454
MH 1 Kotawaringin Lama Hub, 111.302489, -2.367454
MH 1 Sungai Raya Hub, 109.407229, -0.13375
MH 2 Bunguran Tengah Hub, 108.298191, 3.873507
MH 1 Bunguran Tengah Hub, 108.298191, 3.873507
Woyla Hub, 96.057389, 4.386806
Pujud 2 Hub, 100.570547, 1.469864
Panongan 3 Hub, 106.545361, -6.267444
Modayag Barat Hub, 124.37125, 0.716083
Simangambat Hub, 99.956937, 1.514852
Margorejo Hub, 111.014397, -6.758065
Baureno First Mile Hub, 112.111778, -7.126861
Batang Peranap Hub, 101.934888, -0.55218
Taman Sari 6 Hub, 106.821807, -6.140282
Taman Sari 6 First Mile Hub, 106.821807, -6.140282
Sawah Besar 3 First Mile Hub, 106.83451, -6.145487
Samatiga Hub, 96.062729, 4.212094
Pulo Gadung 3 Hub, 106.906089, -6.180523
Pulo Gadung 3 First Mile Hub, 106.906089, -6.180523
Gedangan 2 Hub, 112.721222, -7.395611
Tapung Hulu Hub, 100.877453, 0.650437
Regol 2 Hub, 107.614998, -6.947424
Regol 2 First Mile Hub, 107.614998, -6.947424
Wonoayu Hub, 112.660085, -7.493463
Silimakuta Hub, 98.605209, 2.936231
Pademawu Hub, 113.521917, -7.182639
Gunung Anyar Hub, 112.767029, -7.340772
Gunung Anyar First Mile Hub, 112.767029, -7.340772
Cicantayan Hub, 106.864833, -6.904861
Cikupa 3 First Mile Hub, 106.533833, -6.206917
Andir Hub, 107.577089, -6.916973
Lintong Nihuta Hub, 98.881167, 2.292136
Bunut Hub, 102.146633, 0.297683
Labuhan Haji Hub, 96.989889, 3.561114
Tobadak Hub, 119.287658, -2.085672
Hinai Hub, 98.42558, 3.817469
Pematang Karau Hub, 115.091641, -1.798573
Batang Cenaku 2 Hub, 102.1465, -0.766194
Sirandorung Hub, 98.317604, 2.113152
Mukok Hub, 110.770504, 0.13519
Batukuning Lakitan Ulu Hub, 103.360696, -3.341934
Membalong Hub, 107.653164, -3.130423
Ratahan Hub, 124.807016, 1.065013
Loa Janan Hub, 117.09486, -0.590863
Andir First Mile Hub, 107.577089, -6.916973
Lahusa First Mile Hub, 97.881529, 0.756142
Pademangan 3 First Mile Hub, 106.81431, -6.126521
Wiyung First Mile Hub, 112.65764, -7.30577
Cengkareng 7 First Mile Hub, 106.774433, -6.144958
Andong First Mile Hub, 110.759758, -7.372934
Kembangan 5 Hub, 106.735583, -6.214917
Purbolinggo Hub, 105.509221, -4.970655
Kosambi 6 First Mile Hub, 106.677806, -6.092167
Kemayoran 2 First Mile Hub, 106.837079, -6.147132
MH 1 Bungku Barat Hub, 121.598168, -2.213414
MH 2 Galing Hub, 109.313807, 1.438992
MH 1 Tabongo Hub, 122.916205, 0.590856
MH 1 Poleang Hub, 121.579265, -4.776413
Wonosari 2 Hub, 110.707472, -7.606813
Ulujami Hub, 109.554588, -6.886126
Tanjung Beringin Hub, 99.1809, 3.492088
Tigo Nagari Hub, 100.054271, -0.052365
Tegalrejo First Mile Hub, 110.353143, -7.778901
Tayu Hub, 111.052891, -6.544706
Tanjung Brebes First Mile Hub, 108.859191, -6.875137
Tanah Sareal First Mile Hub, 106.798152, -6.561974
Tambora 3 First Mile Hub, 106.808036, -6.157885
Tambelang First Mile Hub, 107.121595, -6.139295
Taman Pemalang First Mile Hub, 109.387927, -6.932155
Sumbergempol First Mile Hub, 111.949184, -8.034012
Sukamulya First Mile Hub, 106.425963, -6.158681
Sukamulya 2 Hub, 106.380559, -6.135576
Sukaluyu First Mile Hub, 107.229278, -6.80625
Solo 2 Hub, 110.811431, -7.487324
Sliyeg First Mile Hub, 108.320263, -6.477342
Sinaboi (Senaboi) Hub, 100.89, 2.260778
Sidoarjo 3 First Mile Hub, 112.662275, -7.403079
Sayung First Mile Hub, 110.544951, -6.958997
Sawit Hub, 110.690869, -7.535402
Sawah Gede First Mile Hub, 107.148417, -6.816627
Samalanga Hub, 96.370429, 5.186792
Sajingan Besar Hub, 109.597447, 1.65732
Sajingan Besar First Mile Hub, 109.597447, 1.65732
Sagaranten First Mile Hub, 106.890309, -7.218978
Rowokele Hub, 109.442914, -7.60233
Rowokele First Mile Hub, 109.442914, -7.60233
Rajabasa Hub, 105.241596, -5.355596
Purwokerto Barat First Mile Hub, 109.225665, -7.418511
Pringapus First Mile Hub, 110.438137, -7.185355
Pracimantoro First Mile Hub, 110.810481, -8.056309
Plupuh Hub, 110.879472, -7.470472
Plupuh First Mile Hub, 110.879472, -7.470472
Piyungan First Mile Hub, 110.448314, -7.828406
Pintu Rime Gayo Hub, 96.743831, 4.826716
Pemalang First Mile Hub, 109.40194, -6.908861
Pedurungan 4 Hub, 110.447804, -6.990203
Pedurungan 4 First Mile Hub, 110.447804, -6.990203
Paninggaran First Mile Hub, 109.58933, -7.171789
Panguragan Hub, 108.463917, -6.62825
Panguragan First Mile Hub, 108.463917, -6.62825
Panceng Hub, 112.504501, -6.956692
Panceng First Mile Hub, 112.504501, -6.956692
Pacet 2 First Mile Hub, 107.042727, -6.703196
Nguter First Mile Hub, 110.862916, -7.71751
Munjungan Hub, 111.551694, -8.301639
Munjungan First Mile Hub, 111.551694, -8.301639
Moyudan First Mile Hub, 110.262313, -7.760532
Mojotengah First Mile Hub, 109.911864, -7.309632
Mlonggo Hub, 110.705094, -6.521933
Mlonggo First Mile Hub, 110.705094, -6.521933
Merapi Barat Hub, 103.646459, -3.777116
Medang Deras Hub, 99.384902, 3.360654
Margoyoso First Mile Hub, 111.048975, -6.59657
Manisrenggo First Mile Hub, 110.505982, -7.706834
Mandau 2 Hub, 101.147054, 1.382472
Madukara First Mile Hub, 109.746023, -7.388826
Larangan 3 First Mile Hub, 106.727081, -6.242671
Langowan Utara Hub, 124.835, 1.158722
Krembangan 2 Hub, 112.736371, -7.237101
Krembangan 2 First Mile Hub, 112.736371, -7.237101
Kranggan Hub, 110.217985, -7.35428
Kranggan First Mile Hub, 110.217985, -7.35428
Kota Bangun 2 Hub, 116.538184, -0.40878
Kosambi 7 Hub, 106.678271, -6.093848
Kosambi 7 First Mile Hub, 106.678271, -6.093848
Kesesi First Mile Hub, 109.509233, -7.016097
Kembangan 4 Hub, 106.750917, -6.181722
Kemang First Mile Hub, 106.754403, -6.49698
Kelumpang Barat Hub, 116.076624, -2.795462
Keboromo First Mile Hub, 111.040316, -6.499782
Kebon Jeruk 8 First Mile Hub, 106.779397, -6.229391
Kaliwedi Hub, 108.386667, -6.609222
Kalideres 8 Hub, 106.70433, -6.144648
Kalideres 8 First Mile Hub, 106.70433, -6.144648
Kalideres 7 First Mile Hub, 106.696874, -6.135278
Jetis 2 Hub, 110.318065, -7.976181
Jatisrono First Mile Hub, 111.141232, -7.828965
Jatibarang Hub, 109.063183, -6.967968
Jatibarang First Mile Hub, 109.063183, -6.967968
Jati 3 Hub, 110.851577, -6.820251
Jati 3 First Mile Hub, 110.851577, -6.820251
Jagakarsa 3 First Mile Hub, 106.837147, -6.31056
Imogiri First Mile Hub, 110.377611, -7.918806
Gambir 5 First Mile Hub, 106.810694, -6.165222
Dolok Merawan Hub, 99.106284, 3.139981
Dayeuhkolot 2 First Mile Hub, 107.61946, -6.966254
Danau Kembar Hub, 100.727543, -1.055021
Curug 4 First Mile Hub, 106.567556, -6.277778
Cilamaya Wetan Hub, 107.567832, -6.278859
Cilamaya Wetan First Mile Hub, 107.567832, -6.278859
Cikupa 2 First Mile Hub, 106.504958, -6.217603
Cibarusah First Mile Hub, 107.096893, -6.388588
Caringin Hub, 106.838667, -6.693472
Caringin Garut Hub, 107.4879, -7.52444
Caringin Garut First Mile Hub, 107.489947, -7.526534
Caringin First Mile Hub, 106.838667, -6.693472
Bojongsari Depok First Mile Hub, 106.738087, -6.406358
Bekasi Utara 3 First Mile Hub, 106.998756, -6.193641
Bawen Hub, 110.426216, -7.21485
Bawen First Mile Hub, 110.426216, -7.21485
Bawang First Mile Hub, 109.653873, -7.400467
Bantul 2 First Mile Hub, 110.341419, -7.893963
Arjosari First Mile Hub, 111.15501, -8.124636
MH 1 Kembang Janggut Hub, 116.391343, 0.129279
MH 3 Talisayan Hub, 118.249552, 1.499108
MH 2 Talisayan Hub, 118.249552, 1.499108
MH 1 Ngapa Hub, 121.006385, -3.298953
Wanadadi First Mile Hub, 109.64126, -7.365243
Tambun Selatan 2 First Mile Hub, 107.078223, -6.240771
Sukmajaya 4 First Mile Hub, 106.848878, -6.405676
Sragi Hub, 109.554556, -6.958056
Pelangiran Hub, 103.495833, 0.175806
Pasirjambu 2 Hub, 107.466439, -7.097336
Pamenang Barat 2 Hub, 102.415858, -2.070677
Medan Amplas 2 First Mile Hub, 98.722806, 3.538222
Malang 2 Hub, 112.663244, -7.967028
Kembangbahu Hub, 112.362251, -7.257638
Keling First Mile Hub, 110.864085, -6.481064
Kedungwuni 3 Hub, 109.650395, -6.968861
Kebon Jeruk 7 First Mile Hub, 106.770199, -6.161526
Karangmoncol First Mile Hub, 109.496027, -7.291137
Karangdadap 2 Hub, 109.680119, -6.971256
Kampar Kiri Tengah Hub, 101.336963, 0.175493
Jatiroto First Mile Hub, 113.355349, -8.120342
Delanggu 2 First Mile Hub, 110.65899, -7.669228
Cileunyi First Mile Hub, 107.752972, -6.945639
Cikarang Barat First Mile Hub, 107.132651, -6.266398
Camba Hub, 119.834551, -4.929436
Bojongsari First Mile Hub, 109.331417, -7.347583
Bilah Hulu Hub, 99.965194, 2.058068
Bangsri First Mile Hub, 110.754398, -6.53111
Babakan Ciparay 3 Hub, 107.572083, -6.951914
Tirto Hub, 109.652347, -6.889922
MH 1 Alla Hub, 119.82491, -3.321527
MH 1 Lasalimu Selatan Hub, 123.162998, -5.323421
MH 2 Simeulue Tengah Hub, 95.972873, 2.591158
MH 1 Simeulue Tengah Hub, 95.972873, 2.591158
Virtual LM Alun Hub, 106.941112, -6.189042
Overflow Periuk First Mile Hub, 106.602222, -6.166111
MH 1 Benteng Hub, 120.470091, -6.245512
MH 1 Rao Selatan Hub, 99.935202, 0.351996
MH 2 Martapura Hub, 104.336027, -4.407862
bioaquaofficialshop, 106.68939, -6.079727
Overflow Katapang First Mile Hub, 107.554685, -6.997601
Wringin Anom Hub, 112.555724, -7.390765
Wringin Anom First Mile Hub, 112.555724, -7.390765
Tebing Syahbandar Hub, 99.219147, 3.33651
Tebing Syahbandar First Mile Hub, 99.2194, 3.336566
Sungai Gelam 2 Hub, 103.684005, -1.64219
Sungai Gelam 2 First Mile Hub, 103.684005, -1.64219
Grogol Petamburan 2 Hub, 106.776667, -6.154944
Bojongloa Kidul Hub, 107.595806, -6.947611
Bojongloa Kidul First Mile Hub, 107.595806, -6.947611
Cihampelas Hub, 107.477667, -6.9275
Cihampelas First Mile Hub, 107.477667, -6.9275
Kalibening First Mile Hub, 109.661, -7.216556
Batur Hub, 109.88962, -7.202519
Batur First Mile Hub, 109.88962, -7.202519
Arjasari First Mile Hub, 107.67938, -7.074849
Gubeng 3 Hub, 112.755656, -7.28398
Gubeng 3 First Mile Hub, 112.755656, -7.28398
Senapelan First Mile Hub, 101.434473, 0.531536
Gambir 6 First Mile Hub, 106.811023, -6.176165
Cakung 4 First Mile Hub, 106.944166, -6.182848
Cakung 4 Hub, 106.944166, -6.182848
Kembaran First Mile Hub, 109.263556, -7.389556
Kembaran Hub, 109.263556, -7.389556
Mattiro Bulu Hub, 119.630778, -3.879383
Warungkondang First Mile Hub, 107.10054, -6.87332
Majalengka 2 Hub, 108.233876, -6.834633
Majalengka 2 First Mile Hub, 108.201912, -6.827258
Kokap Hub, 110.100594, -7.84173
Kokap First Mile Hub, 110.100594, -7.84173
Pangkur First Mile Hub, 111.523637, -7.485457
Pangkur Hub, 111.523637, -7.485457
Angkona Hub, 120.988042, -2.594578
Tojo Hub, 121.099528, -1.439722
Meurah Mulia Hub, 97.234782, 5.070912
Mandastana Hub, 114.674523, -3.171738
Balai Hub, 110.095767, 0.138818
Limun Hub, 102.705472, -2.382959
Barumun Tengah Hub, 99.772433, 1.380201
Lahewa Hub, 97.181188, 1.391496
Nipah Panjang Hub, 104.171826, -1.074847
Tikke Raya Hub, 119.382193, -1.333909
Merek Hub, 98.537861, 2.972306
Pulau Burung Hub, 103.539803, 0.424191
Babulu Hub, 116.489253, -1.475466
Depok 3 First Mile Hub, 110.392602, -7.778719
Depok 3 Hub, 110.392602, -7.778719
MH 1 Cisalak Hub, 107.842441, -6.752026
MH 2 Mpunda Hub, 118.774846, -8.323238
MH 1 Keluang Hub, 103.786853, -2.688394
MH 1 Runjung Agung Hub, 103.765385, -4.408004
MH 3 Kabila Hub, 123.155047, 0.682638
MH 2 Kabila Hub, 123.22497, 0.367065
MH 1 Kabila Hub, 123.140173, 0.533486
MH 1 Semende Darat Laut Hub, 103.561435, -4.182231
MH 1 Tinambung Hub, 118.992217, -3.426482
MH 1 Kauman Ponorogo Hub, 111.405275, -7.865337
Yosowilangun First Mile Hub, 113.294821, -8.230106
Trangkil First Mile Hub, 111.072982, -6.674158
Toroh First Mile Hub, 110.910811, -7.136241
Tabir Selatan Hub, 102.395004, -1.982507
Sungai Pinang Kab. Banjar Hub, 115.253767, -3.195385
Sultan Daulat Hub, 97.890972, 2.798278
Sindang First Mile Hub, 108.303405, -6.363343
Sangatta Utara 2 Hub, 117.534358, 0.527605
Pringgarata Hub, 116.243913, -8.613831
Penjaringan 9 First Mile Hub, 106.726773, -6.114443
Pattallassang Kab. Gowa Hub, 119.558392, -5.205592
Papalang Hub, 119.161638, -2.421425
Paninggaran Hub, 109.58933, -7.171789
Pakuhaji 2 First Mile Hub, 106.630953, -6.06769
Nusawungu Hub, 109.302515, -7.657484
Muncar First Mile Hub, 114.315221, -8.455043
Meliau 2 Hub, 110.368856, -0.098673
Mantewe Hub, 115.761261, -3.24942
Linggo Sari Baganti Hub, 100.853193, -1.870376
Lenteng Hub, 113.773083, -7.050278
Lenteng First Mile Hub, 113.773083, -7.050278
Kotawaringin Lama Hub, 111.302489, -2.367454
Karang Tengah First Mile Hub, 106.722027, -6.198532
Karang Penang Hub, 113.382497, -7.006562
Karang Penang First Mile Hub, 113.382497, -7.006562
Karang Bintang Hub, 115.935485, -3.349302
Kaliwungu Selatan Hub, 110.235015, -6.967308
Kaliwungu Selatan First Mile Hub, 110.235015, -6.967308
Kalideres 6 First Mile Hub, 106.698448, -6.129437
Harau Hub, 100.672806, -0.151278
Genteng Surabaya Hub, 112.750796, -7.247968
Enrekang Hub, 119.770933, -3.563399
Ciracas 2 Hub, 106.867389, -6.319472
Ciracas 2 First Mile Hub, 106.867389, -6.319472
Cilacap First Mile Hub, 109.017589, -7.711339
Cengkareng 8 Hub, 106.736489, -6.136205
Cengkareng 8 First Mile Hub, 106.736489, -6.136205
Bunguran Tengah First Mile Hub, 108.298191, 3.873507
Benda 4 First Mile Hub, 106.678727, -6.141706
Bantarujeg Hub, 108.238848, -6.970493
Bantarujeg First Mile Hub, 108.238848, -6.970493
Baki First Mile Hub, 110.786728, -7.591615
MH 1 Ciracas Hub, 106.884659, -6.318346
Lawe Sigala-Gala Hub, 97.913175, 3.370428
MH 1 Kumai Hub, 111.694516, -2.737963
MH 1 Cakung 3 Hub, 106.967018, -6.18645
MH 1 Batang Cenaku Hub, 102.31203, -0.689548
MH 2 Aralle Hub, 119.22959, -2.991462
MH 1 Aralle Hub, 119.182662, -2.690638
MH 1 Talisayan Hub, 118.249552, 1.499108
MH 2 Barong Tongkok Hub, 115.710983, -0.219023
MH 1 Tembilahan 2 Hub, 103.17095, -0.289459
MH 1 Sipahutar Hub, 99.089106, 2.086748
Siabu Hub, 99.486368, 1.024645
Pante Bidari (Beudari) Hub, 97.516841, 5.075197
Tamansari 2 First Mile Hub, 106.744, -6.637194
Ciputat Timur 2 First Mile Hub, 106.765293, -6.294032
Virtual Batam DC, 104.06003, 1.112429
WH Lionel Express, 106.665148, -6.125181
WH Kalla Logistic, 106.886579, -6.109623
WH CKL Surabaya, 112.766206, -7.372794
WH Avia Cargo Surabaya, 112.783682, -7.37418
WH Lion Parcel Surabaya, 112.713405, -7.397737
WH Lion Parcel Yogyakarta, 110.401069, -7.798391
Bungku Barat Hub, 121.803722, -2.292167
MH 6 Sako Hub, 104.974064, -2.484894
MH 1 Jepara Hub, 110.722676, -6.745477
Sungai Rotan Hub, 104.297703, -3.19663
Madang Suku III Hub, 104.355806, -4.1095
Gumbasa Hub, 119.946298, -1.227618
MH 2 Lotu Hub, 97.189991, 1.381135
Bakongan Hub, 97.485028, 2.925833
MH 3 Kelam Permai Hub, 111.819834, 0.083418
Bangko Barat Hub, 102.2018, -2.200375
MH 3 Bagan Sinembah Hub, 100.361018, 1.84998
MH 4 Bungku Tengah Hub, 121.525582, -2.309068
MH 5 Amurang Barat Hub, 124.474174, 0.877941
Nanga Taman Hub, 110.823442, -0.255462
Watubangga Hub, 121.505275, -4.47633
Sungai Pandan 2 Hub, 115.2299, -2.455739
Sungai Pandan 2 First Mile Hub, 115.2299, -2.455739
Singorojo Hub, 110.188333, -7.07825
Singorojo First Mile Hub, 110.188333, -7.07825
Singkil Kab. Aceh Singkil Hub, 97.80873, 2.271651
Simpang Pesak Hub, 107.968111, -3.110222
Simpang Hulu Hub, 110.379011, -0.528792
Simeulue Tengah Hub, 95.972873, 2.591158
Salam First Mile Hub, 110.298678, -7.601973
Petasia Timur Hub, 121.422574, -2.078777
Pasar Rebo 2 Hub, 106.864164, -6.34971
Pasar Rebo 2 First Mile Hub, 106.864164, -6.34971
Panyipatan Hub, 114.710247, -3.942364
Pagerbarang Hub, 109.070316, -7.015742
Nibung Hub, 102.974442, -2.500302
Nibung First Mile Hub, 102.974442, -2.500302
Morotai Selatan 2 Hub, 128.305657, 2.062219
Laubaleng Hub, 98.065264, 3.145282
Koto XI Tarusan Hub, 100.487229, -1.238487
Katingan Hilir 2 Hub, 113.282131, -1.903163
Gido First Mile Hub, 97.732289, 1.109781
Cikupa First Mile Hub, 106.537606, -6.241223
Carenang Hub, 106.310046, -6.110061
Carenang First Mile Hub, 106.310046, -6.110061
Bruno Hub, 109.927011, -7.575229
Bruno First Mile Hub, 109.928921, -7.573203
Bontoa Hub, 119.588502, -4.934276
Bodeh Hub, 109.495861, -6.979083
Bodeh First Mile Hub, 109.495861, -6.979083
Belik Hub, 109.324139, -7.175773
Belik First Mile Hub, 109.324139, -7.175773
Bandar Negeri Suoh Hub, 104.282374, -5.20338
Tegallalang 2 Hub, 115.279687, -8.421206
MH 1 Enrekang Hub, 119.771308, -3.566537
Virtual Solo DC, 110.786861, -7.590778
Tirto First Mile Hub, 109.652347, -6.889922
Muncar Hub, 114.315221, -8.455043
Tanah Abang First Mile Hub, 106.806678, -6.190104
Kalibening Hub, 109.661002, -7.216499
Tungkal Ilir Kab. Banyuasin Hub, 104.238232, -2.484563
Plakat Tinggi (Pelakat Tinggi) Hub, 103.56912, -2.977592
Rangkah Kidul 2 First Mile Hub, 112.695846, -7.477402
MH 6 Putussibau Hub, 112.929711, 0.71128
MH 1 Arjawinangun Hub, 108.389032, -6.563029
Bunguran Tengah Hub, 108.298191, 3.873507
Padang Jaya Hub, 102.106544, -3.360784
MH 1 Pujer Hub, 113.926881, -7.968648
MH 1 Kendari Hub, 122.502966, -3.976938
MH 1 Brebes Hub, 109.041277, -6.936494
MH 1 Pulau Panggung Hub, 104.85057, -5.349771
Wates Kediri 2 Hub, 112.16342, -7.931357
MH 1 Satui Hub, 115.412753, -3.772422
MH 1 Bluto Hub, 113.826273, -7.0846
MH 4 Banggae Timur Hub, 118.885894, -3.450535
MH 3 Banggae Timur Hub, 118.858025, -3.014458
Ciemas Hub, 106.468761, -7.197478
MH 3 Pangkalan Kerinci Hub, 102.11788, 0.210873
MH 3 Mentaya Hilir Selatan Hub, 112.904201, -2.750568
MH 1 Teluk Bayur Hub, 117.439417, 2.160016
Barangin Hub, 100.740047, -0.603263
Putri Hijau 2 Hub, 101.722601, -3.178358
Padang Ratu 2 Hub, 104.965171, -5.083135
Rambatan Hub, 100.555669, -0.500512
Kintap 2 Hub, 115.314229, -3.845334
MH 1 Karang Tinggi Hub, 102.38362, -3.808191
MH 1 Betara Hub, 103.335627, -1.160754
Nawangan Hub, 111.18526, -8.001826
Sungai Melayu Rayak Hub, 110.45575, -1.775389
MH 5 Topoyo Hub, 119.396341, -1.779082
MH 3 Marisa Hub, 121.454268, 0.504541
Belimbing Hub, 111.603475, -0.288389
MH 2 Aikmel Hub, 116.530053, -8.567509
Sembalun Hub, 116.542383, -8.389939
MH 5 Palibelo Hub, 118.702307, -8.650813
MH 1 Ungaran Hub, 110.42174, -7.236237
Ulubelu Hub, 104.563255, -5.314304
MH 1 Kebon Jeruk 5 Hub, 106.786107, -6.251049
Tilango Hub, 123.033056, 0.571667
Tenggulun Hub, 97.981474, 4.114168
Tegal Buleud Hub, 106.782652, -7.422326
Tanah Merah Kab. Indragiri Hilir Hub, 103.384172, -0.507918
Tambang Hub, 101.294401, 0.425328
Talawi Hub, 99.560121, 3.181737
Sukun First Mile Hub, 112.619788, -8.001015
Seyegan Hub, 110.308472, -7.722056
Seyegan First Mile Hub, 110.308472, -7.722056
Riau Silip Hub, 105.859917, -1.737167
Praya Tengah Hub, 116.304992, -8.725834
Poleang Hub, 121.579265, -4.776413
Pesanggaran Hub, 114.064412, -8.564458
Pesanggaran First Mile Hub, 114.064412, -8.564458
Pabuaran Kab. Sukabumi Hub, 106.834715, -7.205124
Pabuaran Kab. Sukabumi First Mile Hub, 106.834715, -7.205124
Pabelan Hub, 110.556268, -7.334084
Pabelan First Mile Hub, 110.556268, -7.334084
Mario Riawa Hub, 119.888993, -4.19632
Lebong Selatan Hub, 102.306406, -3.197096
Kurau Hub, 114.652375, -3.640017
Kuala Batee Hub, 96.7605, 3.823389
Kongbeng 2 Hub, 116.92264, 1.096595
Klapanunggal First Mile Hub, 106.977806, -6.446222
Kesesi Hub, 109.511763, -7.016163
Keluang Hub, 103.974831, -2.64381
Jerowaru Hub, 116.478833, -8.779767
Jangkat Hub, 101.817667, -2.533139
Jangkat First Mile Hub, 101.817667, -2.533139
Jampang Tengah Hub, 106.809103, -7.060263
Jampang Tengah First Mile Hub, 106.809103, -7.060263
Gondang 2 Hub, 112.006656, -7.537557
Gondang 2 First Mile Hub, 112.006656, -7.537557
Cikakak Hub, 106.484986, -6.95499
Cikakak First Mile Hub, 106.484986, -6.95499
Cengkareng 9 First Mile Hub, 106.748627, -6.151443
Bumi Nabung Hub, 105.53804, -4.752859
Bonto Bahari Hub, 120.363501, -5.528875
Blang Jerango Hub, 97.289234, 4.018219
Batu Ampar 2 Hub, 109.536006, -0.753902
Batang Alai Utara Hub, 115.464503, -2.547018
Anjatan Hub, 107.95525, -6.364328
Anjatan First Mile Hub, 107.95525, -6.364328
Virtual Sunter DC, 106.977135, -6.196874
Tigaraksa 3 First Mile Hub, 106.47659, -6.2612
Bandung Kulon First Mile Hub, 107.565716, -6.926701
Palembang Liq Center, 104.7704, -2.915007
Maximos, 106.94521, -6.170425
Panongan 3 First Mile Hub, 106.545361, -6.267444
Buaran 2 First Mile Hub, 109.674773, -6.942582
Cikancung First Mile Hub, 107.824611, -6.992528
Cikancung Hub, 107.824615, -6.992603
Toroh Hub, 110.910811, -7.136241
MH 1 Sepaku Hub, 116.739392, -0.951912
MH 1 Cempaga Hulu Hub, 113.151862, -1.938412
MH 2 Sungguminasa Hub, 119.453719, -5.20689
MH 1 Tamalate Hub, 119.412334, -5.179054
MH 1 Paloh Hub, 109.220904, 1.630378
MH 2 Jelai Hulu Hub, 110.75165, -2.009133
Semanu Hub, 110.67526, -7.999655
Tempuran Hub, 110.166514, -7.542541
MH 3 Towuti Hub, 121.578106, -2.589728
Cerdas Kehidupan, 106.619143, -6.06268
Beauty Cosmetic, 108.558333, -6.757778
TAIYO SHOP INDO, 107.692913, -6.927418
SPX Express Seller AnekaBenang, 107.607683, -6.931897
Followers Ku, 109.012555, -6.934375
Benjieee12345, 112.684288, -7.27794
SPX Express Seller HOOLIGANS Official Shop, 107.690342, -6.927411
Yosowilangun Hub, 113.294821, -8.230106
Wonggeduku Hub, 122.188974, -3.944494
Wonggeduku First Mile Hub, 122.188974, -3.944494
Teweh Selatan Hub, 114.953577, -1.133261
Tanete Rilau Hub, 119.604583, -4.489528
Tambusai Hub, 100.254167, 1.075361
Sungai Limau Hub, 100.057051, -0.518858
Sukau Hub, 104.022738, -4.923981
Sukamulya 2 First Mile Hub, 106.380559, -6.135576
Sragi First Mile Hub, 109.554556, -6.958056
Slogohimo 2 First Mile Hub, 111.172784, -7.810163
Sinjai Selatan Hub, 120.169797, -5.234662
Singkup Hub, 110.597798, -2.329503
Simpang Hilir Hub, 109.963017, -1.113803
Semarang Utara First Mile Hub, 110.40619, -6.95325
Sangir Jujuan Hub, 101.359041, -1.431034
Runjung Agung Hub, 103.902674, -4.452888
Rao Selatan Hub, 100.040444, 0.471528
Rantau Selamat Hub, 97.920861, 4.607778
Pengabuan Hub, 103.21244, -0.850062
Pengabuan First Mile Hub, 103.21244, -0.850062
Pekalongan Selatan Hub, 109.675864, -6.931323
Pekalongan Selatan First Mile Hub, 109.675864, -6.931323
Patrol Hub, 107.993066, -6.314141
Patrol First Mile Hub, 107.993066, -6.314141
Nusawungu First Mile Hub, 109.302515, -7.657484
Ngapa Hub, 121.005575, -3.299697
Ngapa First Mile Hub, 121.006385, -3.298953
Moramo Hub, 122.658857, -4.163631
Merlung Hub, 103.054519, -1.268245
Maniis Hub, 107.315968, -6.702218
Manding First Mile Hub, 113.866861, -6.94575
Lasalimu Selatan Hub, 123.162998, -5.323421
Lasalimu Selatan First Mile Hub, 123.162998, -5.323421
Kwanyar Hub, 112.869056, -7.151639
Koto Parik Gadang Diateh Hub, 100.998306, -1.410972
Kongbeng Hub, 116.887611, 1.077194
Kencong First Mile Hub, 113.379898, -8.28278
Kelapa Gading 3 Hub, 106.911302, -6.181314
Kelapa Gading 3 First Mile Hub, 106.911302, -6.181314
Kaubun Hub, 117.841315, 1.025017
Katibung 2 Hub, 105.423696, -5.540257
Karanggede Hub, 110.636753, -7.373258
Karanggede First Mile Hub, 110.636753, -7.373258
Karang Tengah Hub, 106.722139, -6.198444
Jeruklegi Hub, 109.030389, -7.632306
Jeruklegi First Mile Hub, 109.030389, -7.632306
Hatonduhan Hub, 99.177226, 2.814813
Ganda Pura Hub, 96.886002, 5.230034
Denpasar Selatan 2 Hub, 115.233174, -8.707742
Deli Tua Hub, 98.686241, 3.494532
Cibitung 2 Hub, 107.090254, -6.22261
Cibitung 2 First Mile Hub, 107.090898, -6.222611
Bukit Kapur Hub, 101.386472, 1.556806
Buaran 3 Hub, 109.640953, -6.93854
Buaran 3 First Mile Hub, 109.640953, -6.93854
Batang Kapas Hub, 100.597276, -1.455829
Batang Kapas First Mile Hub, 100.596903, -1.458319
Balikpapan Utara 3 Hub, 116.862781, -1.230973
Babakan Ciparay 3 First Mile Hub, 107.572083, -6.951914
Pekalongan DC, 109.709527, -6.903912
Sliyeg Hub, 108.320262, -6.477342
MH 3 Tanjung Selor Hub, 117.370659, 2.849695
MH 2 Tanjung Selor Hub, 117.370659, 2.849695
MH 5 Tanjung Redeb Hub, 117.468332, 2.146913
MH 2 Lembor Hub, 120.166808, -8.710904
MH 1 Lembor Hub, 120.166808, -8.710904
MH 1 Lape Hub, 117.591036, -8.620412
MH 1 Taraju Hub, 107.986015, -7.459836
MH 1 Blambangan Umpu Hub, 104.494391, -4.577297
MH 4 Pasar Muara Bungo Hub, 102.1231, -1.464099
MH 1 Koto Kampar Hulu Hub, 100.598615, 0.301705
MH 4 Gunung Sitoli Hub, 97.601112, 1.320725
MH 3 Johan Pahlawan Hub, 96.137439, 4.154709
Benowo DC, 112.63324, -7.198473
Service Point Ngaglik, 110.370528, -7.752722
Service Point Depok, 110.422306, -7.763194
Service Point Medan Tembung, 98.701692, 3.622469
Service Point Denpasar Timur, 115.219538, -8.658383
Service Point Buaran, 109.675827, -6.916818
Service Point Pesantren, 112.017268, -7.820018
Service Point Kasihan, 110.337389, -7.800333
Muara Sabak Timur First Mile Hub, 103.859181, -1.125272
Rantau Rasau First Mile Hub, 104.078655, -1.185491
MH 1 Banjar Margo Hub, 105.243833, -4.264306
MH 3 Loli Hub, 119.408329, -9.639576
MH 2 Loli Hub, 119.408329, -9.639576
MH 1 Bunut Hulu Hub, 112.702713, 0.478787
Muara Sabak Timur Hub, 103.859181, -1.125272
Rantau Rasau Hub, 104.078655, -1.185491
Minas Hub, 101.451902, 0.724614
Talisayan Hub, 118.190944, 1.585722
MH 3 Palangka Raya Hub, 113.870912, -2.174556
MH 2 Toili Hub, 122.333268, -1.457532
MH 1 Toili Hub, 122.333268, -1.457532
MH 2 Kota Curup Hub, 102.51429, -3.472107
MH 4 Blang Kejeren Hub, 97.34262, 3.991449
MH 3 Blang Kejeren Hub, 97.34262, 3.991449
MH 1 Sungai Kakap Hub, 109.226544, -0.066622
MH 6 Aesesa Hub, 121.333228, -8.579363
MH 5 Aesesa Hub, 121.520947, -8.615174
Virtual Kudus DC, 110.876548, -6.83287
Tangerang First Mile Hub, 106.656056, -6.166222
MH 4 Tenggarong Hub, 116.998, -0.45116
MH 4 Amurang Barat Hub, 124.507981, 1.184501
MH 2 Mawasangka Tengah Hub, 122.370145, -5.329954
MH 1 Mantikulore Hub, 119.877902, -0.807288
MH 1 Malili Hub, 121.112976, -2.611339
MH 5 Barru Hub, 119.6224, -4.39702
MH 4 Barru Hub, 119.6224, -4.39702
MH 2 Marisa Hub, 121.947309, 0.462554
MH 3 Tilamuta Hub, 122.334913, 0.525948
MH 1 Seririt Hub, 115.002034, -8.312578
MH 2 Dabuk Rejo Hub, 104.98666, -3.962907
MH 1 Simpang Pematang Hub, 105.251322, -4.024539
MH 3 Porsea Hub, 99.151662, 2.452769
MH 8 Dolok Sanggul Hub, 98.74857, 2.251991
MH 1 Sungai Pagu Hub, 100.88403, -1.25032
MH 2 Pasaman Hub, 99.82447, 0.096198
MH 2 Mandiangin Hub, 102.985571, -1.994545
MH 5 Pasar Muara Bungo Hub, 102.1015, -1.50111
MH 1 Muara Tembesi Hub, 103.133964, -1.727412
MH 3 Ujung Batu Hub, 100.534085, 0.709547
MH 2 Peranap Hub, 101.976861, -0.524779
MH 1 Kateman Hub, 103.605466, 0.29376
MH 1 Bengkalis Hub, 102.1177, 1.472241
MH 2 Blang Kejeren Hub, 97.34262, 3.991449
MH 2 Babussalam Hub, 97.819118, 3.474432
MH 3 Karang Baru Hub, 98.05129, 4.289345
Kelapa Kampit Hub, 108.065881, -2.692158
Tembilahan 2 Hub, 103.17095, -0.289459
Namang Hub, 106.197124, -2.321242
Jatiroto Hub, 113.355349, -8.120342
Service Point Banjarmasin Selatan, 114.619884, -3.34804
Service Point Puri, 112.444861, -7.537944
Cakung 2 DC, 106.945601, -6.173069
Bogor 2 DC, 106.82761, -6.533703
MH 2 Talang Ubi Hub, 103.850439, -3.29654
PT. Happy Momo Indonesia, 106.7881, -6.128887
Service Point Buduran, 112.702515, -7.433097
Service Point Karangdadap, 109.67743, -6.971523
Service Point Grogol, 110.804611, -7.621583
Service Point Tembalang, 110.440591, -7.065174
Service Point Ilir Timur I, 104.756966, -2.980317
Service Point Sako, 104.785455, -2.935407
Service Point Medan Johor, 98.690787, 3.532158
Service Point ​Panakkukang, 119.454091, -5.16231
Service Point Wonoayu, 112.596941, -7.434992
Service Point Medan Sunggal, 98.642925, 3.579722
Service Point Ngaliyan, 110.376669, -7.012015
Service Point Kudus Kota, 110.855742, -6.803593
Service Point Pondok Aren, 106.681039, -6.259859
Kedungwuni 3 First Mile Hub, 109.650395, -6.968861
Losari First Mile Hub, 108.769446, -6.906892
Nguter Hub, 110.862916, -7.71751
Pinggir Hub, 101.262379, 1.178149
Pulau Laut Barat Hub, 116.082091, -3.985224
Losari Hub, 108.769446, -6.906892
Tanon Hub, 110.919687, -7.393254
Gamping Hub, 110.33057, -7.796971
Talang Hub, 109.152074, -6.921031
Balikpapan Barat Hub, 116.817205, -1.234273
Kosambi 2 First Mile Hub, 106.691147, -6.079839
Medan Amplas DC, 98.726414, 3.538292
Tanon First Mile Hub, 110.919687, -7.393254
Sawit First Mile Hub, 110.690869, -7.535402
Andong Hub, 110.759758, -7.372934
Talang First Mile Hub, 109.152074, -6.921031
MH 3 Hulu Gurung Hub, 112.356876, 0.440593
MH 2 Hulu Gurung Hub, 112.356876, 0.440593
MH Tuminting Hub, 124.849556, 1.495189
MH Asembagus Hub, 114.393312, -7.98429
Panyileukan 4 First Mile Hub, 107.707308, -6.940088
WH Avia HLP, 106.888671, -6.263034
Rajeg 2 First Mile Hub, 106.484401, -6.130252
MH Ketapang Kalbar Hub, 109.969232, -1.839961
MH Kalukku 3 Hub, 119.136944, -2.448658
MH Kalukku Hub, 119.136944, -2.448658
Tambun Selatan 2 Hub, 107.078148, -6.240907
Dukuhturi First Mile Hub, 109.014389, -7.232139
Karangdadap 2 First Mile Hub, 109.680119, -6.971256
Pedan First Mile Hub, 110.698197, -7.703779
Kendawangan 2 Hub, 110.209389, -2.533306
Gamping First Mile Hub, 110.33057, -7.796971
Cipeundeuy Kab. Bandung Barat Hub, 107.380079, -6.727351
Gunung Kaler Hub, 106.404498, -6.105326
Sekernan Hub, 103.506018, -1.487133
Ngoro First Mile Hub, 112.237887, -7.644879
MH Kalukku 2 Hub, 119.136944, -2.448658
MH Sipora Utara Hub, 99.585367, -2.032358
MH Sengah Temila 2 Hub, 109.673034, 0.326112
Muara Kaman Hub, 116.884333, -0.197626
Tanjung Sakti Pumi Hub, 103.039, -4.131333
Bolo Hub, 118.624292, -8.507428
Purwokerto Barat Hub, 109.225665, -7.418511
Ngemplak First Mile Hub, 110.448868, -7.71176
Wanadadi Hub, 109.64126, -7.365243
Seulimeum Hub, 95.564441, 5.369165
Tapos 2 Hub, 106.890459, -6.407346
Margorejo First Mile Hub, 111.014397, -6.758065
Pulau Beringin Hub, 103.70554, -4.51029
Terbanggi Besar 2 Hub, 105.209484, -4.935754
ASM, 106.880653, -6.143564
Sparepart Fleet, 106.880653, -6.143564
MH Nanga Tayap 2 Hub, 110.567102, -1.534029
MH Parindu Hub, 110.446911, 0.197064
MH Nanga Tayap Hub, 110.567102, -1.534029
MH 2 Towuti Hub, 121.393889, -2.646
MH Arjosari 3 Hub, 111.155005, -8.124318
MH Arjosari 2 Hub, 111.155005, -8.124318
MH Tapung Hub, 101.209986, 0.659975
MH 1 Jelai Hulu Hub, 110.75165, -2.009133
MH Babat Supat 2 Hub, 104.07648, -2.762329
MH Pendopo Hub, 102.986736, -3.759505
Ngawen First Mile Hub, 111.313556, -7.001417
Lembor Hub, 120.166808, -8.710904
Kerek First Mile Hub, 111.864056, -6.956417
Jumo First Mile Hub, 110.122336, -7.236941
Parakan First Mile Hub, 110.092222, -7.285639
Baguala 2 Hub, 128.244974, -3.625444
Randublatung First Mile Hub, 111.39186, -7.201573
Kabuh First Mile Hub, 112.215556, -7.401333
Tanjung Raja Hub, 104.772798, -3.347255
Muara Lawa Hub, 115.756989, -0.468574
Gunung Talang Hub, 100.641975, -0.87954
Kuta Makmur Hub, 97.082897, 5.110416
Bengkunat Hub, 104.261778, -5.520389
Muara Uya Hub, 115.592639, -1.994917
Widodaren Hub, 111.223525, -7.401537
Tanjung Pandan 2 Hub, 107.692521, -2.749518
Kembangbahu First Mile Hub, 112.362251, -7.257638
Pecangaan First Mile Hub, 110.709722, -6.678722
Kedungjati Hub, 110.651917, -7.110361
Kedungjati First Mile Hub, 110.651917, -7.110361
Sawoo Hub, 111.493931, -7.959218
MH Sipirok Hub, 99.273173, 1.601671
Tersono Hub, 109.965, -7.027944
Tambak Adi First Mile Hub, 112.755214, -7.24109
Toili Hub, 122.333165, -1.457994
Hero Lange Lange Hub, 120.362619, -5.396789
Dua Boccoe Hub, 120.242574, -4.291719
Koto Kampar Hulu Hub, 100.598615, 0.301705
Taraju Hub, 108.00929, -7.452489
MH Babussalam Hub, 97.819118, 3.474432
MH Tempe 5 Hub, 120.032698, -4.122613
MH Tahunan Hub, 110.664881, -6.611319
MH Soe 8 Hub, 124.27051, -9.861021
MH Larantuka Hub, 123.001988, -8.329201
MH Atambua Kota 5 Hub, 124.897906, -9.107663
MH Atambua Kota 4 Hub, 124.897906, -9.107663
MH Atambua Kota 3 Hub, 124.897906, -9.107663
MH Atambua Kota 2 Hub, 124.897906, -9.107663
MH Atambua Kota Hub, 124.897906, -9.107663
MH Alok 3 Hub, 122.202321, -8.619444
MH Tanjung Enim Hub, 103.801996, -3.769101
MH 5 Sako Hub, 104.769621, -2.916695
MH Tebing Tinggi Jambi 4 Hub, 103.081719, -1.018338
MH Tanjung Pinang Barat Hub, 104.420366, 0.928138
MH Tanjung Jabung Timur 4 Hub, 103.81583, -1.219101
MH Tabir 4 Hub, 102.364296, -1.812547
MH Sinembah Tanjung Muda Hilir Hub, 98.718393, 3.385034
MH Sidikalang Hub, 98.336148, 2.734772
MH Rupat Hub, 101.445542, 1.670919
MH Porsea 2 Hub, 99.148383, 2.460902
MH Porsea Hub, 99.148383, 2.460902
MH Halongonan 2 Hub, 99.823011, 1.588181
MH Halongonan Hub, 99.823011, 1.588181
MH Barumun 3 Hub, 99.733957, 1.051352
MH Barumun 2 Hub, 99.733957, 1.051352
MH Samofa Hub, 136.091138, -1.175908
MH Kolaka 3 Hub, 121.631571, -4.077846
MH 2 Tenggarong Hub, 116.99769, -0.451176
MH 3 Tanjung Redeb Hub, 117.46407, 2.147919
MH Sangkulirang 3 Hub, 117.973711, 0.997515
MH Nunukan 3 Hub, 117.338143, 4.25699
MH Malinau Kota 5 Hub, 116.629241, 3.58783
MH Malinau Kota 4 Hub, 116.629241, 3.58783
MH Katingan Tengah Hub, 113.100273, -1.436601
MH Jekan Raya Hub, 113.932237, -1.618427
MH Bulik 5 Hub, 111.448584, -2.185483
MH Bulik 4 Hub, 111.448584, -2.185483
MH Bulik 3 Hub, 111.448584, -2.185483
MH Sintang Hub, 111.457136, -0.027838
MH Sekayam 3 Hub, 110.427972, 0.823833
MH Sekayam 2 Hub, 110.427972, 0.823833
MH Sorong Utara 2 Hub, 131.302986, -0.88139
MH Sorong Utara Hub, 131.302986, -0.88139
MH Weda 2 Hub, 127.874924, 0.327243
MH Weda Hub, 127.874924, 0.327243
MH Ternate Selatan Hub, 127.372461, 0.76807
MH Pagimana 4 Hub, 122.657343, -0.796445
MH Pagimana 3 Hub, 122.657343, -0.796445
MH Luwuk 6 Hub, 122.785765, -0.976414
Virtual Semarang 2 DC, 110.448741, -6.953498
GH Destinasi, 116.9352, -1.2445
GH Origin, 106.463554, -6.214025
WH PBI Surabaya, 112.691963, -7.245741
Paranginan DC, 98.961986, 2.287721
Sidoarjo DC, 112.681811, -7.361315
RA Vendor, 107.1728, -6.3953
Transit Point Bogor DC, 106.828148, -6.533781
Transit Point Neglasari DC, 106.637338, -6.152205
Warehouse Lionel Express, 106.665148, -6.125181
Transit Point Sunter DC, 106.879722, -6.132848
WH SMI Surabaya, 112.73361, -7.220182
WH DHS Surabaya, 112.767812, -7.372283
WH RA Gatrans Kab. Tangerang, 106.665185, -6.12504
Bekasi 2 DC, 106.977135, -6.196874
WH CKL Surabaya 2 Romokalisari, 112.642711, -7.195605
WH RA BST Kab. Tangerang, 106.668995, -6.124265
WH ESP Surabaya, 112.764072, -7.371894
Kosambi 2 DC, 106.674891, -6.094429
Virtual Cakung 5 DC, 106.941112, -6.189042
WH Avatar, 106.664826, -6.125661
Cinambo DC, 107.69334, -6.931662
Ngawi 2 DC, 111.428604, -7.485107
Transit Point Kalideres DC, 106.70264, -6.152381
Balikpapan Barat DC, 116.846881, -1.175899
Cakung 5 DC, 106.941112, -6.189042
Transit Point Neglasari 2 DC, 106.637351, -6.152178
Virtual Bekasi DC, 106.976762, -6.198416
SBS Palembang DC, 104.734809, -2.845282
WH AB Cargo Surabaya, 112.753334, -7.443565
Mataram 2 DC, 116.124988, -8.633055
Transit Point Sunter 2 DC, 106.879653, -6.132917
Medan Labuhan DC, 98.700025, 3.660559
Virtual Sunter 2 DC, 106.879822, -6.132086
WH SMI, 106.900865, -6.109371
Surabaya RDC, 112.690845, -7.243738
DM Cirebon DC, 108.558453, -6.741006
SBS Pekanbaru DC, 101.364351, 0.495724
Sidoarjo 2 DC, 112.604879, -7.384131
Ketapang Kalbar DC, 109.958411, -1.794426
Maros DC, 119.502996, -5.043207
Daily Rent, 110.735293, -7.615162
Transit Point Bekasi DC, 106.977427, -6.197401
Tanah Pinem Hub, 98.159611, 2.974528
Biringkanaya 2 Hub, 119.502669, -5.097924
MH Surade 2 Hub, 106.583942, -7.319146
MH Surade Hub, 106.583942, -7.319146
MH Sukanagara 2 Hub, 107.134407, -7.092471
MH Sukanagara Hub, 107.134407, -7.092471
MH Purabaya Hub, 106.877371, -7.109705
MH Pangalengan Hub, 107.507348, -7.29707
MH Nusaherang 2 Hub, 108.4329, -7.01199
MH Nusaherang Hub, 108.4329, -7.01199
MH Manonjaya Hub, 108.3062, -7.35067
MH Luragung Hub, 108.580123, -6.999888
MH Kawali 3 Hub, 108.366, -7.1685
MH Kawali 2 Hub, 108.366, -7.1685
MH Kawali Hub, 108.366, -7.1685
MH Karangnunggal 2 Hub, 108.156, -7.6034
MH Karangnunggal Hub, 108.156, -7.6034
MH Jampang Kulon Hub, 106.62389, -7.273558
MH Cibinong Cianjur 3 Hub, 107.122738, -7.2675
MH Cibinong Cianjur 2 Hub, 107.122738, -7.2675
MH Cibinong Cianjur Hub, 107.122738, -7.2675
MH Bungbulang 3 Hub, 107.598376, -7.457958
MH Bungbulang 2 Hub, 107.598376, -7.457958
MH Bungbulang Hub, 107.598376, -7.457958
MH Wanayasa Hub, 109.748592, -7.251275
MH Temanggung Hub, 106.8057, -6.22416
MH Simo 2 Hub, 110.6686, -7.43837
MH Simo Hub, 110.6686, -7.43837
MH Purwodadi Hub, 110.8809, -7.07063
MH Matesih Hub, 111.121949, -7.668782
MH Karanganyar Pekalongan Hub, 109.619294, -7.027029
MH Kajen Hub, 109.593964, -7.03266
MH Godong Hub, 110.759717, -7.198055
MH Comal Hub, 109.513717, -6.902384
MH Cepogo Hub, 110.532039, -7.51617
MH Bojong Hub, 109.607943, -6.943033
MH Bawang Hub, 109.653873, -7.400466
MH Bantarsari Hub, 108.862677, -7.531759
MH Tutur Hub, 112.815951, -7.890323
MH Trenggalek Hub, 111.714727, -8.049126
MH Pakusari Hub, 113.793465, -8.171841
MH Pacitan Hub, 111.1143, -8.17895
MH Ngrambe Hub, 111.199006, -7.512946
MH Ngadirojo Hub, 111.304204, -8.253224
MH Bondowoso Hub, 113.812, -7.93245
MH Binangun Hub, 112.334907, -8.202556
MH Batu Hub, 112.4606, -7.84337
MH Bangorejo Hub, 114.1765, -8.48864
MH Arjosari Hub, 111.155005, -8.124318
MH Ambulu Hub, 113.5617, -8.34059
MH Cibaliung 2 Hub, 105.706204, -6.718896
MH Cibaliung Hub, 105.706204, -6.718896
MH Wolowaru 5 Hub, 121.885784, -8.782817
MH Wolowaru 4 Hub, 121.885784, -8.782817
MH Wolowaru 3 Hub, 121.885784, -8.782817
MH Wolowaru 2 Hub, 121.885784, -8.782817
MH Wolowaru Hub, 121.885784, -8.782817
MH Woha Hub, 118.697683, -8.570849
MH Teluk Mutiara 5 Hub, 124.761279, -8.179873
MH Teluk Mutiara 4 Hub, 124.540987, -8.219603
MH Teluk Mutiara 3 Hub, 124.540987, -8.219603
MH Teluk Mutiara 2 Hub, 124.4081, -8.26775
MH Teluk Mutiara Hub, 124.528633, -8.254006
MH Taliwang 2 Hub, 116.8196, -8.76182
MH Taliwang Hub, 116.8196, -8.76182
MH Sumbawa 2 Hub, 117.4206, -8.49478
MH Sumbawa Hub, 117.4206, -8.49478
MH Soe 10 Hub, 124.27051, -9.861021
MH Soe 9 Hub, 124.27051, -9.861021
MH Soe 5 Hub, 124.27051, -9.861021
MH Soe 7 Hub, 124.27051, -9.861021
MH Soe 6 Hub, 124.27051, -9.861021
MH Soe 4 Hub, 124.27051, -9.861021
MH Soe 3 Hub, 124.27051, -9.861021
MH Soe 2 Hub, 124.27051, -9.861021
MH Soe Hub, 124.27051, -9.861021
MH Sakra Barat Hub, 116.464913, -8.716017
MH Plampang 3 Hub, 117.783905, -8.795342
MH Plampang 2 Hub, 117.783905, -8.795342
MH Plampang Hub, 117.783905, -8.795342
MH 4 Palibelo Hub, 118.694984, -8.55014
MH 3 Palibelo Hub, 118.694984, -8.55014
MH 2 Palibelo Hub, 118.694984, -8.55014
MH 1 Palibelo Hub, 118.694984, -8.55014
MH Pajo Hub, 118.491313, -8.61176
MH Oebobo Hub, 123.60277, -10.167028
MH Nubatukan Hub, 123.419225, -8.371185
MH 1 Mpunda Hub, 118.92431, -8.340585
MH Menggelewa 5 Hub, 118.281232, -8.370589
MH Menggelewa 4 Hub, 118.307476, -8.516821
MH Menggelewa 3 Hub, 118.307476, -8.516821
MH Menggelewa 2 Hub, 118.307476, -8.516821
MH Menggelewa Hub, 118.307476, -8.516821
MH Maulafa 3 Hub, 123.673883, -10.190864
MH Maulafa 2 Hub, 123.6126, -10.185973
MH Maulafa Hub, 123.673015, -10.269965
MH Malaka Tengah 5 Hub, 124.923814, -9.535262
MH Malaka Tengah 4 Hub, 124.923814, -9.535262
MH Malaka Tengah 3 Hub, 124.923814, -9.535262
MH Malaka Tengah 2 Hub, 124.923814, -9.535262
MH Malaka Tengah Hub, 124.923814, -9.535262
MH Loura (Laura) 8 Hub, 119.226908, -9.411793
MH Loura (Laura) 7 Hub, 119.226908, -9.411793
MH Loura (Laura) 6 Hub, 119.226908, -9.411793
MH Loura (Laura) 5 Hub, 119.226908, -9.411793
MH Loura (Laura) 4 Hub, 119.226908, -9.411793
MH Loura (Laura) 3 Hub, 119.226908, -9.411793
MH Loura (Laura) 2 Hub, 119.226908, -9.411793
MH Loura (Laura) Hub, 119.226908, -9.411793
MH 1 Loli Hub, 119.408329, -9.639576
MH Lobalain 2 Hub, 123.030932, -10.773333
MH Lobalain Hub, 123.030932, -10.773333
MH Langke Rembong 3 Hub, 120.437015, -8.587036
MH Langke Rembong 2 Hub, 120.437015, -8.587036
MH Langke Rembong Hub, 120.437015, -8.587036
MH Labuhan Bajo Hub, 119.898948, -8.486337
MH Labuhan Badas Hub, 117.392143, -8.477294
MH Kupang Timur 3 Hub, 123.793291, -10.105302
MH Kota Kefamenanu 5 Hub, 124.480318, -9.463604
MH Kota Kefamenanu 4 Hub, 124.480318, -9.463604
MH Kota Kefamenanu 3 Hub, 124.480318, -9.463604
MH Kota Kefamenanu 2 Hub, 124.480318, -9.463604
MH Kota Kefamenanu Hub, 124.038377, -9.369522
MH Katikutana Hub, 119.563217, -9.591977
MH Gianyar Hub, 115.310752, -8.548315
MH Ende Tengah 3 Hub, 121.656821, -8.8447
MH Ende Tengah 2 Hub, 121.656821, -8.8447
MH Ende Tengah Hub, 121.656821, -8.8447
MH Dompu Hub, 118.583367, -8.436414
MH Borong 3 Hub, 120.606253, -8.813367
MH Borong 2 Hub, 120.606253, -8.813367
MH Borong Hub, 120.606253, -8.813367
MH Bajawa 7 Hub, 120.9699, -8.788176
MH Bajawa 6 Hub, 120.9699, -8.788176
MH Bajawa 5 Hub, 120.9699, -8.788176
MH Bajawa 4 Hub, 120.9699, -8.788176
MH Bajawa 3 Hub, 120.9699, -8.788176
MH Bajawa 2 Hub, 120.9699, -8.788176
MH Bajawa Hub, 120.9699, -8.788176
MH Alok 2 Hub, 122.202321, -8.619444
MH Alok Hub, 122.202321, -8.619444
MH 1 Aikmel Hub, 116.548488, -8.598477
MH 4 Aesesa Hub, 121.274121, -8.565073
MH 3 Aesesa Hub, 121.274121, -8.565073
MH 2 Aesesa Hub, 121.274121, -8.565073
MH 1 Aesesa Hub, 121.274121, -8.565073
MH Tebing Tinggi Hub, 103.08772, -3.59563
MH Tanjung Pandan 2 Hub, 107.627177, -2.736718
MH Tanjung Pandan Hub, 107.627177, -2.736718
MH Talang Ubi Hub, 103.85046, -3.296291
MH Sungkai Utara Hub, 104.845672, -4.769984
MH Sungai Lilin Hub, 104.11106, -2.596205
MH Sukajadi Baturaja Timur 2 Hub, 104.167313, -4.106392
MH Sukajadi Baturaja Timur Hub, 104.167313, -4.106392
MH Sirah Pulau Padang 3 Hub, 104.89259, -3.257684
MH Sirah Pulau Padang 2 Hub, 104.89259, -3.257684
MH Sirah Pulau Padang Hub, 104.89259, -3.257684
MH Sekincau 3 Hub, 104.310042, -5.055651
MH Sekincau 2 Hub, 104.310042, -5.055651
MH Sekincau Hub, 104.310042, -5.055651
MH 4 Sako Hub, 104.769621, -2.916695
MH 3 Sako Hub, 104.769621, -2.916695
MH 2 Sako Hub, 104.769621, -2.916695
MH 1 Sako Hub, 104.769621, -2.916695
MH Plaju Hub, 104.867847, -3.063941
MH Pesisir Tengah 3 Hub, 103.935961, -5.183939
MH Pesisir Tengah 2 Hub, 103.935961, -5.183939
MH Pesisir Tengah Hub, 103.935961, -5.183939
MH Pakuan Ratu Hub, 104.703224, -4.533934
MH Pagar Alam 3 Hub, 103.073256, -4.153124
MH Pagar Alam 2 Hub, 103.263133, -3.964526
MH Pagar Alam Hub, 103.192305, -3.946752
MH Musi Rawas Hub, 102.956507, -3.184157
MH 2 Pulau Beringin Hub, 103.51859, -4.48557
MH 1 Pulau Beringin Hub, 103.56233, -4.45125
MH Muara Dua 3 Hub, 103.921331, -4.550532
MH Makale Utara 3 Hub, 119.767137, -3.161127
MH Makale Utara 2 Hub, 119.823666, -3.042839
MH Dusun Timur 3 Hub, 115.16311, -2.10822
MH Dusun Timur 2 Hub, 115.16311, -2.10822
MH Dusun Timur Hub, 115.16311, -2.10822
MH Bontang Hub, 117.409502, -0.090643
MH Muara Dua 2 Hub, 104.0709, -4.51757
MH Muara Dua Hub, 104.0709, -4.51757
MH Muara Beliti Hub, 102.989852, -3.257066
MH Muara Bangkahulu Hub, 102.376034, -3.63697
MH 1 Martapura Hub, 104.3351, -4.2986
MH Manggar 2 Hub, 108.2423, -2.88096
MH Manggar Hub, 108.2423, -2.88096
MH Lahat Hub, 103.5564, -3.75176
MH Kota Manna 2 Hub, 102.811491, -4.246467
MH 1 Kota Manna Hub, 102.9182, -4.46205
MH 1 Kota Curup Hub, 102.283883, -3.170097
MH Kota Argamakmur Hub, 102.1925, -3.43377
MH Koba 3 Hub, 106.173063, -2.80714
MH Koba 2 Hub, 106.151485, -2.620692
MH Ketahun Hub, 101.86066, -3.312157
MH Kayu Agung 2 Hub, 104.8316, -3.39523
MH Kayu Agung Hub, 104.8316, -3.39523
MH Kaur Selatan 2 Hub, 103.351004, -4.795442
MH Kaur Selatan Hub, 103.351004, -4.795442
MH Gelumbang 2 Hub, 104.4329, -3.24603
MH Gelumbang Hub, 104.4329, -3.24603
MH Gedong Tataan Hub, 105.086929, -5.375219
MH Gabek Hub, 106.085247, -2.107622
MH Dabuk Rejo Hub, 104.98588, -3.963936
MH Bukit Intan Hub, 106.145821, -2.144278
MH Buay Madang Hub, 104.457773, -4.221545
MH Bengkulu 2 Hub, 102.3479, -3.87876
MH Bengkulu Hub, 102.3479, -3.87876
MH Belinyu Hub, 105.7979, -1.64302
MH Banyuasin 2 Hub, 104.422037, -2.918862
MH Banyuasin Hub, 104.422037, -2.918862
MH Banding Agung Hub, 103.952, -4.78378
MH Babat Supat Hub, 104.07648, -2.762329
MH Air Kumbang 3 Hub, 104.974146, -2.943436
MH Air Kumbang 2 Hub, 105.213806, -2.609016
MH Air Kumbang Hub, 104.974146, -2.943436
MH Ujung Tanjung Hub, 101.031942, 1.625444
MH Ujung Batu 2 Hub, 100.534005, 0.709631
MH Ujung Batu Hub, 100.534005, 0.709631
MH Tualang Hub, 101.592, 0.676844
MH 3 Tembilahan Hub, 103.1527, -0.31985
MH 2 Tembilahan Hub, 103.1527, -0.31985
MH 1 Tembilahan Hub, 103.1527, -0.31985
MH Teluk Dalam 2 Hub, 97.820339, 0.562113
MH Teluk Dalam Hub, 97.820339, 0.562113
MH Tebo Ilir 2 Hub, 102.49878, -1.676796
MH 1 Tebo Ilir Hub, 102.708455, -1.532481
MH Tebing Tinggi Riau 3 Hub, 102.707471, 1.01061
MH Tebing Tinggi Riau 2 Hub, 102.707471, 1.01061
MH Tebing Tinggi Riau Hub, 102.707471, 1.01061
MH Tebing Tinggi Jambi 3 Hub, 103.0775, -1.01185
MH Tebing Tinggi Jambi 2 Hub, 103.0775, -1.01185
MH Tebing Tinggi Jambi Hub, 103.0775, -1.01185
MH Tarutung 3 Hub, 98.9777, 2.021631
MH Tarutung 2 Hub, 98.9777, 2.021631
MH Tarutung Hub, 98.9777, 2.021631
MH Tapak Tuan Hub, 97.287582, 3.172859
Biringkanaya 2 First Mile Hub, 119.502669, -5.097924
Genuk First Mile Hub, 110.472089, -6.980869
MH Tanjung Jabung Timur 3 Hub, 103.8168, -1.24558
MH Tanjung Jabung Timur 2 Hub, 103.79605, -1.213333
MH Tanjung Jabung Timur Hub, 103.8168, -1.24558
MH 1 Tanjung Jabung Barat Hub, 103.4612, -0.82359
MH Tanah Sepenggal Lintas 3 Hub, 102.027081, -1.398819
MH Tanah Sepenggal Lintas 2 Hub, 102.027081, -1.398819
MH Tanah Sepenggal Lintas Hub, 102.027081, -1.398819
MH Tanah Merah Hub, 102.314893, -0.359312
MH Tanah Jawa Hub, 99.12196, 2.878452
MH Tabir 2 Hub, 102.292973, -1.864685
MH Tabir Hub, 102.292973, -1.864685
MH Sinunukan Hub, 99.267044, 0.466222
MH Singkut 2 Hub, 101.394331, 0.497632
MH Singkut Hub, 101.394331, 0.497632
MH Singingi Hub, 101.3469, -0.3902
MH Simpang Empat Hub, 99.622112, 2.821709
MH Simeulue Timur 2 Hub, 96.37846, 2.452575
MH Simeulue Timur Hub, 96.37846, 2.452575
MH Sijunjung Hub, 100.913, -0.65236
MH Siborong - Borong Hub, 98.966442, 2.185746
MH Siak 3 Hub, 102.0537, 0.801453
MH Siak 2 Hub, 102.085294, 1.199964
MH 1 Siak Hub, 102.0537, 0.801453
MH Setia Hub, 96.872892, 3.703031
MH Seberida Hub, 102.409479, -0.562392
MH Sarolangun Hub, 102.7003, -2.30369
MH Sangir 2 Hub, 101.247983, -1.54541
MH Sangir Hub, 101.247983, -1.54541
MH Salapian 2 Hub, 98.298593, 3.477169
MH Salapian Hub, 98.298593, 3.477169
MH Rimbo Bujang 3 Hub, 102.1096, -1.30573
MH Rimbo Bujang Hub, 102.1096, -1.30573
MH Rao 2 Hub, 100.020234, 0.559562
MH Rao Hub, 100.020234, 0.559562
MH Rantau Utara Hub, 99.82572, 2.087714
MH Rambah 2 Hub, 100.2971, 0.882044
MH Rambah Hub, 99.997022, 0.883464
MH Punjung 2 Hub, 101.544048, -0.986381
MH Punjung Hub, 101.544048, -0.986381
MH 2 Madidir Hub, 125.20363, 1.431574
MH Penyengat Rendah Hub, 103.555138, -1.587843
MH 3 Pasar Muara Bungo Hub, 102.1015, -1.50111
MH 2 Pasar Muara Bungo Hub, 102.1015, -1.50111
MH Pasaman Hub, 99.82447, 0.096198
MH Pangururan 5 Hub, 98.690156, 2.638865
MH Pangururan 4 Hub, 98.690156, 2.638865
MH Pangururan 3 Hub, 98.690156, 2.638865
MH Pangururan 2 Hub, 98.690156, 2.638865
MH Pangururan Hub, 98.690156, 2.638865
MH Pangkalan Kuras 3 Hub, 102.0661, 0.123584
MH Pangkalan Kuras 2 Hub, 102.0661, 0.123584
MH Pangkalan Kuras Hub, 102.0661, 0.123584
MH Pangkalan Koto Hub, 100.723469, 0.089341
MH 2 Pangkalan Kerinci Hub, 101.8771, 0.367408
MH 1 Pangkalan Kerinci Hub, 101.8771, 0.367408
MH Panai Hulu Hub, 100.152548, 2.460553
MH Painan Hub, 100.5834, -1.34175
MH Pahae Jae Hub, 99.049218, 1.845795
MH Padang Sidempuan 2 Hub, 99.2771, 1.373929
MH Padang Sidempuan Hub, 99.332759, 1.497018
MH Padang Bolak Hub, 99.776788, 1.401582
MH Natal 3 Hub, 99.10945, 0.579273
MH Natal 2 Hub, 99.10945, 0.579273
MH Natal Hub, 99.10945, 0.579273
MH Na IX-X 2 Hub, 99.748333, -2.294778
MH Na IX-X Hub, 99.748333, -2.294778
MH Muara Sipongi Hub, 99.740617, 0.648928
MH Mersam Hub, 103.00889, -1.668382
MH Mandrehe Hub, 97.599344, 0.938194
MH Kuantan Tengah 5 Hub, 101.555308, -0.529138
MH Kuantan Tengah 4 Hub, 101.555308, -0.529138
MH Kuantan Tengah 3 Hub, 101.555308, -0.529138
MH Kuantan Tengah 2 Hub, 101.555308, -0.529138
MH Kuantan Tengah Hub, 101.555308, -0.529138
MH Mandiangin Hub, 102.988889, -2.014589
MH Mandau 2 Hub, 101.016756, 1.378439
MH Mandau Hub, 101.1928, 1.267732
MH Lubuk Sikaping Hub, 100.169, 0.132743
MH Lubuk Basung Hub, 100.0342, -0.3141
MH Lubuk Alung Hub, 100.2894, -0.6792
MH 1 Lotu Hub, 97.38271, 1.387855
MH Lingga 2 Hub, 104.59783, -0.226795
MH Lingga Hub, 104.59783, -0.226795
MH Lhoksukon 2 Hub, 97.318096, 5.039636
MH Lembah Masurai Hub, 101.997515, -2.372323
MH Lembah Gumanti 2 Hub, 100.78545, -1.0791
MH Lembah Gumanti Hub, 100.78545, -1.0791
MH Langsa Kota Hub, 97.910103, 4.551852
MH Kumpeh Ulu 2 Hub, 103.67631, -1.56662
MH Kumpeh Ulu Hub, 103.67631, -1.56662
MH Kualuh Selatan Hub, 99.633349, 2.477458
MH Krueng Sabee 2 Hub, 95.588012, 4.643061
MH Krueng Sabee Hub, 95.588012, 4.643061
MH Koto Gasib Hub, 101.800388, 0.60876
MH Kota Solok 2 Hub, 100.897799, -0.974974
MH Kota Solok Hub, 100.535688, -0.670405
MH Kota Pinang 2 Hub, 100.0832, 1.897467
MH Kota Baru 2 Hub, 103.545477, -1.762251
MH 2 Kluet Utara Hub, 97.337063, 3.088418
MH 1 Kluet Utara Hub, 97.337063, 3.088418
MH Keritang 3 Hub, 102.68815, -0.67864
MH Keritang 2 Hub, 102.663389, -0.702806
MH Karang Baru 2 Hub, 98.05129, 4.289345
MH Karang Baru Hub, 98.179288, 4.241836
MH 2 Johan Pahlawan Hub, 96.13795, 4.155507
MH 1 Johan Pahlawan Hub, 96.13795, 4.155507
MH Idi Rayeuk Hub, 97.7916, 4.928365
MH 3 Gunung Sitoli Hub, 97.538573, 1.178085
MH 2 Gunung Sitoli Hub, 97.852156, 0.957024
MH 1 Gunung Sitoli Hub, 97.887112, 1.08117
MH Gunung Meriah 3 Hub, 97.942589, 2.382974
MH Gunung Meriah 2 Hub, 97.942589, 2.382974
MH Gunung Meriah Hub, 97.942589, 2.382974
MH Galang 2 Hub, 98.796841, 3.265087
MH Galang Hub, 98.885389, 3.437805
MH Dumai Hub, 101.4341, 1.669051
MH Dolok Sanggul 7 Hub, 98.74857, 2.251991
MH Dolok Sanggul 6 Hub, 98.838826, 2.121362
MH Dolok Sanggul 5 Hub, 98.74857, 2.251991
MH Dolok Sanggul 4 Hub, 98.74857, 2.251991
MH Dolok Sanggul 3 Hub, 98.74857, 2.251991
MH Dolok Sanggul 2 Hub, 98.656353, 2.527
MH Dolok Sanggul Hub, 98.74857, 2.251991
MH Dewantara 2 Hub, 97.026986, 5.235803
MH Dewantara Hub, 97.026986, 5.235803
MH Buntu Pane Hub, 99.546175, 2.916834
MH Bukit Tinggi Hub, 100.3747, -0.27179
MH 1 Blang Kejeren Hub, 97.34262, 3.991449
MH Binjai Barat Hub, 98.393538, 3.513366
MH Bebesen Hub, 96.834677, 4.631854
MH Barus 2 Hub, 98.402268, 2.013186
MH Barus Hub, 98.402268, 2.013186
MH Barumun Hub, 99.733957, 1.051352
MH Banuhampu Hub, 100.260517, -0.422911
MH Bangko Pusaka (Pusako) Hub, 100.83789, 1.685142
MH 1 Bangko Hub, 102.2804, -2.04974
MH Bangkinang Hub, 101.0233, 0.34552
MH Banda Aceh 4 Hub, 95.443673, 5.653252
MH Banda Aceh 3 Hub, 95.35259, 5.562849
MH Banda Aceh 2 Hub, 95.35259, 5.562849
MH Banda Aceh Hub, 95.397078, 5.593213
MH Balige 5 Hub, 99.08325, 2.333712
MH Balige 4 Hub, 99.08325, 2.333712
MH Balige 3 Hub, 98.929814, 2.325504
MH Balige 2 Hub, 99.08325, 2.333712
MH Balige Hub, 99.08325, 2.333712
MH Bagan Hulu 2 Hub, 100.80752, 2.149272
MH Bagan Hulu Hub, 100.80752, 2.149272
MH Wonomulyo 4 Hub, 119.214449, -3.396466
MH Walenrang 2 Hub, 120.121536, -2.845037
MH Unaaha 2 Hub, 122.051519, -3.860459
MH Unaaha Hub, 122.051519, -3.860459
MH Tompobulu 2 Hub, 119.781105, -5.458306
MH Tobelo 2 Hub, 128.010402, 1.729908
MH Tirawuta 2 Hub, 121.90309, -4.039575
MH Tinakung 4 Hub, 123.300557, -1.306904
MH Tempe 3 Hub, 120.039, -4.14365
MH Tempe 2 Hub, 120.039, -4.14365
MH Tempe Hub, 120.039, -4.14365
MH 1 Sungguminasa Hub, 119.453963, -5.207017
MH 2 Sigi Biromaru Hub, 119.92737, -0.954529
MH Poso Kota 3 Hub, 120.751283, -1.397148
MH 2 Poso Kota Hub, 120.751283, -1.397148
MH Poso Kota Hub, 120.751283, -1.397148
MH Pomalaa 3 Hub, 121.658732, -4.17188
MH Pomalaa 2 Hub, 121.658732, -4.17188
MH Petasia 4 Hub, 121.338, -1.977895
MH Parigi 6 Hub, 120.16724, -0.801645
MH Pallangga 2 Hub, 119.4457, -5.22088
MH Pagimana 2 Hub, 122.657343, -0.796445
MH Namlea Hub, 127.095967, -3.259035
MH Mimika Baru 5 Hub, 136.888607, -4.562468
MH Mimika Baru 4 Hub, 136.888607, -4.562468
MH Mimika Baru 3 Hub, 136.888607, -4.562468
MH Mimika Baru 2 Hub, 136.888607, -4.562468
MH Merauke Hub, 140.387252, -8.503494
MH Marang 2 Hub, 119.548694, -4.703805
MH Makale 4 Hub, 119.860703, -3.12022
MH Lasusua 3 Hub, 120.881473, -3.500745
MH Lasusua 2 Hub, 120.881473, -3.500745
MH Lalabata 2 Hub, 119.902785, -4.362846
MH Kulisusu 3 Hub, 123.17361, -4.778459
MH Kulisusu 2 Hub, 123.17361, -4.778459
MH Kolaka 2 Hub, 121.631571, -4.077846
MH Dua Pitue Hub, 120.025339, -3.900363
MH 1 Bolano Lambunu Hub, 120.969203, 0.495972
MH Biau 4 Hub, 121.424724, 1.160034
MH 2 Barru Hub, 119.6224, -4.39702
MH Bantaeng 3 Hub, 119.9443, -5.54577
MH Andowia Hub, 122.055335, -3.550597
MH Andoolo 6 Hub, 122.24875, -4.320489
MH Telawang 2 Hub, 112.381915, -2.707486
MH Telawang Hub, 112.420393, -2.543514
MH Tarakan Barat Hub, 117.544352, 3.360654
MH 1 Tanjung Selor Hub, 117.370659, 2.849695
MH 2 Tanjung Redeb Hub, 117.4885, 2.147573
MH 1 Tanjung Redeb Hub, 117.468332, 2.146913
MH Tanjung Hub, 115.3894, -2.14291
MH Tanah Grogot 2 Hub, 116.1969, -1.91516
MH 1 Tanah Grogot Hub, 116.1969, -1.91516
MH Sungai Pinang Hub, 117.156846, -0.478425
MH Sukamara 4 Hub, 111.166713, -2.724195
MH Sukamara 3 Hub, 111.166713, -2.724195
MH Sukamara 2 Hub, 111.370609, -2.428861
MH Sukamara Hub, 111.166713, -2.724195
MH Simpang Empat Tanah Bumbu Hub, 115.986283, -3.403287
MH Selat 3 Hub, 114.338554, -3.257682
MH Selat 2 Hub, 114.383369, -2.984586
MH Selat Hub, 114.383369, -2.984586
Maduran First Mile Hub, 112.281114, -7.014695
Bulakamba First Mile Hub, 108.931998, -6.873991
MH Sekadau Hilir 4 Hub, 110.8861, 0.020259
MH Sarang Halang 2 Hub, 114.780973, -3.812941
MH Sarang Halang Hub, 114.780973, -3.812941
MH Sangkulirang Hub, 117.866442, 0.875654
MH Sanggau 3 Hub, 110.5949, 0.122955
MH Sangatta Hub, 117.297923, 0.598328
MH Samarinda Seberang 2 Hub, 117.234007, -0.826539
MH Samarinda Seberang Hub, 117.072857, -0.632669
MH Pulau Laut Tengah 2 Hub, 116.074649, -3.467094
MH Pulau Laut Tengah Hub, 116.074649, -3.467094
MH Penajam 2 Hub, 116.766413, -1.259242
MH Penajam Hub, 116.766413, -1.259242
MH Pelaihari Hub, 114.7739, -3.79531
MH Parenggean 4 Hub, 112.798739, -2.026095
MH Parenggean 3 Hub, 112.798739, -2.026095
MH Parenggean 2 Hub, 112.798739, -2.026095
MH Parenggean Hub, 112.798739, -2.026095
MH Palaran Hub, 117.249938, -0.653684
MH 2 Palangka Raya Hub, 113.877966, -2.178665
MH 1 Palangka Raya Hub, 113.95661, -1.957508
MH Nunukan 2 Hub, 117.710674, 4.087903
MH Nunukan Hub, 117.710674, 4.087903
MH Murung 2 Hub, 114.583378, -0.655728
MH Murung Hub, 114.583378, -0.655728
MH Muara Teweh 6 Hub, 114.9025, -0.94503
MH Muara Teweh 5 Hub, 114.9025, -0.94503
MH Muara Teweh 4 Hub, 114.9025, -0.94503
MH Muara Teweh 3 Hub, 114.9025, -0.94503
MH Muara Teweh 2 Hub, 114.9025, -0.94503
MH Muara Teweh Hub, 114.9025, -0.94503
MH Marabahan Hub, 106.8141, -6.21606
MH Malinau Kota 3 Hub, 116.629858, 3.588095
MH Malinau Kota 2 Hub, 116.629858, 3.588095
MH Malinau Kota Hub, 116.747336, 3.753286
MH Long Ikis 2 Hub, 116.205503, -1.577167
MH Long Ikis Hub, 116.205503, -1.577167
MH Kurun 2 Hub, 113.862402, -1.11637
MH Kurun Hub, 113.862402, -1.11637
MH Kota Besi Hub, 112.981987, -2.405237
MH Kota Baru Kalsel 2 Hub, 116.2327, -3.24002
MH Kota Baru Kalsel Hub, 116.2327, -3.24002
MH Kota Bangun Hub, 116.626276, -0.23575
MH Maliku Hub, 114.12504, -2.971439
MH Khayan Hilir Hub, 114.268292, -2.783677
MH 2 Kelam Permai Hub, 111.630876, 0.078933
MH 1 Kelam Permai Hub, 111.630876, 0.078933
MH Kasongan 2 Hub, 113.3889, -1.89502
MH 1 Katingan Hilir 2 Hub, 113.3889, -1.89502
MH Kapuas Murung Hub, 114.532056, -2.835773
MH Kandangan Hub, 115.2601, -2.80179
MH Hanau 2 Hub, 112.118091, -2.492765
MH Hanau Hub, 112.118091, -2.492765
MH Dusun Selatan 3 Hub, 114.83657, -1.720838
MH Dusun Selatan 2 Hub, 114.83657, -1.720838
MH Dusun Selatan Hub, 114.83657, -1.720838
MH Bulik 2 Hub, 111.211849, -2.262558
MH Bulik Hub, 111.448584, -2.185483
MH Bengalon Hub, 116.925037, 1.100243
MH Batu Sopang 3 Hub, 115.889016, -1.824302
MH Batu Sopang 2 Hub, 115.889016, -1.824302
MH Batu Sopang Hub, 115.889016, -1.824302
MH 1 Barong Tongkok Hub, 115.710983, -0.219023
MH Arut Selatan Hub, 111.6625, -2.66933
MH Kelumpang Hulu 9 Hub, 115.97072, -3.093865
MH Kelumpang Hulu 8 Hub, 115.97072, -3.093865
MH Kelumpang Hulu 7 Hub, 115.97072, -3.093865
MH Kelumpang Hulu 6 Hub, 115.97072, -3.093865
MH Kelumpang Hulu 5 Hub, 115.97072, -3.093865
MH Kelumpang Hulu 4 Hub, 115.97072, -3.093865
Pronojiwo Hub, 112.938081, -8.215751
MH Kelumpang Hulu 3 Hub, 115.97072, -3.093865
MH Kelumpang Hulu 2 Hub, 115.97072, -3.093865
MH Kelumpang Hulu Hub, 115.97072, -3.093865
MH Kelumpang Hilir Hub, 115.994093, -3.198873
MH Bati-bati Hub, 114.70968, -3.59165
MH Barabai Hub, 115.3807, -2.58367
MH Banjarmasin 2 Hub, 114.674, -3.41255
MH Banjarmasin Hub, 114.674, -3.41255
MH Banjarbaru Hub, 115.018311, -3.50832
MH Anjir Muara 2 Hub, 114.52652, -3.177203
MH Anjir Muara Hub, 114.52652, -3.177203
MH Teluk Keramat Hub, 109.215598, 1.473301
MH Tayan Hulu Hub, 110.227461, 0.288654
MH Tayan Hilir Hub, 110.0926, 0.035049
MH Sungai Tebelian Hub, 111.457126, -0.027856
MH Sekayam Hub, 110.39197, 0.751014
MH Sekadau Hilir 3 Hub, 110.8861, 0.020259
MH Sekadau Hilir 2 Hub, 110.8861, 0.020259
MH Sekadau Hilir Hub, 110.8861, 0.020259
MH 1 Sengah Temila 2 Hub, 109.740325, 0.395324
MH Belitang 2 Hub, 111.208565, 0.23997
MH Belitang Hub, 111.208565, 0.23997
MH Manokwari Barat Hub, 134.04786, -0.875582
MH Bintuni Hub, 133.543878, -2.123666
MH Mimika Baru Hub, 136.883527, -4.573092
MH Abepura Hub, 140.694296, -2.567297
MH Tobelo Hub, 128.010402, 1.729908
MH Kota Maba Hub, 128.278645, 0.687974
MH Kota Masohi 3 Hub, 128.141454, -3.080189
MH Kota Masohi 2 Hub, 128.355645, -3.339895
MH Kota Masohi Hub, 128.947233, -3.311547
MH Baguala 3 Hub, 128.2382, -3.62905
MH Baguala 2 Hub, 128.2382, -3.62905
MH Baguala Hub, 128.024238, -3.60202
MH Wawoni Barat Hub, 122.9832, -4.059866
MH Tirawuta Hub, 121.897637, -4.048114
MH Rumbia Hub, 122.038443, -4.765807
MH Pomalaa Hub, 121.634515, -4.178598
MH Pasar Wajo 2 Hub, 122.851059, -5.481461
MH Pasar Wajo Hub, 122.851059, -5.481461
MH Mawasangka Tengah Hub, 122.370145, -5.329954
MH Lasusua Hub, 120.886117, -3.501601
MH Kulisusu Hub, 123.174522, -4.778854
MH Kolaka Hub, 121.642263, -4.081868
MH Batauga 2 Hub, 122.606685, -5.568438
MH Batauga Hub, 122.606685, -5.568438
MH 3 BATALAIWARU (BATALAIWORU) Hub, 122.733444, -4.816806
MH BATALAIWARU (BATALAIWORU) 2 Hub, 122.733444, -4.816806
MH BATALAIWARU (BATALAIWORU) Hub, 122.733444, -4.816806
MH Andoolo 5 Hub, 122.249457, -4.311877
MH Andoolo 4 Hub, 122.249457, -4.311877
MH Andoolo 3 Hub, 122.249457, -4.311877
MH Andoolo 2 Hub, 122.249457, -4.311877
MH Andoolo Hub, 122.249457, -4.311877
MH Tinakung 3 Hub, 123.300557, -1.306904
MH Tinakung 2 Hub, 123.300557, -1.306904
MH Tinakung Hub, 123.300557, -1.306904
MH 1 Sigi Biromaru Hub, 119.924265, -0.953523
MH Petasia 3 Hub, 121.338, -1.977895
MH Petasia 2 Hub, 121.338, -1.977895
MH Petasia Hub, 121.338, -1.977895
MH Parigi 5 Hub, 120.164744, -0.799247
MH Parigi 4 Hub, 120.164744, -0.799247
MH Parigi 3 Hub, 120.164744, -0.799247
MH 2 Bolano Lambunu Hub, 120.729611, 0.54475
MH Parigi Hub, 120.164744, -0.799247
MH Pagimana Hub, 122.657343, -0.796446
MH Luwuk 5 Hub, 122.781825, -0.972692
MH Luwuk 3 Hub, 122.781825, -0.972692
MH Luwuk 2 Hub, 122.781825, -0.972692
MH Luwuk Hub, 122.781825, -0.972692
MH 3 Bungku Tengah Hub, 121.933874, -2.477735
MH 2 Bungku Tengah Hub, 121.933874, -2.477735
MH 1 Bungku Tengah Hub, 121.933874, -2.477735
MH Biau 3 Hub, 121.424986, 1.160204
MH Biau 2 Hub, 121.424986, 1.160204
MH Biau Hub, 121.424986, 1.160204
MH Baolan 6 Hub, 120.814812, 1.035917
MH Baolan 5 Hub, 120.814812, 1.035917
MH Baolan 4 Hub, 119.539047, -3.670181
MH Baolan 3 Hub, 120.814812, 1.035917
MH Baolan 2 Hub, 120.814812, 1.035917
MH Baolan Hub, 120.814812, 1.035917
MH Banawa 2 Hub, 119.742002, -0.669738
MH Banawa Hub, 119.742002, -0.669738
MH Bahodopi Hub, 122.091938, -2.792244
MH Watang Sawitto Hub, 119.529736, -3.5441
MH Walenrang Hub, 120.121536, -2.845037
MH Ujung Bulu 2 Hub, 120.1927, -5.54122
MH Ujung Bulu Hub, 120.1927, -5.54122
MH Turikale 3 Hub, 119.5667, -5.04288
MH Turikale 2 Hub, 119.5667, -5.04288
MH Turikale Hub, 120.028812, -5.055646
MH 1 Towuti Hub, 121.393889, -2.646
MH Tompobulu Hub, 119.695777, -5.352622
MH Tinggimoncong Hub, 119.85525, -5.252194
MH Tanete Riattang 3 Hub, 120.3292, -4.54419
MH Tanete Riattang 2 Hub, 120.3292, -4.54419
MH 1 Tanete Riattang Hub, 120.3292, -4.54419
MH Sinjai Utara Hub, 120.165493, -5.235514
MH Rantepao 2 Hub, 119.900317, -2.970052
MH Rantepao Hub, 119.900317, -2.970052
MH Patallassang 2 Hub, 119.440326, -5.436148
MH Patallassang Hub, 119.440326, -5.436148
MH Palakka Hub, 120.268944, -4.515006
MH Marang Hub, 119.549482, -4.703842
MH Makale Utara Hub, 119.908751, -3.087548
MH Makale 3 Hub, 119.861326, -3.12349
MH Makale 2 Hub, 119.861326, -3.12349
MH Makale Hub, 119.861326, -3.12349
MH 1 Maiwa Hub, 119.848882, -3.780634
MH Libureng Hub, 120.115858, -4.955234
MH Lalabata Hub, 119.892858, -4.379204
MH Bulukumba Hub, 120.144098, -5.356899
MH 2 Binamu Hub, 119.724263, -5.650568
MH 1 Binamu Hub, 119.580978, -5.618706
MH Belopa 2 Hub, 120.357328, -3.373926
MH 1 Barru Hub, 119.6224, -4.39702
MH Baraka Hub, 119.854745, -3.405813
MH Bantaeng 2 Hub, 119.9443, -5.54577
MH Bantaeng Hub, 119.876335, -5.464519
MH Bajeng Hub, 119.403107, -5.300145
MH Wonomulyo 3 Hub, 119.214449, -3.396466
MH Wonomulyo Hub, 119.214449, -3.396466
MH 4 Topoyo Hub, 119.289719, -2.062123
MH 3 Topoyo Hub, 119.289719, -2.062123
MH 2 Topoyo Hub, 119.289719, -2.062123
MH 1 Topoyo Hub, 119.289719, -2.062123
MH Simboro Dan Kepulauan 4 Hub, 118.888819, -2.676629
MH Simboro Dan Kepulauan 3 Hub, 118.888819, -2.676629
MH Simboro Dan Kepulauan 2 Hub, 118.888819, -2.676629
MH Simboro Dan Kepulauan Hub, 118.888819, -2.676629
MH Pasangkayu 3 Hub, 119.37244, -1.178108
MH Pasangkayu Hub, 119.37244, -1.178108
MH Mamasa 3 Hub, 119.368966, -2.947893
MH Mamasa 2 Hub, 119.368966, -2.947893
MH Mamasa Hub, 119.368966, -2.947893
MH 2 Banggae Timur Hub, 118.9772, -3.545701
MH 1 Banggae Timur Hub, 118.9772, -3.545701
MH Tilamuta 2 Hub, 122.334913, 0.525948
MH Tilamuta Hub, 122.334913, 0.525948
MH 1 Marisa Hub, 121.947309, 0.462554
MH Limboto 2 Hub, 122.983566, 0.623158
MH Limboto Hub, 122.983566, 0.623158
MH Kwandang 2 Hub, 122.886791, 0.80505
MH Kwandang Hub, 122.886791, 0.80505
MH Kota Selatan 3 Hub, 123.047263, 0.567263
MH Kota Selatan 2 Hub, 123.075505, 0.592312
MH Kota Selatan Hub, 123.434347, 0.331296
MH Gorontalo 3 Hub, 123.103264, 0.526629
MH Gorontalo 2 Hub, 123.0829, 0.563835
MH Gorontalo Hub, 123.100515, 0.545261
MH Teluk Batang Hub, 109.713885, -1.056133
MH Sukadana Kalbar 2 Hub, 110.090973, -1.47589
MH Sukadana Kalbar Hub, 110.0926, -1.24687
MH Singkawang Hub, 108.9813, 0.904731
MH Silat Hilir 2 Hub, 111.785286, 0.258759
MH Silat Hilir Hub, 111.9942, 0.422855
MH Sengah Temila Hub, 109.673034, 0.326112
MH Semitau Hub, 111.969439, 0.523694
MH Sanggau Ledo 2 Hub, 109.701285, 1.145861
MH Sanggau Ledo Hub, 109.701285, 1.145861
MH Sandai 5 Hub, 110.530439, -1.249812
MH Sandai 4 Hub, 110.530439, -1.249812
MH Sandai 3 Hub, 110.530439, -1.249812
MH Sambas 2 Hub, 109.2869, 1.375052
MH Sambas Hub, 109.221288, 1.283158
MH 5 Putussibau Hub, 112.9363, 0.840051
MH 4 Putussibau Hub, 112.9363, 0.840051
MH 3 Putussibau Hub, 112.9363, 0.840051
MH 2 Putussibau Hub, 112.9363, 0.840051
MH 1 Putussibau Hub, 112.9363, 0.840051
MH Pemangkat Hub, 108.974, 1.17754
MH Monterado Hub, 109.099625, 0.865222
MH Mempawah Hulu Hub, 109.372372, 0.536164
MH Mempawah Hub, 108.9582, 0.364051
MH Melawi 4 Hub, 111.6063, -0.28917
MH Melawi 3 Hub, 111.6063, -0.28917
MH Melawi 2 Hub, 111.6063, -0.28917
MH Melawi Hub, 111.6063, -0.28917
MH Matan Hilir Selatan Hub, 110.115685, -2.019608
MH Landak Hub, 109.9021, 0.317051
MH Hulu Gurung Hub, 112.356876, 0.440593
MH 1 Galing Hub, 109.364472, 1.532666
MH Bunut Hulu 3 Hub, 112.643703, 0.293838
MH Bunut Hulu 2 Hub, 112.643703, 0.293838
MH Bengkayang Hub, 109.485616, 0.83116
MH Badau 2 Hub, 111.921297, 1.027028
MH Badau Hub, 111.921297, 1.027028
MH Anjongan Hub, 109.340768, 0.317966
MH Air Upas Hub, 110.83145, -2.3552
WH Triputra, 106.664867, -6.125776
MH Tiga Binanga 2 Hub, 98.463264, 3.088221
MH Tiga Binanga Hub, 98.463264, 3.088221
MH Matuari Hub, 125.119884, 1.431259
MH Kalawat Hub, 124.914579, 1.475378
MH Tombatu Timur 4 Hub, 124.716072, 1.030622
MH Tombatu Timur 3 Hub, 124.716072, 1.030622
MH Tombatu Timur 2 Hub, 124.716072, 1.030622
MH Tombatu Timur Hub, 124.716072, 1.030622
MH Amurang Barat 3 Hub, 124.507981, 1.184501
MH Amurang Barat 2 Hub, 124.507981, 1.184501
MH Amurang Barat Hub, 124.507981, 1.184501
MH Tondano Selatan 2 Hub, 124.883722, 1.288363
MH Tondano Selatan Hub, 124.883722, 1.288363
MH Beo 4 Hub, 126.789855, 4.226541
MH Beo 3 Hub, 126.789855, 4.226541
MH Beo 2 Hub, 126.789855, 4.226541
MH Beo Hub, 126.789855, 4.226541
MH Tahuna Hub, 125.485123, 3.60773
MH Kaidipang Hub, 123.558888, 0.882429
MH Tutuyan 2 Hub, 124.618895, 0.775113
MH Tutuyan Hub, 124.618895, 0.775113
MH Bolaang Uki 3 Hub, 123.546017, 0.324497
MH Bolaang Uki 2 Hub, 123.982557, 0.393968
MH Bolaang Uki Hub, 123.982557, 0.393968
MH Dumoga Utara 3 Hub, 123.958278, 0.620874
MH Dumoga Utara 2 Hub, 123.958278, 0.620874
MH Dumoga Utara Hub, 123.958278, 0.620874
Sei Sungai Kunyit Hub, 108.923893, 0.551151
Tabongo Hub, 122.913116, 0.594849
Tegal Barat First Mile Hub, 109.1172, -6.870139
Taman Madiun First Mile Hub, 111.509959, -7.643556
Sugihwaras First Mile Hub, 111.954133, -7.288235
Sindangkerta First Mile Hub, 107.413123, -6.988692
Kosambi 5 First Mile Hub, 106.682074, -6.067935
Mamajang First Mile Hub, 119.412139, -5.167306
Kauman Ponorogo First Mile Hub, 111.408389, -7.873023
Gili Trawangan Hub, 116.037881, -8.342812
Cariu First Mile Hub, 107.130901, -6.502343
J-Walk, 110.414375, -7.779454
MH Kupang Timur 2 Hub, 123.813214, -10.09994
MH Kupang Timur Hub, 123.793291, -10.105302
MH Ampana Kota Hub, 121.598044, -0.860411
MH 2 Mentaya Hilir Selatan Hub, 112.944208, -2.847655
MH 1 Mentaya Hilir Selatan Hub, 112.944208, -2.847655
MH Cidaun Hub, 107.33848, -7.464515
Tegal Barat Hub, 109.1172, -6.870139
Tawang First Mile Hub, 108.233843, -7.330726
Kapuas Murung Hub, 114.5374, -2.83033
Pasar Minggu 2 First Mile Hub, 106.825926, -6.285647
Arosbaya First Mile Hub, 112.832207, -6.947214
Sungai Raya Bengkayang Hub, 108.937611, 0.633065
MH Berastagi 3 Hub, 98.564131, 3.296324
MH Siantar Hub, 98.579429, 2.955161
MH Girsang Sipangan Bolon Hub, 98.943358, 2.666585
MH Siantar Selatan 2 Hub, 99.062462, 2.944777
MH Dolok Masihul Hub, 98.846682, 3.17031
MH 7 Kabanjahe Hub, 98.549583, 3.087556
MH 6 Kabanjahe Hub, 98.517541, 2.94551
MH Sipispis Hub, 98.940682, 3.134184
Service Point Gunung Anyar, 112.7762, -7.339712
Service Point Simpang Darmo Permai Utara, 112.683806, -7.277069
Service Point Segitiga Mas Kosambi D-15, 107.626774, -6.917103
Service Point Cimahi Utara, 107.556954, -6.884836
Service Point Margaasih 2, 107.553905, -6.966735
Service Point Raya Jendral Sudirman, 107.597067, -6.919955
Service Point Kelapa Dua, 106.601889, -6.21829
Service Point Penjaringan 3, 106.824558, -6.135317
Service Point Jatinegara, 106.864324, -6.218134
Service Point Kelapa Gading, 106.909981, -6.144902
Service Point Cendrawasih Sukapura, 106.923313, -6.151262
Service Point Cibinong, 106.857789, -6.475029
Service Point Jendral Sudirman Tangerang, 106.632582, -6.195873
Service Point Kramat Jati, 106.865377, -6.262151
Service Point Ciomas, 106.758818, -6.586539
Service Point Cibeureum, 108.271528, -7.354746
Service Point Cipedes, 108.21503, -7.317877
Service Point Plumbon, 108.478219, -6.706339
Service Point Arjawinangun, 108.38825, -6.634556
Service Point Paseh, 107.769653, -7.049597
Service Point Bojongsari, 106.823876, -6.230341
Service Point Pondok Melati, 106.929558, -6.300301
Service Point Mustika Jaya, 106.929558, -6.300301
Service Point Ciracas, 107.017511, -6.306194
Service Point Cikupa, 106.823876, -6.230341
Service Point Pondok Aren 2, 106.711727, -6.293925
Service Point Pondok Aren 1, 106.823876, -6.230341
Service Point Raya Sedati, 112.746444, -7.388027
Service Point Klojen, 112.613698, -7.968226
Service Point Gajayana 569, 112.609601, -7.945328
Service Point Pucang Anom 104A, 112.793952, -7.264212
Service Point Mulyosari Tengah, 112.793952, -7.264212
Service Point Kalijudan Mulyorejo, 112.782134, -7.255461
Service Point Alas Malang, 112.640641, -7.263379
Service Point Lakarsantri 2, 112.644011, -7.305174
Service Point Benowo, 112.631787, -7.254511
Service Point Kedung Cowek, 112.777018, -7.219072
Service Point Tambaksari, 112.773653, -7.246488
Service Point Sidoarjo, 112.682541, -7.443639
Service Point Tambaksari 2, 112.765878, -7.254621
Service Point Kedungkandang, 112.655201, -7.975488
Service Point Tenggilis Mejoyo, 112.76059, -7.320121
Service Point Lakarsantri, 112.652694, -7.310757
Service Point Griya Kebraon, 112.70026, -7.329753
Service Point Karang Tembok, 112.74807, -7.224368
Service Point Kendalsari Selatan, 112.783902, -7.315581
Service Point Babatan Mukti, 112.678105, -7.310857
Service Point Rungkut, 112.770523, -7.325303
Service Point Karang Empat Besar, 112.77002, -7.250798
Service Point Sukolilo, 112.768698, -7.306774
Service Point Darmo Indah Timur, 112.684169, -7.26405
Service Point Wonorejo Selatan, 112.797578, -7.31269
Service Point Keputih Jaya, 112.803316, -7.291462
Service Point Sawahan, 112.726028, -7.279655
Service Point Pekalongan Selatan, 109.661421, -6.910174
Service Point Sapugarut, 109.653467, -6.935094
Service Point Banjarsari, 110.816305, -7.55825
Service Point Laweyan, 110.780303, -7.557251
Service Point Serengan, 110.837564, -7.567621
Service Point Pasar Kliwon, 110.832263, -7.575558
Service Point Ciparay, 107.704216, -7.032924
Service Point Cileunyi, 107.739917, -6.94028
Service Point Cicalengka, 107.832044, -6.974888
Service Point Rancabolang, 107.66235, -6.94801
Service Point Cibaduyut, 107.594846, -6.948117
Service Point Lengkong, 107.628561, -6.94103
Service Point Rajawali Timur Andir, 107.582977, -6.914944
Service Point Soreang, 107.530804, -7.025225
Service Point Arjasari, 107.595263, -7.047797
Service Point Kutawaringin, 107.533611, -6.975444
Service Point Cimahi Selatan, 107.562545, -6.909629
Service Point Leuwipanjang, 107.595372, -6.944706
Service Point Madani Regency, 107.690314, -6.909977
Service Point Regol, 107.611452, -6.932534
Service Point Margahayu Sukamenak, 107.581688, -6.971556
Service Point Terusan Buah Batu, 107.63831, -6.96202
Service Point Raya Pagarsih, 107.587807, -6.920696
Service Point Raya Astana Anyar, 107.599113, -6.924767
Service Point Arcamanik, 107.679296, -6.93469
Service Point Babakan Sari, 107.652582, -6.922872
Service Point Taman Kopo Indah 1, 107.573574, -6.966423
Service Point Karapitan, 107.616194, -6.928926
Service Point Margacinta, 107.654796, -6.955528
Service Point M.Toha, 107.610036, -6.950599
Service Point Gatot Subroto, 107.642372, -6.931203
Service Point Terusan Jakarta, 107.653546, -6.912078
Service Point Dipatiukur, 107.616421, -6.89036
Service Point Sukaraja, 107.574807, -6.892775
Service Point Taman Holis Indah, 107.564869, -6.940551
Service Point Terusan Cibaduyut, 107.592188, -6.965437
Service Point Sari Asih, 107.579062, -6.876438
Service Point Raya Nanjung, 107.539313, -6.933688
Service Point Gateway, 107.645063, -6.906938
Service Point Babakan Ciparay, 107.569188, -6.940313
Service Point Penjaringan 5, 106.744647, -6.129711
Service Point Kalideres, 106.721972, -6.173306
Service Point Raya Kranggan, 106.91964, -6.364422
Service Point Bekasi Regency 2, 107.088917, -6.24336
Service Point Pori Raya, 106.882956, -6.208303
Service Point Jagakarsa, 106.850317, -6.307466
Service Point Duta Sangiang Jaya, 106.59615, -6.18154
Service Point Kemayoran, 106.877559, -6.164733
Service Point Tamansari 2, 106.823044, -6.14955
Service Point Sumur Batu, 106.867774, -6.166676
Service Point Mampang Prapatan XVI, 106.826924, -6.252847
Service Point Jati Utama Raya, 106.940583, -6.260861
Service Point Griya Hijau, 106.664605, -6.234575
Service Point Pamulang Permai, 106.707233, -6.33386
Service Point Ciputat Raya, 106.780357, -6.243243
Service Point Cengkareng 6, 106.70826, -6.176908
Service Point Kayu Tinggi Raya, 106.949182, -6.174735
Service Point Taman Asri, 106.730808, -6.238363
Service Point Prepedan, 106.705809, -6.111863
Service Point Taman Aster, 106.970013, -6.259447
Service Point Salak Raya, 106.803895, -6.400254
Service Point Tebet, 106.847348, -6.239794
Service Point Moh. Kahfi, 106.803292, -6.33241
Service Point Kayu Jati, 106.885934, -6.187621
Service Point Laut Banda, 106.911739, -6.233607
Service Point Bekasi Utara, 106.997758, -6.206474
Service Point Pasar Minggu, 106.841051, -6.276343
Service Point Pesanggrahan 2, 106.741335, -6.226199
Service Point Tambora 3, 106.798773, -6.160152
Service Point Cengkareng, 106.771364, -6.149879
Service Point Gambir, 106.807778, -6.163822
Service Point Pakuhaji, 106.586893, -6.081251
Service Point Pademangan, 106.822367, -6.130347
Service Point Tambora, 106.810181, -6.147451
Service Point Tanjung Priok 2, 106.88512, -6.118659
Service Point Sawah Besar, 106.829164, -6.159394
Service Point Penjaringan, 106.803446, -6.125242
Service Point Tanjung Priok, 106.875455, -6.156551
Service Point Tamansari, 106.813507, -6.153117
Service Point Tambora 2, 106.805778, -6.135889
Service Point Hidup Baru, 106.836182, -6.139981
Service Point Pinangsia Raya, 106.815371, -6.142213
Service Point Rajeg Gardenia, 106.527086, -6.111625
Service Point Karang Satria, 107.03795, -6.223256
Service Point Pos Pengumben, 106.772022, -6.216122
Service Point Babakan Legok, 106.587128, -6.296988
Service Point Setu 2, 107.040692, -6.328495
Service Point Ecopolis, 106.525175, -6.248589
Service Point Terrace, 106.497582, -6.174008
Service Point Pondok Ungu Permai, 107.005727, -6.177488
Service Point Sawangan Permai B3C, 106.771925, -6.4034
Service Point Pakansari, 106.834976, -6.488061
Service Point Teluk Naga Arcadia, 106.647573, -6.066818
Service Point Bojong Pondok Terong, 106.785602, -6.432366
Service Point Jembatan Tinggi, 106.81322, -6.188983
Service Point Cikupa C22, 106.517773, -6.228947
Service Point Penjaringan 2, 106.793589, -6.137474
Service Point Bintara Barat, 106.954642, -6.229054
Service Point Pemuda, 106.799003, -6.570061
Service Point Raya Batu Tulis, 106.808102, -6.621222
Service Point Paledang, 106.789928, -6.597819
Service Point Lingkar Selatan, 106.669811, -6.345291
Service Point Kembang Beji, 106.815701, -6.384927
Service Point Cilodong, 106.834451, -6.438168
Service Point Gusti Ngurah Rai, 106.962856, -6.220348
Service Point Cinere, 106.786993, -6.334724
Service Point Pasar Kemis, 106.568865, -6.158228
Service Point Kalibata City, 106.853602, -6.257416
Service Point Jatinegara Indah, 106.924973, -6.201292
Service Point Grand Harmoni, 106.78251, -6.638032
Service Point Batu Ampar III, 106.860838, -6.275313
Service Point Lingkar Duren Sawit, 106.917109, -6.222432
Service Point Blok M Square, 106.800649, -6.244385
Service Point Prambanan Raya, 106.603612, -6.207132
Service Point Wisma Asri, 107.026765, -6.204801
Service Point Taruma Jaya, 106.985206, -6.153291
Service Point Kosambi, 106.663505, -6.073614
Service Point Raya Ciledug 85, 106.717791, -6.226757
Service Point Villa Taman Bandara, 106.693334, -6.091664
Service Point Karawaci, 106.615136, -6.20996
Service Point Batu Ceper, 106.66253, -6.16028
Service Point Raden Saleh, 106.714165, -6.207639
Service Point Raya Bubulak, 106.751501, -6.572961
Service Point Sukmajaya, 106.84837, -6.391648
Service Point Matraman, 106.858438, -6.205691
Service Point Kebagusan Raya, 106.825165, -6.317186
Service Point Supratman, 106.747967, -6.296594
Service Point Crystal 2, 106.637381, -6.244319
Service Point Beji, 106.80641, -6.363305
Service Point Bogor Utara, 106.823295, -6.547404
Service Point JMG Senen, 106.842985, -6.173169
SVP ITC Kuningan First Mile Hub, 106.825784, -6.2235
Service Point Penjaringan 4, 106.777174, -6.110879
Service Point Curug, 106.561882, -6.254935
Service Point Bekasi Selatan, 106.991777, -6.243381
Service Point Duren Sawit, 106.929063, -6.227115
Service Point Cengkareng 5, 106.73321, -6.139337
Service Point Curug 2, 106.592038, -6.228971
Service Point Medan Satria, 106.995362, -6.179396
Service Point Bekasi Timur, 107.022032, -6.232212
Service Point Kelapa Gading 3, 106.905665, -6.166115
Service Point Penjaringan 6, 106.738143, -6.123902
Service Point Kalideres 4, 106.691183, -6.130169
Service Point Cempaka Putih, 106.86341, -6.173281
Service Point Ulujami, 106.763231, -6.247847
Service Point Kembangan 3, 106.737508, -6.21792
Service Point Cengkareng 4, 106.738073, -6.162292
Service Point Kalideres 2, 106.708305, -6.130915
Service Point Kebon Jeruk 2, 106.772984, -6.185986
Service Point Cipondoh, 106.697694, -6.183598
Service Point Ciomas 2, 106.778828, -6.630041
Service Point Kembangan, 106.744226, -6.17727
Service Point Kembangan 2, 106.738091, -6.19808
Service Point Tangerang, 106.657949, -6.177428
Service Point Tanjung Priok 3, 106.879743, -6.151096
Service Point Palmerah, 106.801981, -6.183355
Service Point Tanjung Priok 4, 106.865794, -6.134403
Service Point Kelapa Gading 2, 106.91773, -6.15366
Service Point Kalideres 3, 106.703739, -6.132066
Service Point Cengkareng 2, 106.7355, -6.13138
Service Point Cengkareng 3, 106.724027, -6.138495
Service Point Benda, 106.680312, -6.144567
Service Point Penjaringan 7, 106.781123, -6.135921
Service Point Kebon Jeruk, 106.769381, -6.169667
Service Point Cipondoh 2, 106.670272, -6.183598
Service Point Johar Baru, 106.856008, -6.180886
Service Point Grogol Petamburan, 106.785387, -6.144378
Service Point Tambora 4, 106.794593, -6.152757
Service Point Empang Bahagia, 106.790199, -6.159073
Service Point Gambir 3, 106.802652, -6.166511
Service Point Sawah Besar 2, 106.828478, -6.138835
Service Point Grogol Petamburan 2, 106.77745, -6.156559
Service Point Pademangan Timur, 106.843216, -6.13665
Service Point Gambir 2, 106.806818, -6.168734
Banjarbaru DC, 114.755466, -3.413068
Kasihan 2 Hub, 110.350112, -7.781557
Papar First Mile Hub, 112.07773, -7.700229
Bungbulang Hub, 107.589921, -7.455055
Sobo Hub, 114.360223, -8.23658
Tanah Merah Bangkalan First Mile Hub, 112.892626, -7.089933
Sinduharjo Hub, 110.41264, -7.704897
Gunung Putri 2 Hub, 106.955377, -6.363778
Sayung Hub, 110.544951, -6.958997
Sukakarya First Mile Hub, 107.179729, -6.173245
Lebong Atas Hub, 102.20103, -3.126239
Blang Kejeren Hub, 97.344567, 3.984658
Genteng Surabaya First Mile Hub, 112.750796, -7.247968
MH Batu Aji Hub, 103.96632, 1.056548
MH Bintan Utara Hub, 104.23418, 1.058998
MH Bintan Timur Hub, 104.58721, 0.88567
MH Tanjung Pinang Timur Hub, 104.62223, 0.982388
Sei Sungai Kanan Hub, 99.925386, 1.708872
Pekat Hub, 117.760088, -8.186441
Sipahutar Hub, 99.089106, 2.086748
Karangmoncol Hub, 109.496027, -7.291137
Dramaga Hub, 106.819048, -6.230431
Bandar Pulau Hub, 99.53266, 2.681465
Manggar Balikpapan Hub, 106.819048, -6.230431
Salam Hub, 110.298678, -7.601973
Wedung Hub, 110.616324, -6.79242
Semende Darat Laut Hub, 103.627557, -4.101824
Bahorok Hub, 98.19947, 3.502968
Ngawen Hub, 111.313556, -7.001417
Mekar Baru Hub, 106.391556, -6.069238
Muara Gembong Hub, 107.05248, -5.991878
Galis First Mile Hub, 113.567943, -7.13542
Kamal Madura First Mile Hub, 112.712985, -7.117338
Bangkalan Kota First Mile Hub, 112.761063, -7.043367
Bunut Hulu Hub, 112.702713, 0.478787
Bakung Hub, 112.122306, -8.232278
Mungkid Hub, 110.211687, -7.577391
Ngampel Hub, 110.157786, -6.9658
Trangkil Hub, 111.072982, -6.674158
Cipunagara Hub, 107.878761, -6.465833
Muara Kelingi Hub, 103.209323, -3.094034
Paleteang Hub, 119.656028, -3.792194
Duampanua Hub, 119.538943, -3.670407
Wuryantoro Hub, 110.850305, -7.912149
Simpang Katis Hub, 106.064954, -2.283752
Pracimantoro Hub, 110.810481, -8.056309
Sidamanik Hub, 99.015385, 2.901727
Punung Hub, 111.00951, -8.135865
Sungai Kerawang Hub, 109.760296, -0.839046
Raya Hub, 98.88051, 2.950802
Parindu Hub, 110.446976, 0.197054
Virtual LM Sidoarjo 2 Hub, 112.604879, -7.384131
Palu Timur Hub, 119.885778, -0.897293
Kabila Hub, 123.106248, 0.572352
Ponrang Hub, 120.297475, -3.228197
Warungkondang Hub, 107.10054, -6.87332
Logas Tanah Darat Hub, 101.52611, -0.285334
Simpang Rimba Hub, 106.002229, -2.560958
Empang Hub, 118.001326, -8.763286
Batang Gansal Hub, 102.509809, -0.728513
Sirapit Hub, 98.349991, 3.578833
Pekaitan Hub, 100.841444, 1.985194
Merawang Hub, 106.10275, -2.043634
Mendo Barat Hub, 106.011083, -2.115778
Cileunyi Hub, 107.752972, -6.945639
Sumbersuko Hub, 113.166974, -8.147041
Cikatomas Hub, 108.260219, -7.616445
Pademangan Barat Hub, 106.819048, -6.230431
Bukitkerman Hub, 101.413262, -2.259075
Sanga Desa Hub, 103.423947, -2.744452
Malangke Hub, 120.382728, -2.781104
Gili Air Hub, 116.084139, -8.36393
Telaga Hub, 123.003975, 0.599253
Pondok Pinang Hub, 107.078223, -6.240771
Aralle Hub, 119.176267, -2.942253
Kayangan Hub, 116.265056, -8.252083
Tibawa Hub, 122.856751, 0.654243
Bongomeme Hub, 122.75994, 0.569434
Sindang Hub, 108.303405, -6.363343
Kalukku Hub, 119.0502, -2.558443
Gunung Timang Hub, 115.119455, -1.268367
Manding Hub, 113.866861, -6.94575
Ulujadi Hub, 119.840943, -0.887473
SPX Express Seller irmarahmah354, 107.966913, -7.206696
Rakumpit Hub, 113.687056, -1.869308
Muara Wahau Hub, 106.819048, -6.230431
Lamasi Hub, 120.192114, -2.813839
Grobogan Hub, 110.920675, -7.031598
Ciomas 3 Hub, 106.758778, -6.601861
Bangkala Hub, 119.581002, -5.602958
Batang Natal Hub, 99.378306, 0.682179
Namorambe Hub, 98.654432, 3.4727
Pringgabaya Hub, 116.62224, -8.56392
Pancung Soal Hub, 101.000473, -2.050444
Siempat Nempu Hub, 98.201677, 2.819637
Bakam Hub, 105.933861, -2.008694
Simpang Teritip Hub, 105.376058, -1.91343
Lubuk Besar Hub, 106.645117, -2.562526
Banyuasin I Hub, 104.864111, -2.980778
Sindangbarang Hub, 107.126756, -7.449089
Tinambung Hub, 119.032616, -3.502118
Alla Hub, 119.817782, -3.325884
Polewali Hub, 119.308263, -3.407551
Tebo Ulu Hub, 102.247139, -1.247128
Monta Hub, 118.692594, -8.644529
Kepenuhan Hulu Hub, 100.546958, 1.088664
Sosa Hub, 99.943158, 1.039672
Pangkalan Lada Hub, 111.776073, -2.506322
Semarang Utara Hub, 110.40619, -6.95325
Dawe Hub, 110.869813, -6.733203
Tekad Hub, 104.749504, -5.318803
Sinembah Tanjung Muda Hilir Hub, 98.718393, 3.385034
Muara Badak Hub, 117.419671, -0.321688
Baki Hub, 110.78673, -7.591641
Tambak Adi Hub, 112.755214, -7.24109
Seluma Hub, 102.575256, -4.076099
Anggana Hub, 117.258879, -0.56981
Losari Brebes Hub, 108.65421, -6.83853
Cigombong Hub, 106.7595, -6.735272
Kendawangan Kanan Hub, 110.18808, -2.563565
Arosbaya Hub, 112.832207, -6.947214
Taman Madiun Hub, 111.509959, -7.643556
Manisrenggo Hub, 110.505982, -7.706834
Tempursari Hub, 112.973142, -8.288244
Rasanae Barat Hub, 118.704326, -8.471961
Maluk Hub, 116.752792, -8.916413
Kubu Riau Hub, 106.830234, -6.22592
Bojonggambir Hub, 107.965551, -7.502691
Sebulu Hub, 116.971658, -0.171307
Sorkam Hub, 98.596278, 1.90475
Simpang Empat Karo Hub, 106.830234, -6.22592
Tambusai Utara Hub, 100.270753, 1.209899
Kampung Rakyat Hub, 100.097476, 2.027765
Madukara Hub, 109.746023, -7.388826
Samarinda Ilir Hub, 117.163974, -0.516846
Torgamba Hub, 100.19838, 1.780767
Kemuning Riau Hub, 102.637063, -0.863226
Maliku Hub, 114.127639, -2.971639
Tenggarong Seberang Hub, 117.109334, -0.344778
Tabir Hub, 102.290887, -1.857209
Bontang Selatan Hub, 117.473542, 0.127241
Rimba Melintang Hub, 101.005111, 1.808611
Dente Teladas Hub, 105.816021, -4.471334
XIII Koto Kampar Hub, 100.73283, 0.319283
Lintau Buo Utara Hub, 100.74229, -0.429572
Makale Hub, 119.861326, -3.12349
Halongonan Hub, 99.81739, 1.584667
Tanah Merah Bangkalan Hub, 112.892626, -7.089933
Sagaranten Hub, 106.890309, -7.218978
Buay Madang Hub, 104.479568, -4.226565
Sukarami Hub, 104.738788, -2.90845
Tambang Ulang Hub, 114.704575, -3.643349
Maros 2 DC, 119.509278, -5.042377
Madiun 2 DC, 111.546, -7.571611
SBS Balikpapan DC, 116.85169, -1.179991
SBS Medan DC, 98.714474, 3.604733
Bontang Utara Hub, 117.466988, 0.163805
Sukakarya Hub, 107.179729, -6.173245
Bolano Lambunu Hub, 120.966484, 0.511113
Kupang Timur Hub, 123.793287, -10.105262
Long Ikis Hub, 116.199589, -1.58341
Air Periukan Hub, 102.406308, -3.956654
Sambalia Hub, 116.708041, -8.414097
Sarang Halang Hub, 114.780973, -3.812941
Lais Hub, 102.049027, -3.529899
Tapin Selatan Hub, 115.12475, -3.032
Tamalatea Hub, 119.685722, -5.630631
Sudiang Raya Hub, 119.5083, -5.105084
Sinjai Timur Hub, 120.275993, -5.176616
Simpang Empat Banjar Hub, 115.035667, -3.283472
Selakau Hub, 108.972837, 1.061769
Somba Opu 3 Hub, 119.477482, -5.199407
Palu Barat Hub, 119.850505, -0.90079
Larompong Hub, 120.368502, -3.526289
Petang Hub, 115.218833, -8.391926
Herlang Hub, 120.32742, -5.406156
Gambut Hub, 114.673111, -3.412722
Diwek First Mile Hub, 112.24283, -7.572107
Cendana Hub, 119.44787, -5.15851
Bontomarannu Hub, 119.512748, -5.232306
Beruntung Baru Hub, 114.591944, -3.422056
Baras Hub, 119.347261, -1.541435
Bara Hub, 120.182952, -2.941318
Ajangale Hub, 120.104487, -4.275929
Wirokerten First Mile Hub, 110.402084, -7.800764
Cikeusal Lor Hub, 108.876807, -7.052469
Cibaliung Hub, 105.708037, -6.714598
Balaraja 2 First Mile Hub, 106.440909, -6.208132
Depok Cirebon Hub, 108.453289, -6.712614
Weda Tengah Hub, 127.904664, 0.47693
Tuhemberua Hub, 97.452139, 1.470472
Torue Hub, 120.337805, -0.986584
Toapaya Hub, 104.533073, 0.993047
Tinanggea Hub, 122.230191, -4.441139
Tegalsari Hub, 112.726376, -7.263746
Tamako Hub, 125.54771, 3.43869
Takkalalla Hub, 120.242546, -4.196077
Sukawati Hub, 115.268548, -8.600037
Sampolawa Hub, 106.830234, -6.22592
Rupat Hub, 101.522205, 1.719032
Reteh Hub, 103.2038, -0.694361
Rembang 2 Hub, 112.783226, -7.611761
Rangsang Hub, 103.075556, 0.841778
Punduh Pidada (Pedada) Hub, 105.176833, -5.703222
Pattallassang Gowa Hub, 119.51667, -5.210073
Panji Hub, 114.031671, -7.687326
Pakisaji Hub, 112.612996, -8.034273
Pakenjeng Hub, 107.664945, -7.462751
Pagimana Hub, 122.649768, -0.792963
Padas Hub, 111.547806, -7.441889
Nuha Hub, 121.391944, -2.530306
Nuangan Hub, 106.830234, -6.22592
Nanga Tayap Hub, 110.567102, -1.534029
Merbau Hub, 102.439792, 1.049695
Mepanga Hub, 120.735794, 0.550452
Masama Hub, 106.830234, -6.22592
Malili Hub, 121.105973, -2.618058
Lowokwaru 2 Hub, 112.627726, -7.929371
Lolak Hub, 124.005305, 0.872791
Lahusa Hub, 97.881529, 0.756142
Laeya Hub, 106.830234, -6.22592
Kubu Babussalam Hub, 100.628122, 2.044732
Cimahi Tengah 2 Hub, 107.555481, -6.888576
Kapontori Hub, 122.816056, -5.218778
Jaten Hub, 110.908799, -7.579416
Jambe Hub, 106.479601, -6.306388
Jabung Hub, 105.736909, -5.482507
Puspo Hub, 112.863277, -7.806991
Dente Teladas 2 Hub, 105.817417, -4.576722
Gido Hub, 97.732289, 1.109781
Galesong Hub, 119.367461, -5.334684
Diwek Hub, 112.24283, -7.572107
Derawan Hub, 118.086139, 2.275139
Dampal Selatan Hub, 106.830234, -6.22592
Cisoka Hub, 106.425389, -6.257486
Cinere Hub, 106.792389, -6.337833
Bunta Hub, 122.164094, -0.828811
Mantikulore 3 Hub, 119.869333, -0.774446
Bualemo (Boalemo) Hub, 106.830234, -6.22592
Sirimau 2 Hub, 128.180173, -3.69686
Bintauna Hub, 123.523345, 0.879402
Bekasi Selatan Hub, 106.980726, -6.271
Batu Putih Hub, 118.430339, 1.37028
Batang Merangin Hub, 101.520055, -2.224264
Arjasa Hub, 113.773191, -8.119312
Ambulu 2 Hub, 113.607649, -8.337795
Cidadap 2 First Mile Hub, 107.588082, -6.863039
Overflow Gedangan First Mile Hub, 112.728123, -7.394507
Overflow Tirto First Mile Hub, 109.641018, -6.938662
Kemayoran 5 First Mile Hub, 106.8449, -6.162101
SPX Express Seller Pretty Perfect, 106.714833, -6.202722
Bekasi Selatan 2 First Mile Hub, 106.961373, -6.278218
Arjawinangun DC, 108.395518, -6.644104
Lubuk Linggau DC, 102.924339, -3.273268
Jogonalan First Mile Hub, 110.555843, -7.724307
Tangse Hub, 95.918014, 5.017614
Tarub Hub, 109.188015, -6.912957
Ampek Nagari Hub, 100.012663, -0.212889
Damai Hub, 116.871526, -1.251361
Plumpang Hub, 112.092544, -7.02982
Bati-bati Hub, 114.705824, -3.59741
Tiga Binanga Hub, 98.259347, 3.080199
Rasau Jaya Hub, 109.379996, -0.23587
Boyolangu Hub, 111.898812, -8.093535
Padang 2 DC, 100.397288, -0.972872
Kosambi DC, 106.673396, -6.094646
PBI WH Jabo, 106.879436, -6.107511
DHS-Sea, 106.681129, -6.067821
CKL-Sea, 106.89982, -6.163
Kota Bangun Hub, 116.626599, -0.235661
Jakenan Hub, 111.153346, -6.770203
Jakenan First Mile Hub, 111.153346, -6.770203
Telukbetung Utara Hub, 105.274281, -5.436466
Virtual Banyumas 2 DC, 109.26319, -7.447473
Siantan Hulu Hub, 109.370584, -0.015652
Lubuk Raja Hub, 104.315332, -4.142549
Bekasi 3 DC, 106.976762, -6.198416
Tamalanrea DC, 119.465682, -5.086431
Cimahi Utara Hub, 107.561099, -6.866836
Indihiang DC, 108.1882, -7.28928
Kramatjati 2 Hub, 106.87019, -6.26218
Tanjunganom First Mile Hub, 112.01975, -7.695361
Virtual Sidoarjo DC, 112.604889, -7.384153
Virtual Kediri DC, 112.044832, -7.859522
Virtual Rungkut DC, 112.755885, -7.329684
MH 1 Pasar Muara Bungo Hub, 102.10745, -1.489119
Karang Tinggi Hub, 102.388246, -3.772999
Darul Imarah DC, 95.323763, 5.512766
Pahandut DC, 113.94716, -2.27509
Kampung Melayu DC, 102.313176, -3.873544
Sungai Tebelian Hub, 111.456306, -0.026972
Slogohimo Hub, 111.172784, -7.810163
Praya Barat Hub, 116.23331, -8.73044
Pende Hub, 108.853829, -6.9784
Pende First Mile Hub, 108.853829, -6.9784
Panca Rijang Hub, 119.819676, -3.840554
Paguyangan Hub, 109.042513, -7.305471
Kelumpang Hilir Hub, 115.993648, -3.198462
Gambir 4 First Mile Hub, 106.810453, -6.161271
Dua Pitue Hub, 119.984121, -3.907655
Daha Selatan Hub, 115.108183, -2.635988
Banjar Hub, 114.971655, -8.188457
Angsana Hub, 115.589415, -3.71009
Angkola Barat Hub, 99.183394, 1.422422
Adu Manis Hub, 104.66261, -3.913411
MH Singkep Hub, 104.46781, -0.340824
MH Kundur Hub, 103.49555, 0.718791
Bosar Maligas Hub, 99.34194, 3.079055
Cilincing 2 Hub, 106.95665, -6.122536
Salem Hub, 108.788183, -7.171895
MH Karimun Hub, 103.43428, 0.990614
Virtual Depok DC, 106.861297, -6.411225
Lingga Hub, 104.597834, -0.226674
Marang Hub, 119.551, -4.702444
Meliau Hub, 110.287738, -0.124325
Tamban Hub, 114.4807, -3.3157
Benteng Hub, 120.461183, -6.113776
Virtual Surabaya 3 DC, 112.659368, -7.225104
Ternate Utara Hub, 127.381734, 0.817058
Teluk Batang Hub, 109.773289, -1.00299
Tanah Jawa Hub, 99.159547, 2.886116
Tambaksari Hub, 112.780097, -7.248725
Sukomanunggal Hub, 112.701335, -7.28671
Singajaya Hub, 107.9021, -7.460339
Silih Nara Hub, 96.73036, 4.636008
Sidotopo Wetan Hub, 112.758457, -7.232317
Siantar Sitalasari Hub, 99.043316, 2.951142
Selupu Rejang Hub, 102.582222, -3.457833
Puloampel Hub, 106.085972, -5.963056
Pamulang 2 Hub, 106.753333, -6.351555
Muara Sipongi Hub, 99.716428, 0.663221
Kota Besi Hub, 112.981128, -2.398966
Jepara Kota Hub, 110.684556, -6.573889
Gemuh Hub, 110.126578, -6.946258
Cepu First Mile Hub, 111.587242, -7.136447
Bantimurung Hub, 119.645348, -5.009217
MH Toboali Hub, 107.020666, -2.876512
Mejobo First Mile Hub, 110.876567, -6.83333
Pagelaran Lampung Hub, 104.935861, -5.365972
Sukamaju Hub, 120.484077, -2.59687
Bandar Bener Meriah Hub, 96.864608, 4.719389
Tiganderket Hub, 98.354491, 3.136987
Cempaka Putih 2 Hub, 106.870145, -6.185722
MH Pangkajene Hub, 119.550636, -4.836588
Makasar Hub, 106.909234, -6.252704
Sukaraja Tasikmalaya Hub, 108.195306, -7.465728
Majalaya Hub, 107.755372, -7.038647
MH Bunguran Timur Hub, 108.384017, 3.940198
Wates Kediri First Mile Hub, 112.108093, -7.900338
Sidotopo Wetan First Mile Hub, 112.758457, -7.232317
Sawahan First Mile Hub, 112.713676, -7.268406
Sambung Macan Hub, 111.056518, -7.40505
Salomekko Hub, 120.273531, -5.05152
Mulyorejo 2 Hub, 112.767143, -7.263525
Mulyorejo 2 First Mile Hub, 112.767143, -7.263525
Kenjeran 2 First Mile Hub, 112.772702, -7.234181
Karanganyar Pekalongan Hub, 109.603024, -7.032125
Grogol First Mile Hub, 111.971098, -7.748335
Cipanas Lebak Hub, 106.374463, -6.527796
Cidahu Hub, 108.641317, -6.981431
Bengo Hub, 120.027014, -4.607503
Arjawinangun 2 First Mile Hub, 108.402379, -6.643168
Transit Point Karawaci DC, 106.621081, -6.190917
DM Cengkareng DC, 106.70264, -6.152381
MH Siantan Hub, 106.20757, 3.22614
MH Kateman Hub, 103.54402, 0.428727
Sungai Kakap DC, 109.282621, -0.006825
Tutur Hub, 112.815951, -7.890323
Sidomukti Hub, 110.490929, -7.34546
Pinang Sori Hub, 98.908296, 1.567694
Kebayoran Lama First Mile Hub, 106.782915, -6.213234
Jatiuwung First Mile Hub, 106.556701, -6.19412
Kramatwatu Hub, 106.109167, -6.071806
Transit Point Serang DC, 106.167194, -6.103111
MH Sumenep 3 Hub, 113.946627, -7.058326
MH Wangi-Wangi Selatan 3 Hub, 123.909358, -5.758425
MH Wangi-Wangi Selatan 2 Hub, 124.039565, -5.910244
MH Wangi-Wangi Selatan 1 Hub, 123.750078, -5.500175
Virtual Balikpapan DC, 116.846892, -1.175582
Pontianak 2 DC, 109.384355, -0.058779
Kalitidu First Mile Hub, 111.7255, -7.136083
Kalitidu Hub, 111.7255, -7.136083
Setu Kota Tangerang Selatan Hub, 106.687069, -6.342112
Weda First Mile Hub, 127.874197, 0.329827
MH Sekupang Hub, 103.893243, 1.153821
Weda Hub, 127.874197, 0.329827
Tapian Nauli Hub, 98.769679, 1.758948
Kuala Ledong (Kualuh Leidong) Hub, 99.937128, 2.771312
Simpang Empat Tanah Bumbu Hub, 116.010056, -3.423781
Banjarmasin Barat Hub, 114.567305, -3.313706
Cakung 3 Hub, 106.917828, -6.20086
Menganti First Mile Hub, 112.564637, -7.307128
Sungguminasa Hub, 119.440858, -5.189918
Sungai Rengas Hub, 109.27751, -0.006294
Koto Gasib Hub, 101.804532, 0.59493
Babat Supat Hub, 104.07575, -2.760583
Air Kumbang Hub, 104.974822, -2.956547
Air Kumbang First Mile Hub, 105.003978, -2.939796
Warungkiara Hub, 106.715561, -6.979861
Wampu Hub, 98.406413, 3.772793
Walenrang Hub, 120.146656, -2.87435
Walantaka Hub, 106.218338, -6.15987
Ureifasei Hub, 136.414795, -2.210102
Ureifasei First Mile Hub, 136.414795, -2.210102
Tayan Hulu Hub, 110.227444, 0.288444
Tapung Hub, 101.068318, 0.634823
Tanjung Priok 5 Hub, 106.886821, -6.109995
Tanjung Pinang Timur Hub, 104.502655, 0.897427
Tandun Hub, 100.601947, 0.630491
Tanah Sepenggal Lintas Hub, 102.027081, -1.398819
Tanah Jawa First Mile Hub, 99.11875, 2.880778
Tanah Jambo Aye Hub, 97.455021, 5.116619
Penjaringan 3 Hub, 106.788937, -6.139422
Tambelang Hub, 107.121595, -6.139295
Tambaksari 2 First Mile Hub, 112.762391, -7.25114
Tajurhalang Hub, 106.760489, -6.467779
Susukan First Mile Hub, 108.380017, -6.631475
Sungai Tabuk Hub, 114.702917, -3.325389
Sungai Keruh Hub, 103.756716, -3.07384
Sungai Apit Hub, 102.155134, 1.119726
Sulang First Mile Hub, 111.375412, -6.798854
Sukaraja 2 First Mile Hub, 106.84187, -6.525916
Serang Baru 2 Hub, 107.120208, -6.415654
Sukamakmur Hub, 107.012126, -6.581398
Sukajadi Baturaja Timur Hub, 104.168707, -4.106536
Soe First Mile Hub, 124.26901, -9.86002
Siulak Hub, 101.344049, -1.949579
Sipirok Hub, 99.273173, 1.601671
Sinunukan Hub, 99.267044, 0.466222
Simpang Pematang Hub, 105.251322, -4.024539
Silangkitang Hub, 99.904556, 1.85175
Sijuk Hub, 107.695295, -2.565207
Siantan Pontianak Hub, 109.208641, 0.059462
Seunagan Timur Hub, 96.34388, 4.262481
Sebangau Hub, 113.931064, -2.274173
Sawan Hub, 115.144391, -8.081204
Sambikerep Hub, 112.659944, -7.274452
Sambikerep First Mile Hub, 112.659944, -7.274452
Samarinda Kota Hub, 117.154526, -0.495262
Renon Hub, 106.82419, -6.230675
Rembang Pasuruan Hub, 112.782879, -7.592459
Pulau Laut Tengah Hub, 116.074659, -3.46709
Pujud Hub, 100.672384, 1.433631
Pondok Ranggon Hub, 106.911702, -6.351373
Pondok Kelapa Hub, 106.945472, -6.235
Pinang Hub, 106.684525, -6.206597
Pendopo Hub, 102.97315, -3.787977
Penarik Hub, 101.305168, -2.611225
Pemogan Hub, 106.82419, -6.230675
Pemayung Hub, 103.339583, -1.632778
Pecatu Hub, 115.118549, -8.831255
Pecangaan Hub, 110.707361, -6.68816
Patumbak Hub, 98.716639, 3.501722
Pasar Kliwon Hub, 110.822988, -7.590964
Pasar Kliwon First Mile Hub, 110.822988, -7.590964
Parlilitan Hub, 98.457574, 2.324768
Baleendah 3 First Mile Hub, 107.630881, -7.003697
Panongan 2 Hub, 106.519714, -6.287658
Pangkalan Banteng Hub, 111.909957, -2.472163
Palaran Hub, 117.151988, -0.553926
Pakuhaji Hub, 106.619654, -6.058498
Pakuhaji First Mile Hub, 106.619654, -6.058498
Pahae Jae Hub, 99.125389, 1.77915
Pagedangan First Mile Hub, 106.596232, -6.277434
Pademangan Timur Hub, 106.82419, -6.230675
Padangsambian Hub, 106.82419, -6.230675
Padang Selatan Hub, 100.36931, -0.958336
Padang Cermin Hub, 105.230045, -5.564294
Muara Beliti Hub, 102.989852, -3.257066
Mranggen Hub, 110.5117, -7.02498
Monterado Hub, 109.10977, 0.850914
Mojoanyar Hub, 112.467877, -7.496732
Mojoanyar First Mile Hub, 112.467877, -7.496732
Medan Petisah Hub, 98.662444, 3.598333
Medan Perjuangan Hub, 98.703486, 3.592848
Medan Johor First Mile Hub, 106.82419, -6.230675
Medan Deli Hub, 98.669451, 3.65242
Medan Barat Hub, 98.672874, 3.606793
Manulai II Hub, 123.547699, -10.179243
Manis Mata Hub, 111.030632, -2.459104
Lunang Hub, 101.122056, -2.230361
Lumbir Hub, 108.944534, -7.441551
Lenteng Agung Hub, 106.82419, -6.230675
Virtual Purbalingga First Mile Hub, 109.390811, -7.44417
Klapanunggal Hub, 106.977276, -6.44672
Kintap Hub, 115.198813, -3.874897
Kendari Barat Hub, 122.55331, -3.966067
Kembayan Hub, 110.422372, 0.553651
Kemayoran 2 Hub, 106.837079, -6.147132
Kelapa Gading 2 First Mile Hub, 106.911749, -6.180993
Kediri Tabanan Hub, 115.143049, -8.550775
Kebomas First Mile Hub, 112.609695, -7.166378
Kandis Hub, 101.233197, 0.898808
Kampar Kiri Hilir Hub, 101.374922, 0.231575
Kambu Hub, 122.533619, -3.991975
Kaliwedi First Mile Hub, 108.386667, -6.609222
Kalideres 2 Hub, 106.82419, -6.230675
Julok Hub, 97.620245, 5.044038
Jelutung Hub, 103.62125, -1.623611
Ilir Timur I Hub, 104.735977, -2.956078
Hanau Hub, 112.118091, -2.492765
Gunung Kencana Hub, 106.062875, -6.583249
Girsang Sipangan Bolon Hub, 98.94544, 2.668617
Genuk Hub, 110.472089, -6.980869
Gabus Hub, 111.039275, -6.831208
Gabus First Mile Hub, 111.039275, -6.831208
Dongko Hub, 111.572401, -8.189711
Danau Sipin Hub, 103.597092, -1.618683
Citangkil Hub, 106.001245, -6.016772
Cimahi Selatan First Mile Hub, 107.540096, -6.902959
Cengkareng Timur First Mile Hub, 106.82419, -6.230675
Cengkareng Hub, 106.82419, -6.230675
Cariu Hub, 107.130901, -6.502343
Bone-bone Hub, 106.82419, -6.230675
Bojongsari Depok Hub, 106.738087, -6.406358
Bogor Selatan 2 Hub, 106.811722, -6.623417
Bogor Selatan First Mile Hub, 106.811722, -6.623417
Betara Hub, 103.378342, -0.935708
Benoa Hub, 106.82419, -6.230675
Bengalon Hub, 117.571974, 0.753306
Kelapa Dua 3 Hub, 106.600366, -6.218301
Bayongbong Hub, 107.825335, -7.259718
Bayongbong First Mile Hub, 107.825335, -7.259718
Baureno Hub, 112.111778, -7.126861
Batu Sopang Hub, 115.897197, -1.817742
Batu Ampar Batam Hub, 106.82419, -6.230675
Batang Toru Hub, 99.08062, 1.477315
Batang Serangan Hub, 98.253412, 3.748794
Batang Cenaku Hub, 102.277278, -0.660169
Baru Ilir Hub, 106.82419, -6.230675
Baros Serang Hub, 106.131103, -6.2209
Bangko Pusaka (Pusako) Hub, 100.774292, 1.668999
Balikpapan Tengah 2 Hub, 106.82419, -6.230675
Bajawa Hub, 120.97875, -8.788
Bajawa First Mile Hub, 120.9699, -8.788176
Astambul Hub, 114.940358, -3.352503
Arjasari Hub, 107.67938, -7.074849
Alas Hub, 116.981833, -8.515694
Alalak Hub, 114.596316, -3.275435
Ajibarang Hub, 109.075264, -7.413101
Ajibarang First Mile Hub, 109.075264, -7.413101
Air Joman Hub, 99.713114, 2.995092
Air Gegas Hub, 106.391444, -2.689778
Teluk Bayur Hub, 117.311301, 2.059447
Telawang Hub, 112.454491, -2.399056
Tegineneng Hub, 105.115806, -5.180806
Paringin Timur Hub, 115.476594, -2.338826
Padang Sidempuan Tenggara Hub, 99.319545, 1.312763
Padang Sidempuan Selatan Hub, 99.277067, 1.373611
Padang Sidempuan Batunadua Hub, 99.28106, 1.406299
Jeunieb Hub, 96.50719, 5.18572
Woha Hub, 118.696934, -8.560682
Tulus Ayu Hub, 104.652485, -4.084408
Tebet First Mile Hub, 106.858852, -6.222605
Tarakan Timur Hub, 117.610178, 3.306115
Tapian Dolok Hub, 99.084392, 3.033012
Tampan Pekanbaru Hub, 101.402799, 0.454571
Sungai Pagu Hub, 101.051524, -1.473052
Sungai Loban Hub, 115.760228, -3.64914
Sulang Hub, 111.372056, -6.794278
Sukamara Hub, 111.166517, -2.730934
Soko Hub, 111.971556, -7.086127
Soe Hub, 124.272458, -9.863031
Siak Hulu Hub, 101.46209, 0.431432
Sengah Temila Hub, 109.659761, 0.321482
Sei Beremas Hub, 99.442384, 0.235189
Sayur Matinggi Hub, 99.441622, 1.133814
Sarmi Hub, 138.750386, -1.870672
Samboja (Semboja) Hub, 117.111042, -1.023424
Rawas Ulu Hub, 102.75024, -2.596409
Ransiki Hub, 134.144073, -1.486515
Ransiki First Mile Hub, 133.54384, -2.123631
Putri Hijau Hub, 101.651284, -3.249906
Prabumulih Barat Hub, 104.25065, -3.432015
Porsea Hub, 99.151672, 2.452626
Ponggok Hub, 112.100166, -8.064835
Penjaringan 2 Hub, 106.722016, -6.109815
Pantai Cermin Hub, 98.971434, 3.640348
Pangkalan Hub, 107.215477, -6.492501
Na IX-X Hub, 99.748349, 2.294892
Mersam Hub, 103.008444, -1.672667
Meral Hub, 103.383268, 1.015229
Meraksa Aji Hub, 105.415041, -4.274139
Mentaya Hilir Selatan Hub, 112.944507, -2.849672
Menggelewa Hub, 118.309387, -8.516916
Medan Marelan First Mile Hub, 98.664266, 3.687744
Medan Maimun Hub, 98.689381, 3.553354
Matan Hilir Selatan Hub, 110.121845, -2.028918
Mandiangin Hub, 102.985571, -1.994545
Leuwisadeng First Mile Hub, 106.55692, -6.56322
Labuan Amas Selatan Hub, 115.367902, -2.588921
Kuta Alam Hub, 95.320065, 5.56853
Kumpeh Ulu Hub, 103.67631, -1.56662
Kualuh Selatan Hub, 99.636307, 2.475875
Kluet Utara Hub, 97.331094, 3.087356
Kinali Hub, 99.925333, -0.058299
Kesugihan Hub, 109.088536, -7.62333
Kempas Hub, 102.926947, -0.517715
Kemiri Hub, 109.909083, -7.674833
Kasemen Hub, 106.159308, -6.051949
Karanganyar Pekalongan First Mile Hub, 109.603024, -7.032125
Kampar Kiri Hub, 101.20804, 0.035959
Jampang Kulon Hub, 106.62389, -7.273558
Giriwoyo Hub, 110.936786, -8.030181
Cepu Hub, 111.587242, -7.136447
Cempaga Hulu Hub, 112.994528, -2.032056
Cabangbungin Hub, 107.180052, -6.088188
Bukit Batu Hub, 102.149611, 1.312528
Blambangan Umpu Hub, 104.540083, -4.597917
Bintan Utara Hub, 104.234856, 1.064752
Betung Hub, 104.223389, -2.839748
Besitang Hub, 98.224556, 4.111417
Barangka Hub, 122.517965, -4.800638
Barangka First Mile Hub, 122.551104, -4.877006
Bantarkawung Hub, 108.922493, -7.216458
Bangunrejo Hub, 105.070917, -5.108639
Bajubang Hub, 103.332055, -1.772142
Babat Toman Hub, 103.660913, -2.759855
Maulafa Hub, 123.613964, -10.182991
Maulafa First Mile Hub, 123.613964, -10.182991
Ende Tengah Hub, 121.655427, -8.844288
Ende Tengah First Mile Hub, 121.656821, -8.8447
Wolowaru Hub, 121.885784, -8.782817
Wolowaru First Mile Hub, 121.885732, -8.782127
Wasile Timur Hub, 128.174257, 1.089822
Wasile Timur First Mile Hub, 128.149944, 1.08275
Wanea Hub, 124.841421, 1.453335
Wamena Hub, 138.934336, -4.101358
Wamena First Mile Hub, 138.941502, -4.093882
Towuti Hub, 121.393889, -2.646
Towuti First Mile Hub, 121.393889, -2.646
Tompobulu Hub, 119.839137, -5.436994
Tompobulu First Mile Hub, 119.841422, -5.430986
Tirawuta Hub, 121.897637, -4.048114
Tirawuta First Mile Hub, 121.899372, -4.04557
Timpah Hub, 114.474108, -1.703937
Timpah First Mile Hub, 114.420913, -1.729505
Teminabuan Hub, 132.033611, -1.465583
Teminabuan First Mile Hub, 132.022567, -1.447251
Teluk Pakedai Hub, 109.151551, -0.312451
Teluk Pakedai First Mile Hub, 109.151551, -0.312451
Teluk Mutiara Hub, 124.535783, -8.218833
Teluk Mutiara First Mile Hub, 124.540987, -8.219603
Taliabu Barat Hub, 124.37969, -1.940724
Taliabu Barat First Mile Hub, 124.408115, -1.940552
Sinjai Barat Hub, 120.000953, -5.207859
Silat Hilir Hub, 111.785818, 0.240859
Silat Hilir First Mile Hub, 111.785286, 0.258759
Siau Timur Hub, 125.415129, 2.73271
Siau Timur First Mile Hub, 125.404225, 2.757527
Seram Utara Timur Seti Hub, 129.92712, -2.989618
Seram Utara Timur Seti First Mile Hub, 129.924112, -2.990316
Semau Hub, 123.462354, -10.180699
Semau First Mile Hub, 123.454857, -10.148283
Sanana Hub, 125.982785, -2.06424
Sanana First Mile Hub, 125.982371, -2.065076
Sabu Barat Hub, 121.878071, -10.45582
Sabu Barat First Mile Hub, 121.890403, -10.439329
Penajam Hub, 116.69718, -1.33109
Penajam First Mile Hub, 116.766413, -1.259242
Panai Hulu Hub, 100.152548, 2.460553
Panai Hulu First Mile Hub, 100.152778, 2.460104
Oba Utara Hub, 127.579301, 0.740652
Oba Utara First Mile Hub, 127.579204, 0.74123
Nubatukan Hub, 123.43852, -8.370078
Nubatukan First Mile Hub, 123.419225, -8.371185
Nimbokrang Hub, 140.111621, -2.557052
Nimbokrang First Mile Hub, 140.106114, -2.550992
Namlea Hub, 127.094359, -3.260069
Namlea First Mile Hub, 127.095967, -3.259035
Morotai Selatan Hub, 128.306948, 2.057267
Morotai Selatan First Mile Hub, 128.306948, 2.057267
Menukung Hub, 112.233177, -0.42138
Menukung First Mile Hub, 112.250128, -0.407404
Mandobo Hub, 140.310653, -6.103966
Mandobo First Mile Hub, 140.335674, -6.088256
Maiwa Hub, 119.868038, -3.746059
Maiwa First Mile Hub, 119.868038, -3.746059
Loli Hub, 119.38923, -9.642687
Loli First Mile Hub, 119.408329, -9.639576
Larantuka Hub, 123.001988, -8.329201
Larantuka First Mile Hub, 123.001988, -8.329201
Langke Rembong Hub, 120.440413, -8.59045
Langke Rembong First Mile Hub, 120.440413, -8.59045
Kota Kefamenanu Hub, 124.476005, -9.4601
Kota Kefamenanu First Mile Hub, 124.491668, -9.510687
Katikutana Hub, 119.563556, -9.591861
Katikutana First Mile Hub, 119.525808, -9.611056
Kaliori Hub, 111.263711, -6.713024
Kaliori First Mile Hub, 111.263711, -6.713024
Fakfak Hub, 132.276275, -2.929109
Fakfak First Mile Hub, 132.2713, -2.926722
Borong Hub, 120.606253, -8.813367
Borong First Mile Hub, 120.606963, -8.815701
Baraka Hub, 119.845907, -3.399851
Baraka First Mile Hub, 119.855, -3.406639
Banjarbaru Utara Hub, 114.831438, -3.423499
Banjarbaru Utara First Mile Hub, 114.831438, -3.423499
Banggae Timur Hub, 118.978139, -3.545722
Banggae Timur First Mile Hub, 118.978139, -3.545722
Atambua Kota Hub, 124.897906, -9.107663
Atambua Kota First Mile Hub, 124.897906, -9.107663
Arso Hub, 140.762697, -2.871229
Arso First Mile Hub, 140.858663, -2.86725
Amurang Barat Hub, 124.507981, 1.184501
Amurang Barat First Mile Hub, 124.507981, 1.184501
Agats Hub, 138.134571, -5.548397
Agats First Mile Hub, 138.137442, -5.53476
Adonara Timur Hub, 123.160669, -8.389057
Adonara Timur First Mile Hub, 123.160669, -8.389057
Sorong Utara DC, 131.302986, -0.88139
Sorong Utara First Mile Hub, 131.302986, -0.88139
Sorong Utara Hub, 131.302986, -0.88139
Merauke Hub, 140.400967, -8.490854
Merauke First Mile Hub, 140.387252, -8.503494
Merauke DC, 140.400967, -8.490854
Gunung Sindur First Mile Hub, 106.724613, -6.399131
Sepaku First Mile Hub, 116.844221, -0.916017
Sepaku Hub, 116.844221, -0.916017
Tinakung First Mile Hub, 123.300557, -1.306904
Tinakung Hub, 123.300557, -1.306904
Seruyan Hilir Hub, 112.547546, -3.382842
Mandrehe First Mile Hub, 97.489304, 1.07567
Mandrehe Hub, 97.489804, 1.049401
Baturiti First Mile Hub, 115.193765, -8.376031
Baturiti Hub, 115.195415, -8.383305
Bantarbolang First Mile Hub, 109.381277, -7.036694
Bantarbolang Hub, 109.381277, -7.036694
Pesantren First Mile Hub, 112.026052, -7.829992
Pesantren Hub, 112.026052, -7.829992
Manyar First Mile Hub, 112.582028, -7.092167
Manyar Hub, 112.582028, -7.092167
Kiaracondong First Mile Hub, 107.654606, -6.932973
Kiaracondong Hub, 107.654606, -6.932973
Setu Kota Tangerang Selatan 2 First Mile Hub, 106.681889, -6.347668
MH Sumenep 2 Hub, 113.855245, -7.024922
MH Sumenep 1 Hub, 113.855474, -7.010936
Solor Timur Hub, 123.072632, -8.4348
Solor Timur First Mile Hub, 123.075943, -8.437328
Slawi First Mile Hub, 109.140414, -6.98659
Sentani Hub, 140.524521, -2.568733
Sentani First Mile Hub, 140.535859, -2.569983
Sambutan Hub, 117.193204, -0.5156
Padang Ulak Tanding Hub, 102.820912, -3.342757
Padang Ulak Tanding First Mile Hub, 102.820944, -3.342516
Nusapenida Hub, 115.560594, -8.677728
Nusapenida First Mile Hub, 115.487904, -8.68122
Nabire Hub, 135.511964, -3.37767
Nabire First Mile Hub, 135.506577, -3.381046
Malaka Tengah Hub, 124.907361, -9.561144
Malaka Tengah First Mile Hub, 124.923814, -9.535262
Loura (Laura) Hub, 119.237472, -9.427917
Loura (Laura) First Mile Hub, 119.226908, -9.411793
Lobalain Hub, 123.036053, -10.759091
Lobalain First Mile Hub, 123.036053, -10.759091
Lembah Masurai Hub, 102.007847, -2.375442
Kota Waisai Hub, 130.820745, -0.426248
Kota Waisai First Mile Hub, 130.820745, -0.426248
Kelam Permai Hub, 111.644472, 0.058889
Kelam Permai First Mile Hub, 111.630876, 0.078933
Jetis Mojokerto First Mile Hub, 112.431417, -7.422
Imogiri Hub, 110.377611, -7.918806
Bintuni Hub, 133.543878, -2.123666
Bintuni First Mile Hub, 133.533245, -2.116238
Alok Hub, 122.206277, -8.641592
Alok First Mile Hub, 122.202321, -8.619444
Aesesa Hub, 121.3327, -8.57958
Aesesa First Mile Hub, 121.274121, -8.565073
Batuceper Hub, 106.682407, -6.158062
Wonomulyo First Mile Hub, 119.214449, -3.396466
Trenggalek Hub, 111.701611, -8.073444
Kelapa Dua First Mile Hub, 106.59781, -6.269407
MH Teluknaga Hub, 106.583287, -5.928655
MH 1 Penjaringan 4 Hub, 106.523553, -5.803911
Wawoni Barat Hub, 122.987648, -4.045953
Wawoni Barat First Mile Hub, 122.9832, -4.059866
Teluk Dalam Hub, 97.808662, 0.563491
Teluk Dalam First Mile Hub, 97.820339, 0.562113
Tanjung Lombok Utara Hub, 116.13588, -8.364238
Tanjung Lombok Utara First Mile Hub, 116.145833, -8.36006
Tahuna Hub, 125.485123, 3.60773
Tahuna First Mile Hub, 125.485123, 3.60773
Siantan Hub, 106.222778, 3.227146
Siantan First Mile Hub, 106.211318, 3.225034
Sepauk Hub, 111.185002, 0.001776
Sepauk First Mile Hub, 111.216005, 0.010417
Semitau Hub, 111.961147, 0.537812
Semitau First Mile Hub, 111.969439, 0.523694
Samofa Hub, 136.091138, -1.175908
Samofa First Mile Hub, 136.090146, -1.172384
Pomalaa Hub, 121.634515, -4.178598
Pomalaa First Mile Hub, 121.634515, -4.178598
Mawasangka Tengah Hub, 122.370145, -5.329954
Mawasangka Tengah First Mile Hub, 122.371211, -5.329276
Kuala Behe Hub, 109.620808, 0.591056
Kuala Behe First Mile Hub, 109.620808, 0.591056
Kota Masohi Hub, 128.968911, -3.302814
Kota Masohi First Mile Hub, 128.947233, -3.311547
Katingan Tengah Hub, 113.100273, -1.436601
Katingan Tengah First Mile Hub, 113.100273, -1.436601
Jelai Hulu Hub, 110.759496, -1.993872
Jelai Hulu First Mile Hub, 110.83145, -2.355268
Hulu Gurung Hub, 112.295176, 0.371863
Hulu Gurung First Mile Hub, 112.356876, 0.440593
Bulik Hub, 111.444546, -2.18972
Bulik First Mile Hub, 111.448584, -2.185483
Binjai Hulu Hub, 111.471103, 0.200224
Binjai Hulu First Mile Hub, 111.471103, 0.200224
Beo Hub, 126.791278, 4.215528
Beo First Mile Hub, 126.789855, 4.226541
BATALAIWARU (BATALAIWORU) Hub, 122.724919, -4.819327
BATALAIWARU (BATALAIWORU) First Mile Hub, 122.733444, -4.816806
Badau Hub, 111.904144, 1.049528
Badau First Mile Hub, 111.885186, 1.021489
Bacan Hub, 127.48235, -0.629391
Bacan First Mile Hub, 127.48235, -0.629391
Anjongan Hub, 109.17236, 0.356416
Anjongan First Mile Hub, 109.223683, 0.362828
Topoyo First Mile Hub, 119.289719, -2.062123
Tombatu Timur First Mile Hub, 124.730838, 1.022759
Ternate Selatan First Mile Hub, 127.372461, 0.76807
Tomohon First Mile Hub, 124.829531, 1.301362
Mamajang Hub, 119.424631, -5.155131
Wonomulyo Hub, 119.214449, -3.396466
Manokwari Barat Hub, 134.04786, -0.875582
Mimika Baru First Mile Hub, 136.883527, -4.573092
Bintan Timur Hub, 104.587196, 0.895492
Baolan Hub, 120.814787, 1.036192
Baolan First Mile Hub, 120.81481, 1.036152
Kamang Baru First Mile Hub, 101.387093, -0.858688
Glagah Hub, 112.456105, -7.054062
Kalawat Hub, 124.914454, 1.475555
Kalawat First Mile Hub, 124.914454, 1.475555
Malingping First Mile Hub, 106.01775, -6.785806
Medan Timur Hub, 98.676377, 3.607272
Kamang Baru Hub, 101.387093, -0.858688
Bunguran Timur Hub, 108.394894, 3.955833
Bunguran Timur First Mile Hub, 108.386458, 3.940609
Tobelo First Mile Hub, 128.010402, 1.729908
Airmadidi First Mile Hub, 124.98336, 1.424057
Plampang First Mile Hub, 117.70215, -8.875281
Pajo First Mile Hub, 118.491313, -8.61176
Lape First Mile Hub, 117.591036, -8.620412
Sape First Mile Hub, 119.013542, -8.572469
Belopa First Mile Hub, 120.357328, -3.373926
Palibelo First Mile Hub, 118.694804, -8.549467
Tomoni First Mile Hub, 120.814333, -2.5265
Dompu First Mile Hub, 118.455598, -8.5311
Masamba First Mile Hub, 120.350193, -2.551496
Putussibau First Mile Hub, 112.922579, 0.869557
Utan First Mile Hub, 117.134031, -8.413472
Labuhan Badas First Mile Hub, 117.392143, -8.477294
Mendoyo First Mile Hub, 114.770129, -8.401436
Makale Utara First Mile Hub, 119.870934, -3.044075
Narmada First Mile Hub, 116.190901, -8.598232
Barru First Mile Hub, 119.621996, -4.397454
Wara First Mile Hub, 120.210014, -3.021082
Batam 2 Hub, 104.033889, 1.110833
Simeulue Timur Hub, 96.377194, 2.454319
Simeulue Timur First Mile Hub, 96.378845, 2.459514
Lasusua Hub, 120.886117, -3.501601
Lasusua First Mile Hub, 120.881473, -3.500745
Kota Maba Hub, 128.288397, 0.701066
Kota Maba First Mile Hub, 128.288397, 0.701066
Abepura Hub, 140.694296, -2.567297
Abepura First Mile Hub, 140.684113, -2.661859
Sangkulirang Hub, 117.985376, 0.984307
Sangkulirang First Mile Hub, 117.973711, 0.997515
Tobelo Hub, 128.009935, 1.713755
Lotu Hub, 97.378571, 1.390554
Kejajar Hub, 109.948466, -7.264114
Galing Hub, 109.356744, 1.529946
Sinjai Utara First Mile Hub, 120.257739, -5.122886
Baguala First Mile Hub, 128.221049, -3.628572
Tondano Selatan First Mile Hub, 124.883955, 1.288383
Patallassang First Mile Hub, 119.440326, -5.436148
Binamu First Mile Hub, 119.7623, -5.681725
Pangkajene First Mile Hub, 119.553407, -4.84145
Kintamani First Mile Hub, 115.325873, -8.24232
Palakka First Mile Hub, 120.268944, -4.515006
Siborong - Borong First Mile Hub, 98.965066, 2.122842
Lotu First Mile Hub, 97.38271, 1.387855
Kejajar First Mile Hub, 109.948466, -7.264114
Galing First Mile Hub, 109.356744, 1.529946
Watang Sawitto First Mile Hub, 119.644803, -3.79369
Kopang First Mile Hub, 116.345126, -8.663308
Bayah First Mile Hub, 106.2303, -6.925236
Gerung Utara First Mile Hub, 116.119112, -8.681827
Cipeucang First Mile Hub, 106.024396, -6.366187
Pabuaran Serang First Mile Hub, 106.048317, -6.212478
Gerokgak First Mile Hub, 114.790497, -8.191287
Warunggunung First Mile Hub, 106.177306, -6.340667
Pandeglang First Mile Hub, 106.119633, -6.317911
Padang Utara Hub, 100.357775, -0.914114
Tanah Sareal Hub, 106.798152, -6.561974
Bandung Kulon Hub, 107.573762, -6.928235
Menes First Mile Hub, 105.921322, -6.388005
Bungus Teluk Kabung Hub, 100.412967, -1.033639
Sawahan Hub, 112.713676, -7.268406
Libureng First Mile Hub, 120.094001, -4.914471
Pujut First Mile Hub, 116.296434, -8.825418
Jailolo Hub, 127.468777, 1.071181
Jailolo First Mile Hub, 127.468777, 1.071181
Cidaun Hub, 107.353726, -7.489409
Cidaun First Mile Hub, 107.353726, -7.489409
Kelumpang Hulu First Mile Hub, 115.973225, -3.098911
Palangka Raya First Mile Hub, 113.870912, -2.174556
Sandai First Mile Hub, 110.531113, -1.247134
Mpunda First Mile Hub, 118.737668, -8.459603
Lau First Mile Hub, 119.569832, -4.966909
Sakra Barat First Mile Hub, 116.459287, -8.688298
Sumbawa First Mile Hub, 117.433506, -8.498464
Pitumpanua First Mile Hub, 120.323709, -3.822063
Taliwang First Mile Hub, 116.830841, -8.748914
Abang First Mile Hub, 115.614065, -8.33345
Jonggat First Mile Hub, 116.240274, -8.68501
Solear First Mile Hub, 106.403011, -6.289185
Penebel First Mile Hub, 115.144798, -8.428159
Gerung First Mile Hub, 116.129982, -8.651823
Gunungsari Serang First Mile Hub, 106.021471, -6.143143
Poasia First Mile Hub, 122.546946, -4.013812
Anyar First Mile Hub, 105.924269, -6.049503
Dungingi First Mile Hub, 123.034995, 0.593415
Mantikulore First Mile Hub, 119.883865, -0.824503
Panimbang First Mile Hub, 105.755028, -6.523396
Cipocok Jaya First Mile Hub, 106.173708, -6.141038
Maritengngae First Mile Hub, 119.768561, -3.93458
Palu First Mile Hub, 119.855934, -0.91294
Kibin First Mile Hub, 106.303776, -6.135928
Purwakarta Kota Cilegon First Mile Hub, 106.062452, -5.986737
Lalabata First Mile Hub, 119.902785, -4.362846
Ciruas First Mile Hub, 106.242139, -6.12625
Palu Selatan First Mile Hub, 119.879171, -0.922289
Medan Tuntungan Hub, 98.635179, 3.523498
Gunung Maligas Hub, 99.100305, 3.001073
Medan Denai Hub, 98.722559, 3.574715
Marpoyan Damai Hub, 101.432056, 0.443806
Binjai Selatan Hub, 98.494349, 3.574724
Pauh Hub, 100.432203, -0.935168
Tebas Hub, 109.13308, 1.217935
Tebas First Mile Hub, 109.111521, 1.203748
Paloh Hub, 109.219319, 1.623314
Paloh First Mile Hub, 109.220904, 1.630378
Mempawah Hulu Hub, 109.375792, 0.542747
Mempawah Hulu First Mile Hub, 109.372372, 0.536164
Kubu Hub, 109.376802, -0.496463
Kubu First Mile Hub, 109.378899, -0.48376
Kaidipang Hub, 123.269092, 0.910516
Kaidipang First Mile Hub, 123.271879, 0.905094
Jawai Hub, 109.056052, 1.331432
Jawai First Mile Hub, 109.056052, 1.331432
Bungku Tengah Hub, 121.926544, -2.466797
Bungku Tengah First Mile Hub, 121.933874, -2.477734
Bolaang Uki Hub, 123.982557, 0.393968
Bolaang Uki First Mile Hub, 123.982632, 0.383376
Belitang Hub, 111.189544, 0.186843
Bahodopi Hub, 122.101047, -2.795427
Bahodopi First Mile Hub, 122.007767, -2.679259
Andowia Hub, 122.113001, -3.519818
Andowia First Mile Hub, 122.138262, -3.537474
Parakan Hub, 110.092222, -7.285639
Penjaringan 7 First Mile Hub, 106.76788, -6.136902
Marpoyan Damai First Mile Hub, 101.440196, 0.427267
Medan Labuhan Hub, 98.707856, 3.688803
Cilodong 2 First Mile Hub, 106.85751, -6.42026
Tolangohula Hub, 122.561103, 0.701186
Tolangohula First Mile Hub, 122.574917, 0.695806
Kasongan First Mile Hub, 113.408414, -1.884597
Tanete Riattang First Mile Hub, 120.32625, -4.545213
WH Air Asia Teleport Jabo, 106.663023, -6.125216
Kulisusu Hub, 123.180388, -4.772368
Kulisusu First Mile Hub, 123.17361, -4.778459
Petasia Hub, 121.338, -1.977895
Petasia First Mile Hub, 121.338, -1.977895
Pasar Wajo Hub, 122.853014, -5.478731
Pasar Wajo First Mile Hub, 122.853014, -5.478731
Mamasa Hub, 119.366719, -2.950003
Mamasa First Mile Hub, 119.368966, -2.947893
Gunung Meriah Hub, 97.956509, 2.381816
Gunung Meriah First Mile Hub, 97.950048, 2.375276
Dumoga Utara Hub, 123.985708, 0.570737
Dumoga Utara First Mile Hub, 123.958278, 0.620874
Banggai Hub, 123.502056, -1.595722
Banggai First Mile Hub, 123.501428, -1.593675
Singaran Pati Hub, 102.285781, -3.802847
Oebobo First Mile Hub, 123.60277, -10.167028
Singaran Pati First Mile Hub, 102.285781, -3.802847
Lombok Timur First Mile Hub, 116.51713, -8.651773
Turikale First Mile Hub, 119.522336, -5.050447
Tutuyan Hub, 124.611353, 0.752666
Tutuyan First Mile Hub, 124.618895, 0.775113
Sigi Biromaru Hub, 119.881639, -0.959694
Sigi Biromaru First Mile Hub, 119.92737, -0.954529
Sebuku Hub, 116.995694, 3.98775
Sebuku First Mile Hub, 117.150005, 4.006398
Anjir Muara First Mile Hub, 114.52652, -3.177203
Batauga First Mile Hub, 122.606911, -5.56914
Batauga Hub, 122.606911, -5.56914
Air Upas First Mile Hub, 110.83145, -2.355268
Kota Agung Lahat First Mile Hub, 103.430511, -4.031522
Mukomuko First Mile Hub, 101.100348, -2.553155
Ipuh First Mile Hub, 101.493687, -2.993077
Kaur Selatan First Mile Hub, 103.354128, -4.795216
Ketahun First Mile Hub, 101.839758, -3.360258
Pakuan Ratu First Mile Hub, 104.703704, -4.532292
Peninjauan First Mile Hub, 104.384099, -3.867063
Rangkasbitung First Mile Hub, 106.269831, -6.351588
Kendari First Mile Hub, 122.512233, -3.987518
Serengan Hub, 110.819595, -7.57604
Sanggau Ledo Hub, 109.687246, 1.110424
Sanggau Ledo First Mile Hub, 109.701796, 1.14548
Mimika Baru Hub, 136.889063, -4.553158
Tempilang First Mile Hub, 105.666903, -2.105382
Tebing Tinggi First Mile Hub, 103.087529, -3.595625
Sungkai Utara First Mile Hub, 104.845672, -4.769984
Pesisir Tengah First Mile Hub, 103.939949, -5.172129
Semendawai Barat First Mile Hub, 104.724092, -4.023393
Jebus First Mile Hub, 105.507035, -1.667759
Belinyu First Mile Hub, 105.783433, -1.649612
Manggar First Mile Hub, 108.263222, -2.870944
Kota Argamakmur First Mile Hub, 102.199161, -3.433161
Bayung Lencir First Mile Hub, 103.679694, -2.07075
Sekincau First Mile Hub, 104.304669, -5.046786
Murung Hub, 114.56105, -0.652258
Murung First Mile Hub, 114.583378, -0.655728
Matuari First Mile Hub, 125.113366, 1.42972
Kotamobagu Timur First Mile Hub, 124.064142, 0.687099
Suku Tengah First Mile Hub, 102.81896, -3.039507
Simpang Blimbing First Mile Hub, 104.023761, -3.451927
Gunung Terang First Mile Hub, 105.063028, -4.326445
Musi Rawas Utara First Mile Hub, 102.907857, -2.705175
Tungkal Jaya First Mile Hub, 103.94015, -2.3875
Kumai First Mile Hub, 111.703917, -2.755776
Kelapa First Mile Hub, 105.671648, -1.875765
Teluk Gelam First Mile Hub, 104.808975, -3.493404
Banding Agung First Mile Hub, 104.017167, -4.79925
Talang Ubi First Mile Hub, 103.850439, -3.29654
Batukliang First Mile Hub, 116.316854, -8.61684
Ampenan First Mile Hub, 116.103439, -8.564299
Pontianak Utara First Mile Hub, 109.339048, -0.014434
Sikur First Mile Hub, 116.453835, -8.631436
Landak First Mile Hub, 109.951126, 0.395837
Mataram First Mile Hub, 116.123816, -8.614842
Muara Teweh First Mile Hub, 114.902229, -0.947929
Tabanan First Mile Hub, 115.111036, -8.552241
Aikmel First Mile Hub, 116.537704, -8.57236
Karangasem First Mile Hub, 115.581564, -8.444995
Kubutambahan First Mile Hub, 115.192811, -8.074223
Kubu Raya First Mile Hub, 109.359756, -0.053847
Praya First Mile Hub, 116.279248, -8.689352
Kelapa Lima First Mile Hub, 123.626044, -10.145533
Trucuk First Mile Hub, 110.697861, -7.743728
Negara First Mile Hub, 114.620291, -8.363243
Kelapa Gading Hub, 106.914412, -6.140586
Peranap Hub, 101.977899, -0.525545
Peranap First Mile Hub, 101.976745, -0.524741
Wajo Hub, 119.409883, -5.121822
Sukadana Kalbar First Mile Hub, 109.959278, -1.239177
Bengkayang First Mile Hub, 109.485616, 0.83116
Tayan Hilir First Mile Hub, 110.11142, -0.031506
Wangi-Wangi Selatan Hub, 123.541678, -5.343277
Wangi-Wangi Selatan First Mile Hub, 123.541699, -5.343335
Unaaha Hub, 122.06775, -3.866361
Unaaha First Mile Hub, 122.050802, -3.867316
Tilamuta Hub, 122.342773, 0.527375
Tilamuta First Mile Hub, 122.334913, 0.525948
Rumbia Hub, 122.039966, -4.766848
Rumbia First Mile Hub, 122.048762, -4.775689
Marisa Hub, 121.94857, 0.466671
Marisa First Mile Hub, 121.947373, 0.462859
Andoolo Hub, 122.293639, -4.345972
Andoolo First Mile Hub, 122.056563, -4.354094
Tinggimoncong First Mile Hub, 119.861378, -5.244537
Tinggimoncong Hub, 119.855252, -5.251958
Pujer First Mile Hub, 113.876944, -7.965222
Tapen First Mile Hub, 113.932692, -7.854875
Binangun First Mile Hub, 112.334846, -8.202339
Pondok Salam First Mile Hub, 107.48383, -6.600117
Palenga'an First Mile Hub, 113.473851, -7.116805
Gapura First Mile Hub, 113.982992, -7.003952
Sukanagara First Mile Hub, 107.119725, -7.103992
Luragung First Mile Hub, 108.580123, -6.999888
Kalipucang First Mile Hub, 108.727694, -7.617
Telukjambe Barat First Mile Hub, 107.241268, -6.337947
Sukatani First Mile Hub, 107.428029, -6.679049
Purabaya First Mile Hub, 106.880019, -7.105024
Ngantang First Mile Hub, 112.38075, -7.853694
Karangampel First Mile Hub, 108.460756, -6.477998
Bluto First Mile Hub, 113.721225, -7.113439
Maja First Mile Hub, 108.30452, -6.883749
Nusaherang First Mile Hub, 108.445972, -7.004083
Sampang First Mile Hub, 113.240353, -7.207868
Cikijing First Mile Hub, 108.350597, -7.01036
Surade First Mile Hub, 106.550421, -7.354765
Kepung First Mile Hub, 112.283858, -7.753886
Lemahabang Karawang First Mile Hub, 107.465939, -6.278413
Karangnunggal First Mile Hub, 108.132514, -7.633447
Rengasdengklok First Mile Hub, 107.299293, -6.20076
Bungursari First Mile Hub, 107.479944, -6.479361
Cibadak First Mile Hub, 106.794765, -6.894267
Telagasari First Mile Hub, 107.394129, -6.267224
Ciledug Kulon First Mile Hub, 108.749038, -6.894584
Ketapang Sampang First Mile Hub, 113.268377, -6.895957
Ganding First Mile Hub, 113.674741, -7.05507
Sukaraja Sukabumi First Mile Hub, 106.982429, -6.90684
Tumpang First Mile Hub, 112.750549, -8.012042
Rubaru First Mile Hub, 113.785759, -6.953787
Sangkapura Hub, 112.64164, -5.845086
Lubai Ulu Hub, 104.168826, -3.819658
Sungai Gelam First Mile Hub, 103.740448, -1.707
Sungai Lilin First Mile Hub, 104.110764, -2.546835
Koba First Mile Hub, 106.390927, -2.513974
Gedung Aji Baru First Mile Hub, 105.486972, -4.188278
Muara Dua First Mile Hub, 104.061499, -4.563079
Melinting First Mile Hub, 105.78967, -5.487176
Balik Bukit First Mile Hub, 104.081954, -5.01687
Abung Timur First Mile Hub, 105.024408, -4.702003
Mentok First Mile Hub, 105.182969, -2.045507
Kikim Timur First Mile Hub, 103.372179, -3.698016
Gabek First Mile Hub, 106.109099, -2.1038
Martapura First Mile Hub, 104.349276, -4.32632
Pasean First Mile Hub, 113.557737, -6.895341
Toboali First Mile Hub, 106.465975, -3.000402
Muara Enim First Mile Hub, 103.778359, -3.633209
Majalaya Kab. Karawang First Mile Hub, 107.368604, -6.28076
Parakan Salak First Mile Hub, 106.732143, -6.821461
Manonjaya First Mile Hub, 108.289857, -7.353044
Sokobanah First Mile Hub, 113.440384, -6.891725
Plered First Mile Hub, 107.365628, -6.649646
Sangkapura First Mile Hub, 112.64164, -5.845086
Lubai Ulu First Mile Hub, 104.203786, -3.737092
Muntilan First Mile Hub, 110.287486, -7.58085
Kepahiang First Mile Hub, 102.559212, -3.628631
Mangunreja First Mile Hub, 108.060132, -7.375616
Cilaku First Mile Hub, 107.123967, -6.920016
Banjarsari First Mile Hub, 108.621337, -7.491795
Sumenep First Mile Hub, 113.876373, -7.02094
Klungkung First Mile Hub, 115.405505, -8.542651
Haurgeulis First Mile Hub, 107.946159, -6.44038
Bogor DC, 106.827866, -6.533656
Kedungkandang First Mile Hub, 112.637386, -8.118353
Tirtajaya First Mile Hub, 107.283304, -6.05809
Jalancagak First Mile Hub, 107.680024, -6.676601
Leuwimunding First Mile Hub, 108.328382, -6.736083
Kandanghaur First Mile Hub, 108.113354, -6.372762
Plaju Hub, 104.799703, -3.030913
Kwandang First Mile Hub, 122.890639, 0.805025
Kwandang Hub, 122.886791, 0.80505
Mapanget Hub, 124.920936, 1.515083
Setu Kota Tangerang Selatan 5 Hub, 106.686859, -6.334188
Manokwari Barat DC, 134.04786, -0.875582
Makassar Liq Center, 119.511885, -5.071857
Abepura DC, 140.694296, -2.567297
Jailolo DC, 127.468764, 1.071041
Transit Point Depok DC, 106.86126, -6.411157
Sukajaya Hub, 95.333741, 5.879777
Sukajaya First Mile Hub, 95.333741, 5.879777
Batu Ampar Hub, 109.257278, -0.696083
Batu Ampar First Mile Hub, 109.266758, -0.690782
Kota Waingapu Hub, 120.2483, -9.661646
Kota Waingapu First Mile Hub, 120.2483, -9.661646
Cimarga Hub, 106.223574, -6.432503
WH AB Cargo Jabo II, 106.66233, -6.121329
WH AB Cargo Jabo I, 106.97986, -6.214254
WH Avia Cargo Jabo, 106.68427, -6.130755
WH ESP Jabo, 106.715495, -6.103623
WH CKL Jabo, 106.686368, -6.124803
Astanajapura Hub, 108.619475, -6.784045
Pasangkayu First Mile Hub, 119.360269, -1.176074
Buntu Pane First Mile Hub, 99.546175, 2.916834
Buntu Pane Hub, 99.551084, 2.919412
Bumijawa First Mile Hub, 109.13593, -7.170693
Bumijawa Hub, 109.151011, -7.153945
Kendawangan First Mile Hub, 110.193062, -2.505231
Kendawangan Hub, 110.195033, -2.510312
Barong Tongkok First Mile Hub, 115.715556, -0.219337
Barong Tongkok Hub, 115.715556, -0.219337
Kateman First Mile Hub, 103.607976, 0.2968
Kateman Hub, 103.605947, 0.291929
Mertoyudan First Mile Hub, 110.192421, -7.542418
Kundur Hub, 103.464861, 0.656778
Kundur First Mile Hub, 103.463508, 0.658766
Krueng Sabee Hub, 95.591258, 4.631799
Krueng Sabee First Mile Hub, 95.590587, 4.635886
Keritang Hub, 102.93294, -0.743271
Keritang First Mile Hub, 102.93294, -0.743271
Setia Hub, 96.872892, 3.70303
Setia First Mile Hub, 96.872892, 3.70303
Dusun Timur Hub, 115.150222, -2.094528
Dusun Tengah Hub, 115.166264, -1.811465
Dusun Tengah First Mile Hub, 115.14905, -1.779245
Dusun Selatan Hub, 114.83657, -1.720838
Dusun Selatan First Mile Hub, 114.83657, -1.720838
Semaka First Mile Hub, 104.495326, -5.507572
Katibung First Mile Hub, 105.366986, -5.544109
Limboto First Mile Hub, 122.983566, 0.623158
Babussalam First Mile Hub, 97.805726, 3.491137
Muara Lakitan First Mile Hub, 103.314488, -2.865027
Bondowoso First Mile Hub, 113.812828, -7.937333
Barus Hub, 98.430725, 2.007646
Barus First Mile Hub, 98.430725, 2.007646
Tanah Pinoh Hub, 111.559916, -0.786371
Tanah Pinoh First Mile Hub, 111.561735, -0.795734
Biau First Mile Hub, 121.424724, 1.160034
Biau Hub, 121.419638, 1.161164
Tulang Bawang Tengah Hub, 105.10498, -4.57159
Tulang Bawang Tengah First Mile Hub, 105.10498, -4.57159
Sipora Utara Hub, 99.584333, -2.065889
Sipora Utara First Mile Hub, 99.585742, -2.031155
Singkep Hub, 104.554101, -0.482842
Singkep First Mile Hub, 104.554101, -0.482842
Simpangkiri Hub, 97.990182, 2.646848
Simpangkiri First Mile Hub, 97.987092, 2.648617
Semaka Hub, 104.494404, -5.506697
Katibung Hub, 105.366986, -5.544109
Rappocini Hub, 119.430492, -5.147826
Dayeuhkolot 2 Hub, 107.61946, -6.966254
Pajo Hub, 118.488753, -8.59953
Limboto Hub, 122.983566, 0.623158
Babussalam Hub, 97.805726, 3.491137
Muara Lakitan Hub, 103.314488, -2.865027
Parenggean Hub, 112.799735, -2.026777
Parenggean First Mile Hub, 112.798481, -2.024461
Malinau Kota Hub, 116.629241, 3.58783
Malinau Kota First Mile Hub, 116.629241, 3.58783
Jorong First Mile Hub, 114.923222, -3.969778
Teluk Keramat Hub, 109.215917, 1.471741
Teluk Keramat First Mile Hub, 109.22622, 1.47841
Kota Selatan Hub, 123.049377, 0.554241
Topoyo Hub, 119.289639, -2.062
Airmadidi Hub, 124.985949, 1.413966
Pontianak Kota First Mile Hub, 109.312283, -0.0601
Peureulak First Mile Hub, 97.891951, 4.801955
Kembangan 3 First Mile Hub, 106.732223, -6.196549
Cipondoh First Mile Hub, 106.683111, -6.195917
Pacet First Mile Hub, 107.705918, -7.09728
Semarang RDC, 110.448754, -6.953487
Sirah Pulau Padang First Mile Hub, 104.89259, -3.257684
Sirah Pulau Padang Hub, 104.89259, -3.257684
Sekayam First Mile Hub, 110.391959, 0.751223
Sekayam Hub, 110.427837, 0.825956
Tuminting First Mile Hub, 124.849556, 1.495189
Tuminting Hub, 124.849556, 1.495189
Banawa First Mile Hub, 119.741085, -0.671091
Banawa Hub, 119.741085, -0.671091
Khayan Hilir First Mile Hub, 114.268292, -2.783677
Khayan Hilir Hub, 114.268292, -2.783677
Sagulung Hub, 103.930937, 1.049035
Pasangkayu Hub, 119.367201, -1.178634
Cengkareng 6 Hub, 106.76581, -6.15435
Kalideres 5 Hub, 106.716759, -6.113211
Tanjung Priok 4 Hub, 106.891479, -6.122568
Kejayan First Mile Hub, 112.902859, -7.701244
Gedangan Malang Hub, 112.654136, -8.294821
Mijen Hub, 110.310825, -7.061615
Parigi Hub, 120.164744, -0.799247
Matuari Hub, 125.149375, 1.442746
Batujajar Hub, 107.502566, -6.897248
Manokwari Barat First Mile Hub, 134.048213, -0.875504
Ngasem First Mile Hub, 111.760955, -7.289919
Tebing Tinggi Riau Hub, 102.70762, 1.01202
Tahunan Hub, 110.664881, -6.611319
Kumai Hub, 111.703917, -2.755776
Simboro Dan Kepulauan Hub, 118.888819, -2.676629
Simboro Dan Kepulauan First Mile Hub, 118.889389, -2.677277
Galis Hub, 113.567943, -7.13542
Wolio Hub, 122.633931, -5.468159
Wolio First Mile Hub, 122.633931, -5.468159
Wua-Wua Hub, 122.505988, -4.007704
Wua-Wua First Mile Hub, 122.499742, -4.01572
Ampana Kota First Mile Hub, 121.598044, -0.860411
Ampana Kota Hub, 121.598044, -0.860411
MH Sidikalang 6 Hub, 98.302597, 2.646682
MH Sidikalang 5 Hub, 97.925538, 2.773164
MH Sidikalang 4 Hub, 98.015614, 2.634561
MH Sidikalang 3 Hub, 97.942942, 2.382995
MH Sidikalang 2 Hub, 98.266627, 2.770232
MH 5 Kabanjahe Hub, 98.680019, 3.038465
MH 4 Kabanjahe Hub, 98.416391, 2.743188
MH 3 Kabanjahe Hub, 98.416391, 2.743188
MH 2 Kabanjahe Hub, 98.139318, 2.982276
MH Berastagi 2 Hub, 98.71429, 3.261489
MH 2 Bagan Sinembah Hub, 100.740787, 1.67934
Tanjung Pinang First Mile Hub, 104.504617, 0.916079
Nunukan First Mile Hub, 117.653815, 4.132381
Nunukan Hub, 117.653815, 4.132381
Kepung Hub, 112.283858, -7.753886
Jatinangor Hub, 107.78401, -6.926145
Cicurug Hub, 106.778099, -6.797022
Peureulak Hub, 97.89369, 4.817451
Sei Ambawang Hub, 109.403242, -0.038749
Kurun Hub, 113.85862, -1.104774
Kurun First Mile Hub, 113.859295, -1.119385
Bojongloa Kaler Hub, 107.584155, -6.942632
Hamparan Perak Hub, 98.619222, 3.72575
Hamparan Perak First Mile Hub, 98.619222, 3.72575
Pontianak Timur Hub, 109.367462, -0.039006
Sunter DC, 106.876901, -6.13357
Ulujami First Mile Hub, 109.554613, -6.886132
Kalinyamatan Hub, 110.709824, -6.728356
Ngaglik 3 Hub, 110.382712, -7.731124
MH Malingping 2 Hub, 106.063009, -6.582708
MH Bayah 3 Hub, 106.327731, -6.833542
MH Bayah 2 Hub, 106.333158, -6.70103
Guntur First Mile Hub, 110.60614, -6.989276
Pringapus Hub, 110.438137, -7.185355
Lasem Hub, 111.448968, -6.708732
Kedungmenjangan Hub, 109.390802, -7.444274
Luwuk Hub, 122.781915, -0.972727
Tenjo Hub, 106.859045, -6.178369
Karawaci 2 Hub, 106.625689, -6.190507
Benda 3 Hub, 106.6893, -6.081694
Kembang Janggut Hub, 116.391343, 0.129279
Legok 2 Hub, 106.586222, -6.308389
Matraman 2 Hub, 106.85838, -6.212303
Kebakkramat Hub, 110.935926, -7.574675
Poso Kota First Mile Hub, 120.751283, -1.397148
Poso Kota Hub, 120.761306, -1.387359
Air Upas Hub, 110.815153, -2.314441
Kotamobagu Timur Hub, 124.298472, 0.741472
Kolaka Hub, 121.6405, -4.083315
Kolaka First Mile Hub, 121.64231, -4.081719
Kersana First Mile Hub, 108.88852, -6.930929
Kebakkramat First Mile Hub, 110.935926, -7.574675
Tamalanrea Hub, 119.48121, -5.10331
Ngaliyan First Mile Hub, 110.336194, -7.018159
Pujer Hub, 113.873783, -7.975831
Glenmore Hub, 114.052792, -8.315972
Dukuhturi Hub, 109.014389, -7.232139
Trucuk Hub, 110.697861, -7.743728
Panimbang Hub, 105.755028, -6.523396
Gununghalu Hub, 107.305867, -7.019147
Gemolong First Mile Hub, 110.824222, -7.403278
Gesi First Mile Hub, 111.061812, -7.326619
Tapak Tuan First Mile Hub, 97.287582, 3.172859
Tapak Tuan Hub, 97.194961, 3.260436
Transit Point Tangerang 1 DC, 106.675242, -6.094398
Karangawen Hub, 110.59185, -7.048062
Dabuk Rejo Hub, 105.023182, -3.984631
Bantarsari Hub, 108.862546, -7.531882
Darul Makmur First Mile Hub, 96.537404, 3.997845
Tebo Ilir First Mile Hub, 102.708455, -1.532481
Matesih First Mile Hub, 111.054348, -7.654105
Bantarsari First Mile Hub, 108.862546, -7.531882
Tarutung First Mile Hub, 98.977626, 2.022242
Alak Hub, 123.574917, -10.213972
Alak First Mile Hub, 123.549689, -10.178568
Kesamben First Mile Hub, 112.382619, -8.139326
Maduran Hub, 112.281114, -7.014695
Kragan Hub, 111.596046, -6.676816
Loano Hub, 110.026651, -7.65322
Tanjung Selor Hub, 117.37223, 2.84749
Rejotangan First Mile Hub, 112.033754, -8.10559
Tanjung Selor First Mile Hub, 117.370659, 2.849695
Sangatta First Mile Hub, 117.519511, 0.50169
Karangmalang First Mile Hub, 111.023689, -7.4491
Triharjo First Mile Hub, 110.16938, -7.835966
Kulon Progo First Mile Hub, 110.151722, -7.895444
Loano First Mile Hub, 110.026651, -7.65322
Kaliwiro First Mile Hub, 109.845909, -7.469617
Karangsambung First Mile Hub, 109.681065, -7.563925
Kebumen DC, 109.591656, -7.651529
Sungai Gelam Hub, 103.740448, -1.707
Taman Sari Jakarta Barat 3 Hub, 106.826342, -6.153959
Penjaringan 6 Hub, 106.746545, -6.154733
Solear Hub, 106.403011, -6.289185
Panarukan First Mile Hub, 114.006713, -7.709877
Sanggau First Mile Hub, 110.574279, 0.122609
Marabahan First Mile Hub, 114.771154, -2.98413
Kusan Hilir First Mile Hub, 115.931724, -3.604419
Melawi First Mile Hub, 111.750528, -0.343694
Arut Selatan First Mile Hub, 111.621333, -2.697183
Martapura Kalimantan First Mile Hub, 114.886476, -3.436868
Pagar Alam First Mile Hub, 103.242557, -4.034911
Lahat First Mile Hub, 103.557169, -3.770137
Tanjung Enim First Mile Hub, 103.814243, -3.765175
Lempuing First Mile Hub, 104.897566, -3.844941
Banyuasin First Mile Hub, 104.422037, -2.918862
Musi Rawas First Mile Hub, 102.955278, -3.184861
Tanjung Bintang First Mile Hub, 105.389184, -5.400029
Singkut First Mile Hub, 102.713168, -2.511661
Simpang Empat First Mile Hub, 99.801983, 2.964201
Kota Pinang First Mile Hub, 100.084404, 1.896903
Dolok Sanggul First Mile Hub, 98.723389, 2.257417
Barumun First Mile Hub, 99.733957, 1.051352
Pematang Bandar First Mile Hub, 99.284042, 3.077446
Padang Bolak First Mile Hub, 99.617045, 1.492233
Natal First Mile Hub, 99.10945, 0.579273
Dolok Batu Nanggar First Mile Hub, 99.147104, 3.119925
Pangururan First Mile Hub, 98.690396, 2.674481
Air Putih First Mile Hub, 99.370312, 3.28124
Sipispis Hub, 99.034, 3.193112
Galang Hub, 98.896466, 3.46861
Pandeyan Hub, 110.381682, -7.816195
Tumpang Hub, 112.750625, -8.012318
Selat First Mile Hub, 114.383361, -2.984639
Tapan First Mile Hub, 101.067348, -2.167095
Lembah Gumanti First Mile Hub, 100.785504, -1.079115
Dolok Masihul First Mile Hub, 99.015063, 3.342802
Ayah First Mile Hub, 109.404153, -7.659091
Tempel First Mile Hub, 110.320414, -7.658914
Ngadirojo Kidul First Mile Hub, 111.038266, -7.821388
Lebaksiu First Mile Hub, 109.13496, -7.045904
Balapulang First Mile Hub, 109.086932, -7.079525
Gombong First Mile Hub, 109.540986, -7.610464
Jiken First Mile Hub, 111.517969, -7.011629
Singkawang Tengah First Mile Hub, 108.984911, 0.92789
Ciwidey First Mile Hub, 107.451823, -7.103459
Bukit Kemuning First Mile Hub, 104.570806, -4.860528
Siantar Selatan First Mile Hub, 99.061255, 2.946636
Galang First Mile Hub, 98.884832, 3.437893
Rao First Mile Hub, 100.020234, 0.559562
Seberida First Mile Hub, 102.409506, -0.562255
Punggur First Mile Hub, 105.275342, -5.049821
Tebing Tinggi Jambi First Mile Hub, 103.083685, -1.018326
Gelumbang First Mile Hub, 104.433253, -3.246537
Belitang Madang Raya First Mile Hub, 104.646261, -4.116753
Kayu Agung First Mile Hub, 104.831591, -3.395525
Baturaja Timur First Mile Hub, 104.184778, -4.137861
Kota Curup First Mile Hub, 102.51429, -3.472107
Kota Manna First Mile Hub, 102.920056, -4.458116
Lubuk Linggau Selatan First Mile Hub, 102.94414, -3.267456
Air Hitam First Mile Hub, 104.362158, -5.049305
Way Kanan First Mile Hub, 104.54265, -4.731352
Kota Agung First Mile Hub, 104.627577, -5.494053
Gedong Tataan First Mile Hub, 105.087051, -5.375165
Ketapang First Mile Hub, 105.782189, -5.678615
Metro First Mile Hub, 105.297996, -5.134806
Bandar Mataram First Mile Hub, 105.489831, -4.828912
Sungai Liat First Mile Hub, 106.096444, -1.8685
Pubian First Mile Hub, 104.955686, -5.089608
Gerunggang First Mile Hub, 106.097576, -2.110977
Yosodadi Hub, 105.336621, -5.108089
Yosodadi First Mile Hub, 105.336621, -5.108089
Labuhan Bajo First Mile Hub, 119.898948, -8.486337
Siak First Mile Hub, 102.054805, 0.803514
Salapian First Mile Hub, 98.298593, 3.477168
Rantau Selatan First Mile Hub, 99.84714, 2.088178
Payaraman First Mile Hub, 104.621608, -3.349131
Sumpiuh First Mile Hub, 109.282988, -7.591822
Patikraja First Mile Hub, 109.21986, -7.487644
Tanjung Pandan First Mile Hub, 107.627177, -2.736718
Nanggulan First Mile Hub, 110.221722, -7.722278
Punjung First Mile Hub, 101.544048, -0.986381
Lubuk Linggau First Mile Hub, 102.864752, -3.284984
Muara Bangkahulu First Mile Hub, 102.265106, -3.758146
Bengkulu First Mile Hub, 102.331452, -3.826289
Talang Kelapa First Mile Hub, 104.658404, -2.913399
Prabumulih First Mile Hub, 104.2656, -3.3953
Pangkal Pinang First Mile Hub, 106.122312, -2.147567
Indralaya First Mile Hub, 104.632235, -3.207272
Sukadana First Mile Hub, 105.660615, -5.103958
Bandar Sribawono First Mile Hub, 105.741315, -5.313067
Terbanggi Besar First Mile Hub, 105.211065, -4.902952
Kotabumi First Mile Hub, 104.893266, -4.85363
Natar First Mile Hub, 105.189957, -5.296465
Purworejo First Mile Hub, 110.026694, -7.725528
Wanareja First Mile Hub, 108.691382, -7.33516
Sidareja First Mile Hub, 108.801385, -7.485742
Cilacap Utara First Mile Hub, 109.041985, -7.665806
Tanjung Jabung Timur First Mile Hub, 103.796003, -1.213194
Tebo Tengah First Mile Hub, 102.423304, -1.463258
Dumai Timur First Mile Hub, 101.455313, 1.663848
Pangkalan Kuras First Mile Hub, 102.067071, 0.147843
Rengat First Mile Hub, 102.532955, -0.36954
Pulau Rakyat First Mile Hub, 99.620518, 2.709581
Ujung Padang First Mile Hub, 99.52618, 3.073106
Sangir First Mile Hub, 101.247983, -1.54541
Guguak First Mile Hub, 100.573506, -0.161453
Lembah Melintang First Mile Hub, 99.567406, 0.255449
Painan First Mile Hub, 100.583241, -1.352209
Mijen Demak Hub, 110.718237, -6.847388
Anjir Muara Hub, 114.545, -3.197694
Labuhan Bajo Hub, 119.898948, -8.486337
Jebres Hub, 110.842864, -7.537202
Gorontalo First Mile Hub, 123.082834, 0.564
Tlogowungu First Mile Hub, 111.015818, -6.711712
Juwana First Mile Hub, 111.147465, -6.712509
Tuntang First Mile Hub, 110.484568, -7.264755
Pangkalan Koto First Mile Hub, 100.723469, 0.089341
Kambang First Mile Hub, 100.697365, -1.678358
Silungkang First Mile Hub, 100.7979, -0.70977
Lubuk Sikaping First Mile Hub, 100.169074, 0.132471
Kayen First Mile Hub, 110.993339, -6.880615
Cilongok First Mile Hub, 109.171998, -7.414248
Majenang First Mile Hub, 108.771231, -7.300863
Baamang First Mile Hub, 112.949563, -2.517848
Batubara First Mile Hub, 99.469903, 3.194484
Panyabungan First Mile Hub, 99.571943, 0.843393
Sarolangun First Mile Hub, 102.691592, -2.302896
Karang Baru First Mile Hub, 98.050099, 4.290395
Darul Imarah First Mile Hub, 95.355834, 5.509326
Bebesen First Mile Hub, 96.834549, 4.637131
Samarinda Seberang First Mile Hub, 117.14999, -0.526595
Gunung Sitoli First Mile Hub, 97.600887, 1.320127
Sijunjung First Mile Hub, 100.961734, -0.676336
Padang Sidempuan First Mile Hub, 99.288614, 1.354391
Bandar Simalungun First Mile Hub, 99.314724, 3.158564
Kota Baru Kalsel First Mile Hub, 116.239472, -3.236694
Satui First Mile Hub, 115.374067, -3.798977
Tenggarong First Mile Hub, 116.999227, -0.451235
Pemangkat First Mile Hub, 108.986947, 1.175215
Sintang First Mile Hub, 111.465882, 0.03855
Ketapang Kalbar First Mile Hub, 109.958923, -1.825438
Kelua First Mile Hub, 115.28022, -2.250553
Kutuh Hub, 115.181169, -8.82749
Sumbergempol Hub, 111.949184, -8.034012
Bacukiki Barat Hub, 119.627773, -4.05324
Bontang First Mile Hub, 117.479838, 0.132973
Balikpapan Timur First Mile Hub, 116.976526, -1.20788
Jekan Raya First Mile Hub, 113.879148, -2.237903
Balikpapan Utara First Mile Hub, 116.868609, -1.207904
Pahandut First Mile Hub, 113.939239, -2.231263
Sungai Manau Hub, 102.013056, -2.115049
Mojotengah Hub, 109.911864, -7.309632
Simboro Dan Kepulauan DC, 118.972881, -2.639315
Baguala DC, 128.221049, -3.628572
Virtual Kosambi 2 DC, 106.673639, -6.093606
Tanjung Pandan DC, 107.706882, -2.758771
Tanjung Pinang DC, 104.504617, 0.916079
Gunung Sitoli DC, 97.600887, 1.320155
Siborong - Borong DC, 98.964521, 2.118729
Alak DC, 123.549862, -10.179267
Labuhan Bajo DC, 119.898948, -8.486337
Tanjung Redeb DC, 117.468332, 2.146913
Kalawat DC, 124.914579, 1.475378
Wua-Wua DC, 122.499742, -4.01572
Dungingi DC, 123.05765, 0.555692
Wolio DC, 122.633931, -5.468159
Mantikulore DC, 119.88438, -0.81017
Balikpapan Kota First Mile Hub, 116.829771, -1.273942
Balikpapan First Mile Hub, 116.877235, -1.230994
Pamenang Barat First Mile Hub, 102.407371, -2.072689
Limo First Mile Hub, 106.790011, -6.375952
Limo Hub, 106.790825, -6.36632
Cepogo Hub, 110.519178, -7.50528
Ngadirojo Kidul Hub, 111.038266, -7.821388
Tarakan Barat First Mile Hub, 117.580975, 3.313784
Paringin First Mile Hub, 115.460166, -2.341725
Binuang First Mile Hub, 115.078508, -3.126775
Tapin Utara First Mile Hub, 115.157861, -2.947556
Sungai Pinyuh First Mile Hub, 109.073605, 0.273836
Pelaihari First Mile Hub, 114.770484, -3.799248
Tanjung First Mile Hub, 115.389427, -2.142907
Cipondoh 2 First Mile Hub, 106.686747, -6.198651
Samarinda Utara First Mile Hub, 117.151184, -0.439319
Kandangan First Mile Hub, 115.276415, -2.791865
Barabai First Mile Hub, 115.372416, -2.57663
Amuntai Tengah First Mile Hub, 115.252312, -2.422724
Samarinda First Mile Hub, 117.123345, -0.4939
Banjarbaru First Mile Hub, 114.847352, -3.461071
Kisaran First Mile Hub, 99.612476, 2.97809
Balige First Mile Hub, 99.060817, 2.333984
Karimun First Mile Hub, 103.423552, 1.002389
Sidikalang First Mile Hub, 98.323421, 2.728358
Binjai First Mile Hub, 98.486659, 3.637653
Binjai Barat First Mile Hub, 98.435792, 3.608752
Perbaungan First Mile Hub, 99.005974, 3.565955
Rantau Utara First Mile Hub, 99.826743, 2.092042
Tanjungpura First Mile Hub, 98.426552, 3.891047
Cinta Damai First Mile Hub, 98.574256, 3.591875
Tebing Tinggi Sumut First Mile Hub, 99.152384, 3.337579
Berastagi First Mile Hub, 98.522433, 3.201143
Pancur Batu First Mile Hub, 98.587, 3.503556
Kabanjahe First Mile Hub, 98.508556, 3.138861
Kuala First Mile Hub, 96.287649, 4.103469
Kota Solok First Mile Hub, 100.664568, -0.801633
Lima Kaum First Mile Hub, 100.58426, -0.445624
Lubuk Basung First Mile Hub, 100.018181, -0.320385
Lubuk Alung First Mile Hub, 100.28938, -0.6785
Padang Panjang First Mile Hub, 100.395876, -0.462861
Stabat First Mile Hub, 98.45442, 3.758722
Babalan First Mile Hub, 98.305515, 4.002677
Aek Kanopan First Mile Hub, 99.617433, 2.567493
Lubuk Pakam First Mile Hub, 98.861894, 3.584283
Tanjung Morawa First Mile Hub, 98.795034, 3.564745
Kota Juang First Mile Hub, 96.716158, 5.206667
Pasaman First Mile Hub, 99.838408, 0.116524
Medan Amplas First Mile Hub, 98.734515, 3.532648
Idi Rayeuk First Mile Hub, 97.782818, 4.935156
Langsa Kota First Mile Hub, 97.956103, 4.501932
Banda Sakti First Mile Hub, 97.14443, 5.179564
Mutiara Timur First Mile Hub, 95.989984, 5.264821
Lhoksukon First Mile Hub, 97.328224, 5.04405
Kota Sigli First Mile Hub, 95.962314, 5.355071
Johan Pahlawan First Mile Hub, 96.117861, 4.167583
Meureudu First Mile Hub, 96.241722, 5.235917
Dewantara First Mile Hub, 97.006834, 5.240177
Wih Pesam First Mile Hub, 96.807558, 4.720711
Payakumbuh Timur First Mile Hub, 100.657592, -0.240465
Payakumbuh First Mile Hub, 100.610364, -0.251933
Ampek Angkek First Mile Hub, 100.436582, -0.288272
Pariaman First Mile Hub, 100.128497, -0.638039
Banuhampu First Mile Hub, 100.386692, -0.324055
Muara Bulian First Mile Hub, 103.271496, -1.703072
Giri Hub, 114.365172, -8.18595
Benda 2 Hub, 106.674393, -6.146882
Kemang Hub, 106.754403, -6.49698
Koto Tangah First Mile Hub, 100.336918, -0.828775
Padang First Mile Hub, 100.359738, -0.934985
Kuranji First Mile Hub, 100.397463, -0.912577
Sukodadi First Mile Hub, 112.333543, -7.086549
Bukit Tinggi First Mile Hub, 100.374013, -0.288462
Lubuk Begalung First Mile Hub, 100.387921, -0.982874
Pangkalan Kerinci First Mile Hub, 101.856702, 0.409164
Tualang First Mile Hub, 101.589184, 0.670447
Tembilahan First Mile Hub, 103.150766, -0.317102
Jombang 2 First Mile Hub, 112.214148, -7.528713
Pakusari First Mile Hub, 113.793465, -8.171841
Denpasar Utara Hub, 115.197798, -8.631139
Transit Point Logos DC, 106.976294, -6.199728
Pamenang Barat Hub, 102.514949, -2.114485
Mandonga Hub, 122.511724, -3.961147
Jatiluhur Hub, 107.437889, -6.524639
Pakusari Hub, 113.793465, -8.171841
Citeureup Hub, 106.87675, -6.512162
Kedawung Hub, 108.53534, -6.706915
Medan Johor Hub, 98.677047, 3.529666
Pasirjambu First Mile Hub, 107.466439, -7.097336
Sungai Kunjang Hub, 117.093736, -0.534492
Lesanpuro Hub, 112.641768, -8.021712
Ngemplak Hub, 110.448868, -7.711768
Kayugeritan First Mile Hub, 109.63964, -6.974546
Cilacap Utara Hub, 109.041985, -7.665806
Batu First Mile Hub, 112.536813, -7.881085
Kudus DC, 110.876548, -6.83287
Kediri DC, 112.045201, -7.859654
Sikur Hub, 116.453835, -8.631436
Lape Hub, 117.591036, -8.620412
Binangun Hub, 112.334846, -8.202339
Pasean Hub, 113.557737, -6.895341
Kerek Hub, 111.86414, -6.956409
Temayang Hub, 111.851723, -7.243004
Paiton Hub, 113.499853, -7.750138
Kamal Hub, 112.712985, -7.117338
Tapen Hub, 113.932692, -7.85487
Bluto Hub, 113.721225, -7.113439
Keboromo Hub, 111.040316, -6.499782
Jatisrono Hub, 111.141232, -7.828965
Triharjo Hub, 110.16938, -7.835966
Bojongsari Hub, 109.331417, -7.347583
Taman Pemalang Hub, 109.387927, -6.932155
Megawon Hub, 110.890056, -6.806333
Bawang Hub, 109.653873, -7.400466
Lebaksiu Hub, 109.13496, -7.045904
Moyudan Hub, 110.262313, -7.760532
Klaten Tengah Hub, 110.611083, -7.712861
Maja Hub, 108.30452, -6.883749
Cicalengka Hub, 107.868897, -7.008995
Jatisari Hub, 107.53937, -6.363824
Sawah Gede Hub, 107.148417, -6.816627
Cimanggis Hub, 106.879196, -6.439252
Kibin Hub, 106.303776, -6.135928
Sei Beduk Hub, 104.049249, 1.045337
Rumbai Hub, 101.447917, 0.56021
Ilir Timur II Hub, 104.788736, -2.967489
Darul Makmur Hub, 96.537404, 3.997845
Kota Baru 2 Hub, 103.550124, -1.632688
Sitinjau Laut Hub, 101.457815, -2.091112
Ujung Padang Hub, 99.52618, 3.073106
Lubuk Begalung Hub, 100.400072, -0.968243
Kayu Aro Hub, 101.310328, -1.756165
Singkut Hub, 102.713977, -2.516077
Landasan Ulin Hub, 114.73367, -3.451459
Jatirogo First Mile Hub, 111.644014, -6.874771
Ciawi Bogor 3 First Mile Hub, 106.856885, -6.666179
Panongan First Mile Hub, 106.531563, -6.281399
Landasan Ulin First Mile Hub, 114.73367, -3.451459
Ranuyoso First Mile Hub, 113.2411, -8.0135
SBS Denpasar DC, 115.18969, -8.674738
Kunir Hub, 113.175534, -8.207848
Ranuyoso Hub, 113.2411, -8.0135
WH Airport Pontianak, 109.403815, -0.144787
Wanareja Hub, 108.691382, -7.33516
Karawang Timur Hub, 107.315994, -6.309785
Banda Aceh First Mile Hub, 95.352916, 5.557705
Ngraho Hub, 111.55055, -7.260378
Playen Hub, 110.575912, -7.939275
Gerunggang Hub, 106.097576, -2.110977
Gunung Terang Hub, 105.063028, -4.326445
Gandus Hub, 104.720245, -3.015394
Bajeng Hub, 119.429004, -5.268823
Sungai Pandan Hub, 115.213438, -2.472496
Palu Selatan Hub, 119.879171, -0.922289
Bulukumba Hub, 120.144098, -5.356899
Baturaden Hub, 109.23233, -7.388519
Kelapa Lima Hub, 123.626044, -10.145533
Pulau Rakyat Hub, 99.616585, 2.715284
Sei Rampah Hub, 99.10797, 3.510698
Nongsa Hub, 104.124946, 1.157448
Rengasdengklok Hub, 107.299293, -6.20076
Cipeundeuy Hub, 107.56985, -6.5043
Tarogong Hub, 107.893463, -7.171367
Tomohon Hub, 124.827737, 1.312815
Tondano Selatan Hub, 124.883955, 1.288383
Godong Hub, 110.771284, -7.023927
Megawon First Mile Hub, 110.890056, -6.806333
Rantepao First Mile Hub, 119.900317, -2.970052
Godong First Mile Hub, 110.771284, -7.023927
Lendah First Mile Hub, 110.195191, -7.925908
Testing Hub 3, 106.833733, -6.223932
Adiwerna First Mile Hub, 109.110328, -6.926466
Jekan Raya Hub, 113.879148, -2.237903
Lau Hub, 119.569832, -4.966909
Pandaan Hub, 112.690355, -7.659137
Kota Baru Karawang First Mile Hub, 107.469096, -6.410728
Pabuaran Serang Hub, 106.048317, -6.212478
Klaten Tengah First Mile Hub, 110.611083, -7.712861
Tebo Ilir Hub, 102.692007, -1.539517
Menteng First Mile Hub, 106.841851, -6.193986
Kutorejo Hub, 112.532944, -7.595694
Kutorejo First Mile Hub, 112.532944, -7.595694
Piyungan Hub, 110.448314, -7.828406
Kauman Ponorogo Hub, 111.40824, -7.873485
Majalaya Kab. Karawang Hub, 107.368604, -6.28076
Dewantara Hub, 97.007028, 5.240088
Lubuk Linggau Selatan Hub, 102.94414, -3.267456
Jiken Hub, 111.517969, -7.011629
Rajapolah Hub, 108.181583, -7.217528
Pangkah Hub, 109.158526, -6.98698
Tanjunganom Hub, 112.01975, -7.695361
Kanigoro Hub, 112.221052, -8.136759
Rajeg Hub, 106.527131, -6.112416
Gunungsari Serang Hub, 106.021471, -6.143143
Tlogowungu Hub, 111.015818, -6.711712
Punggur Hub, 105.275342, -5.049821
Tegalrejo Hub, 110.352877, -7.778594
Sindangkasih Hub, 108.232233, -7.298031
Krembung Hub, 112.607571, -7.485545
Katapang Hub, 107.55318, -6.99813
Selat Bali Hub, 115.466555, -8.434138
Penyengat Rendah Hub, 103.5552, -1.587693
Weru Hub, 108.4989, -6.717846
Cikampek 2 Hub, 107.455609, -6.408639
Cipocok Jaya Hub, 106.173708, -6.141038
Sukmajaya 3 First Mile Hub, 106.820144, -6.437568
Tirtomartani Hub, 110.481134, -7.80944
Tirtomartani First Mile Hub, 110.481134, -7.80944
Jati Agung Hub, 105.338306, -5.320389
Jati Agung First Mile Hub, 105.338306, -5.320389
Sungai Raya Hub, 109.383786, -0.122596
Serpong Utara First Mile Hub, 106.64545, -6.237425
Jumo Hub, 110.122336, -7.236941
Singkawang Tengah Hub, 108.984911, 0.92789
Mojolaban Hub, 110.905382, -7.583438
Tanjungpura Hub, 98.426552, 3.891047
Sakra Barat Hub, 116.459287, -8.688298
Telukjambe Barat Hub, 107.241268, -6.337947
Ayah Hub, 109.404153, -7.659091
Serengan First Mile Hub, 110.819595, -7.57604
Mutiara Timur Hub, 95.989984, 5.264821
Patrang Hub, 113.713085, -8.154991
Tanggul First Mile Hub, 113.460928, -8.165999
Kemiling Hub, 105.210473, -5.386685
Kota Pekalongan Timur First Mile Hub, 109.700358, -6.897661
Kota Pekalongan Timur Hub, 109.700358, -6.897661
Ampelgading First Mile Hub, 109.497368, -6.900791
Tomoni Hub, 120.814333, -2.5265
Tanah Merah Hub, 102.2993, -0.350721
Simo First Mile Hub, 110.67866, -7.452229
Tombatu Timur Hub, 124.730838, 1.022759
Sinjai Utara Hub, 120.250087, -5.130121
Siborong - Borong Hub, 98.966442, 2.185746
Seberida Hub, 102.409506, -0.562255
Plered Hub, 107.365628, -6.649646
Patallassang Hub, 119.448744, -5.404292
Ngantang Hub, 112.38075, -7.853694
Libureng Hub, 120.093869, -4.913786
Kelua Hub, 115.28022, -2.250553
Karangsambung Hub, 109.681065, -7.563925
Kaliwiro Hub, 109.847529, -7.471392
Gemolong Hub, 110.824222, -7.403278
Darul Imarah Hub, 95.355834, 5.509326
Cibatu Hub, 107.988143, -7.106149
Wirosari Hub, 111.110785, -7.082817
Waru First Mile Hub, 113.546284, -6.951003
Tanjung Balai First Mile Hub, 99.782735, 2.950301
Siantar First Mile Hub, 99.08147, 2.988289
Rambah First Mile Hub, 100.308146, 0.892738
Pandan First Mile Hub, 98.822841, 1.701956
Mandau First Mile Hub, 101.181333, 1.24825
Bangkinang First Mile Hub, 101.032609, 0.295143
Wonosari First Mile Hub, 110.589972, -7.973168
Wates First Mile Hub, 110.107157, -7.890252
Secang First Mile Hub, 110.254697, -7.421524
Purwadadi First Mile Hub, 107.689183, -6.469915
Pangandaran First Mile Hub, 108.663096, -7.682396
Kuningan First Mile Hub, 108.4867, -6.952113
Kraksaan First Mile Hub, 113.438125, -7.756764
Karangawen First Mile Hub, 110.592246, -7.048124
Kalibagor Hub, 109.299138, -7.463154
Kalibagor First Mile Hub, 109.299138, -7.463154
Ujung Tanjung Hub, 101.0083, 1.626708
Pameungpeuk Hub, 107.737265, -7.648337
Cibinong Cianjur First Mile Hub, 107.122738, -7.2675
Cibinong Cianjur Hub, 107.122738, -7.2675
Palenga'an Hub, 113.473851, -7.116805
Wirosari First Mile Hub, 111.110785, -7.082817
Geger First Mile Hub, 111.530156, -7.725717
Ujung Tanjung First Mile Hub, 101.0083, 1.626708
Testing Hub 2, 138.561536, -2.742856
Bonggo First Mile Hub, 139.34027, -2.291096
Sarmi First Mile Hub, 138.752668, -1.873041
Pantai Timur First Mile Hub, 138.561536, -2.742856
Testing Hub 1, 137.40984, -4.381006
Testing FM 1, 138.2466, -1.774221
Tenayan Raya Hub, 101.51568, 0.492004
Sumedang Selatan Hub, 107.917067, -6.836445
Ngrambe First Mile Hub, 111.188982, -7.515842
Sumberrejo First Mile Hub, 112.024178, -7.171285
Sumberrejo Hub, 112.024178, -7.171285
Adiwerna Hub, 109.110328, -6.926466
Gerokgak Hub, 114.710734, -8.156705
Salaman Hub, 110.114021, -7.566572
Binjai Barat Hub, 98.442344, 3.606955
Ampek Angkek Hub, 100.436582, -0.288272
Pontianak Timur First Mile Hub, 109.367459, -0.039005
Pulung First Mile Hub, 111.621652, -7.87639
Pacitan First Mile Hub, 111.115861, -8.184917
Semin First Mile Hub, 110.732241, -7.841896
Air Putih Hub, 99.329757, 3.301893
Barumun Hub, 99.767282, 1.050692
Bagan Sinembah First Mile Hub, 100.415827, 1.690804
Tapung Hilir First Mile Hub, 101.118289, 0.722979
Kutoarjo First Mile Hub, 109.886427, -7.726179
Ponorogo First Mile Hub, 111.464787, -7.848654
Tanjung Priok First Mile Hub, 106.865024, -6.1563
Pamekasan First Mile Hub, 113.471336, -7.198508
Jetis First Mile Hub, 110.318065, -7.976181
Kalapa Nunggal Hub, 106.65512, -6.80954
Dolok Batu Nanggar Hub, 99.147104, 3.119925
Percut Sei Tuan 2 Hub, 98.73043, 3.689523
Dolok Masihul Hub, 99.015063, 3.342802
Sukapura Hub, 113.057693, -7.82634
Buleleng First Mile Hub, 115.040911, -8.15253
Arjosari Hub, 111.15501, -8.124636
Rembang First Mile Hub, 111.369307, -6.720364
Sukabumi First Mile Hub, 106.912306, -6.942417
Sangir Hub, 101.247983, -1.54541
Natal Hub, 99.110953, 0.569288
Singingi First Mile Hub, 101.349811, -0.334028
Karangdadap First Mile Hub, 109.693752, -6.965712
Kalapa Nunggal First Mile Hub, 106.65512, -6.80954
Tanjung Karang Barat First Mile Hub, 105.243725, -5.401347
Rantau Selatan Hub, 99.854427, 2.076451
Soreang Parepare First Mile Hub, 119.637309, -3.99378
Sukapura First Mile Hub, 113.057693, -7.82634
Seririt First Mile Hub, 114.938994, -8.192327
Sepulu First Mile Hub, 112.967797, -6.897202
Wanayasa Hub, 109.748592, -7.251275
Banjarnegara First Mile Hub, 109.679479, -7.399289
Guguak Hub, 100.573506, -0.161453
Pangururan Hub, 98.693109, 2.687667
Salapian Hub, 98.300363, 3.485561
Pringsewu First Mile Hub, 104.978512, -5.351236
Bangkalan First Mile Hub, 112.781043, -7.058642
Selemadeg First Mile Hub, 115.034075, -8.49992
Pulung Hub, 111.621652, -7.87639
Pallangga First Mile Hub, 119.45416, -5.230941
Pematang Bandar Hub, 99.228211, 3.005749
Tempilang Hub, 105.669248, -2.077285
Cimahi Tengah Hub, 107.544521, -6.87107
Karangmalang Hub, 111.023689, -7.4491
Wanayasa First Mile Hub, 109.748592, -7.251275
Pangkah First Mile Hub, 109.158526, -6.98698
Lembah Melintang Hub, 99.567406, 0.255449
Padang Bolak Hub, 99.612463, 1.48768
Pesisir Tengah Hub, 103.937445, -5.177602
Tapung Hilir Hub, 101.206166, 0.802416
Blega First Mile Hub, 113.057553, -7.129457
Virtual Karawang DC, 107.317586, -6.37998
Virtual Cikarang Barat DC, 107.097996, -6.293023
Virtual Tapos DC, 106.861297, -6.411225
Jambi 2 DC, 103.632393, -1.642859
Karangjati Hub, 111.566142, -7.447147
Ngadirojo Hub, 111.328144, -8.207388
Kosambi 3 First Mile Hub, 106.681769, -6.078198
Metro Barat First Mile Hub, 105.297996, -5.134806
Dumai Timur Hub, 101.455313, 1.663848
Suradadi Hub, 109.276958, -6.899107
Pasar Minggu Hub, 106.845833, -6.275
Sedan First Mile Hub, 111.559319, -6.777023
Tanjung Pinang Barat Hub, 104.46989, 0.91796
Jonggat Hub, 116.234752, -8.686617
Payakumbuh Timur Hub, 100.657592, -0.240465
Labuhan Badas Hub, 117.392143, -8.477294
Lembah Gumanti Hub, 100.781829, -1.081453
Sidoarjo 2 Hub, 112.734332, -7.458045
Jaya Baru Hub, 95.30225, 5.533111
Gerung Utara Hub, 116.115881, -8.686395
Palakka Hub, 120.268944, -4.515006
Kramat First Mile Hub, 109.189571, -6.894133
Kuantan Tengah First Mile Hub, 101.555308, -0.529138
Kuantan Tengah Hub, 101.558604, -0.531576
Keling Hub, 110.864085, -6.481064
Sukodadi Hub, 112.333543, -7.086549
Tanjung Brebes Hub, 108.859191, -6.875137
Pangalengan Hub, 107.577914, -7.179076
Wonocolo First Mile Hub, 112.731572, -7.338144
Wanasari Hub, 109.006555, -6.873753
Pangalengan First Mile Hub, 107.577914, -7.179076
Ngasem Hub, 111.760951, -7.289898
Cipadung Kulon Hub, 107.708389, -6.926333
Banuhampu Hub, 100.386692, -0.324055
Sedati Hub, 112.761146, -7.374145
Ngaglik First Mile Hub, 110.366377, -7.697291
Asembagus First Mile Hub, 114.190984, -7.751135
Blega Hub, 113.057553, -7.129457
Tegal First Mile Hub, 109.123736, -6.890209
Tengaran First Mile Hub, 110.516003, -7.408278
Tengaran Hub, 110.516003, -7.408278
Bagan Hulu Hub, 100.808194, 2.168361
Bagan Hulu First Mile Hub, 100.807373, 2.148482
Pontianak Barat First Mile Hub, 109.313928, -0.016477
Bekasi Timur 3 First Mile Hub, 106.987062, -6.299037
Magelang Tengah Hub, 110.214161, -7.481131
Moga First Mile Hub, 109.245439, -7.11104
Moga Hub, 109.245439, -7.11104
Tampan Hub, 101.379045, 0.405757
Magelang Tengah First Mile Hub, 110.214161, -7.481131
Bekasi Timur 3 Hub, 106.987062, -6.299037
Kroya Indramayu First Mile Hub, 108.061271, -6.501241
Pamanukan First Mile Hub, 107.80819, -6.286963
Indramayu First Mile Hub, 108.340695, -6.337283
Kalideres 4 First Mile Hub, 106.699902, -6.153236
Grabag Hub, 109.912242, -7.783729
Grabag First Mile Hub, 109.912242, -7.783729
Mandiraja Hub, 109.518778, -7.452889
Mandiraja First Mile Hub, 109.518778, -7.452889
Mantrijeron Hub, 110.355048, -7.823481
Mantrijeron First Mile Hub, 110.355048, -7.823481
Kradenan First Mile Hub, 111.133267, -7.126157
Nganjuk First Mile Hub, 111.918734, -7.612532
Batang First Mile Hub, 109.718722, -6.931297
Pakis Hub, 110.334381, -7.451994
Pakis First Mile Hub, 110.334381, -7.451994
Bandongan Hub, 110.1942, -7.467748
Bandongan First Mile Hub, 110.1942, -7.467748
Gondang First Mile Hub, 112.048806, -7.607806
Lumajang First Mile Hub, 113.217673, -8.12491
Singkawang First Mile Hub, 108.980858, 0.904191
Gesi Hub, 111.061812, -7.326619
Kota Agung Lahat Hub, 103.430511, -4.031522
Baturetno Hub, 110.956825, -7.944018
Puri Hub, 112.400787, -7.533908
Cibadak Hub, 106.794765, -6.894267
Kampak First Mile Hub, 111.694811, -8.143523
Magetan First Mile Hub, 111.315376, -7.649875
Adipala First Mile Hub, 109.135432, -7.65727
Gapura Hub, 113.982992, -7.003952
Driyorejo Hub, 112.632297, -7.362699
Krian First Mile Hub, 112.554628, -7.416987
Kedopok First Mile Hub, 113.221915, -7.750092
Baturetno First Mile Hub, 110.956825, -7.944018
Puri First Mile Hub, 112.400787, -7.533908
Mojowarno Jombang Hub, 112.295588, -7.643167
Mojowarno Jombang First Mile Hub, 112.295588, -7.643167
Prembun Hub, 109.796413, -7.713027
Prembun First Mile Hub, 109.796321, -7.71314
Ujung Batu Hub, 100.534085, 0.709547
Ujung Batu First Mile Hub, 100.534085, 0.709547
Purwoharjo Hub, 114.223145, -8.484557
Bogor Tengah Hub, 106.787954, -6.584515
Simpang Empat Hub, 99.707778, 2.916389
Rao Hub, 100.028268, 0.538705
Ngawi DC, 111.589967, -7.447646
Cirebon DC, 108.492765, -6.704469
Rancaekek DC, 107.808539, -6.96296
Larangan First Mile Hub, 109.005933, -6.959167
Blora First Mile Hub, 111.408492, -6.977281
Petanahan First Mile Hub, 109.588934, -7.74777
Widasari First Mile Hub, 108.297071, -6.49555
Besuki First Mile Hub, 113.69657, -7.732784
Sukowono First Mile Hub, 113.831792, -8.056511
Penjaringan 8 First Mile Hub, 106.733179, -6.122695
Pasar Kemis 2 First Mile Hub, 106.536615, -6.161112
Kosambi 4 First Mile Hub, 106.676036, -6.095431
Sukoharjo DC, 110.805496, -7.586602
Benowo 3 DC, 112.653268, -7.200698
Banjarmasin 2 DC, 114.677491, -3.447214
Semarang 5 DC, 110.34597, -7.017135
Medan DC, 98.762442, 3.526575
Virtual Banyumas DC, 109.280522, -7.450453
Pekanbaru 2 DC, 101.407163, 0.59781
Bandung Kopo DC, 107.587282, -6.960373
Berbah DC, 110.446271, -7.803702
Virtual Surabaya DC, 112.66128, -7.223134
Tapos DC, 106.861297, -6.411225
Bumiayu First Mile Hub, 108.97341, -7.260758
Brebes First Mile Hub, 109.059452, -6.875918
Mengwi First Mile Hub, 115.192927, -8.60365
Sumowono First Mile Hub, 110.322619, -7.232624
Sumowono Hub, 110.322619, -7.232624
Abang Hub, 115.613828, -8.333641
Balonggede First Mile Hub, 107.610372, -6.93157
Balonggede Hub, 107.610372, -6.93157
Gebog First Mile Hub, 110.829299, -6.77501
Senen Hub, 106.840528, -6.180083
Kajen Hub, 109.582349, -7.025721
Kajen First Mile Hub, 109.582349, -7.025721
Banyu Anyar First Mile Hub, 113.306215, -7.858897
Kalideres 2 First Mile Hub, 106.717924, -6.145404
Neglasari 3 First Mile Hub, 106.626229, -6.134514
Tambakrejo First Mile Hub, 112.777445, -7.359729
Tanjung Priok 6 First Mile Hub, 106.880542, -6.133492
Cisarua Bogor Hub, 106.87382, -6.654151
Coblong Hub, 107.617119, -6.876991
Coblong First Mile Hub, 107.617119, -6.876991
Tulis Hub, 109.769067, -6.932623
Tulis First Mile Hub, 109.769067, -6.932623
Sokobanah Hub, 113.440384, -6.891725
Gebog Hub, 110.829299, -6.77501
Cengkareng 5 First Mile Hub, 106.764793, -6.143812
Cicalengka First Mile Hub, 107.855861, -7.000565
Cisalak First Mile Hub, 107.758978, -6.711622
Cisalak Hub, 107.758978, -6.711622
Pasar Rebo First Mile Hub, 106.856242, -6.296042
Pasar Rebo Hub, 106.856242, -6.296042
Lhoksukon Hub, 97.328224, 5.04405
Driyorejo First Mile Hub, 112.632297, -7.362699
Bogor Barat First Mile Hub, 106.75486, -6.56877
Loceret Hub, 111.894028, -7.64725
Loceret First Mile Hub, 111.894028, -7.64725
Virtual Kosambi DC, 106.67412, -6.097843
Pondokgede Hub, 106.940379, -6.289086
Pondokgede First Mile Hub, 106.926994, -6.287413
Purwoharjo First Mile Hub, 114.220461, -8.484495
Ambulu First Mile Hub, 113.607649, -8.337795
Cileungsi First Mile Hub, 106.988164, -6.385783
Penjaringan 4 First Mile Hub, 106.787914, -6.12918
Cakung 3 First Mile Hub, 106.917828, -6.20086
Tegal 2 DC, 109.16586, -6.860362
Margaasih First Mile Hub, 107.564458, -6.955903
Seberang Ulu I Hub, 104.772863, -3.013662
Mojoroto First Mile Hub, 111.984167, -7.827594
Kebon Jeruk 2 First Mile Hub, 106.765377, -6.162513
Tarumajaya Hub, 106.991499, -6.134777
Tarumajaya First Mile Hub, 106.991499, -6.134777
Pagaden Hub, 107.809298, -6.48821
Pagaden First Mile Hub, 107.809298, -6.48821
Kebon Jeruk 4 First Mile Hub, 106.774781, -6.16331
Cengkareng 2 First Mile Hub, 106.747849, -6.152568
Kuranji Hub, 100.397463, -0.912577
Depok DC, 106.861297, -6.411225
Dempet Hub, 110.711574, -6.968586
Penjaringan 2 First Mile Hub, 106.722016, -6.109815
Gambir 2 First Mile Hub, 106.823607, -6.162383
Pulomerak Hub, 105.999782, -5.958847
Adipala Hub, 109.135432, -7.65727
Cibeureum First Mile Hub, 108.240117, -7.337844
Cikarang Utara First Mile Hub, 107.14672, -6.269583
Tamansari Bogor First Mile Hub, 106.769564, -6.643756
Sawah Besar 2 Hub, 106.834092, -6.16161
Sawah Besar 2 First Mile Hub, 106.834086, -6.161975
Virtual LM Panakkukang Hub, 119.438378, -5.143109
WH Airport Banjarmasin, 114.764337, -3.437931
WH Lion Parcel Banjarmasin, 114.624039, -3.351922
WH Lion Parcel Jabo, 106.690956, -6.166878
Teluknaga First Mile Hub, 106.653879, -6.071793
Benowo Hub, 112.620333, -7.23903
Larangan Kota Tangerang First Mile Hub, 106.746895, -6.241553
Anyar Hub, 105.924269, -6.049503
Boja First Mile Hub, 110.268725, -7.10562
Banjarmasin First Mile Hub, 114.640196, -3.367233
Balong First Mile Hub, 111.434016, -7.966538
Blimbing First Mile Hub, 112.649709, -7.937525
Cipayung Jakarta Timur 2 Hub, 106.891846, -6.290121
Gabek Hub, 106.109099, -2.1038
Jambi Timur Hub, 103.645249, -1.604213
Sukorejo Kendal First Mile Hub, 110.033556, -7.0845
Magelang First Mile Hub, 110.24412, -7.396411
Blitar First Mile Hub, 112.187291, -8.089216
Singosari Hub, 112.662544, -7.900595
Singosari First Mile Hub, 112.662544, -7.900595
Wonoasri First Mile Hub, 111.646007, -7.548514
Weleri First Mile Hub, 110.090232, -6.94895
Ngawi First Mile Hub, 111.411688, -7.402836
Madiun First Mile Hub, 111.533846, -7.618918
Kendal First Mile Hub, 110.172785, -6.923835
Gunungpati First Mile Hub, 110.394644, -7.056063
Kaliwungu First Mile Hub, 110.262991, -6.963011
Gunungpati Hub, 110.394644, -7.056063
Telagasari Hub, 107.394129, -6.267224
Sidomulyo Hub, 105.522068, -5.620878
Jrengik Hub, 113.194337, -7.150843
Gedong Tataan Hub, 105.087051, -5.375165
Cipeucang Hub, 106.001448, -6.389078
Ciasem First Mile Hub, 107.671499, -6.335338
Gunungpuyuh Hub, 106.942872, -6.926047
Gunungpuyuh First Mile Hub, 106.942872, -6.926047
Candipuro First Mile Hub, 113.137873, -8.226669
Sungai Pinang Hub, 117.156846, -0.478425
Semanding Hub, 112.073681, -6.909376
Semanding First Mile Hub, 112.073681, -6.909376
Telanaipura First Mile Hub, 103.571956, -1.589912
Kota Baru First Mile Hub, 103.60135, -1.646299
Jambi First Mile Hub, 103.640028, -1.622056
Cilegon First Mile Hub, 106.055199, -6.022807
Bengkong Hub, 104.032139, 1.129068
Cengkareng DC, 106.70264, -6.152381
Kejayan Hub, 112.902859, -7.701244
Bangkalan Kota Hub, 112.761063, -7.043367
Purwokerto Timur Hub, 109.256489, -7.421644
Bukit Intan Hub, 106.146776, -2.164532
Ciputat 2 Hub, 106.725694, -6.303694
Ketahun Hub, 101.848204, -3.358744
Bojongsoang Hub, 107.652816, -6.987807
Jatiwangi First Mile Hub, 108.270334, -6.774291
Mejayan Hub, 111.657811, -7.539594
Jatiwangi Hub, 108.270334, -6.774291
Cibarusah Hub, 107.100441, -6.422232
Payung Sekaki Hub, 101.405383, 0.516868
Sukmajaya 4 Hub, 106.849067, -6.405301
Ampelgading Hub, 109.497368, -6.900791
Indihiang First Mile Hub, 108.19892, -7.314291
Cisurupan First Mile Hub, 107.793587, -7.313586
Cilimus First Mile Hub, 108.507397, -6.849676
Subang First Mile Hub, 107.757184, -6.55395
Selaawi First Mile Hub, 108.021004, -7.005925
Samarang First Mile Hub, 107.81394, -7.22274
Purwakarta First Mile Hub, 107.438324, -6.534577
Majalengka First Mile Hub, 108.208782, -6.750927
Kota Banjar First Mile Hub, 108.541829, -7.379817
Kawali First Mile Hub, 108.37633, -7.189446
Kab. Garut First Mile Hub, 107.899273, -7.073512
Ciamis First Mile Hub, 108.341302, -7.326472
Yogyakarta DC, 110.373697, -7.82977
Kuala Hub, 96.287649, 4.103469
Cinta Damai Hub, 98.574256, 3.591875
Pangkalan Koto Hub, 100.744272, 0.072719
Warunggunung Hub, 106.177306, -6.340667
Semarang Tengah Hub, 110.414008, -6.975985
Arjawinangun First Mile Hub, 108.386966, -6.63229
Arjawinangun Hub, 108.386966, -6.63229
Meureudu Hub, 96.241722, 5.235917
Larangan Kota Tangerang 2 Hub, 106.72383, -6.229366
Koto Baru Hub, 101.718682, -1.127429
Wih Pesam Hub, 96.807558, 4.720711
Manggala Hub, 119.494637, -5.159733
Kendangsari Hub, 112.748237, -7.319152
Kendangsari First Mile Hub, 112.748237, -7.319152
Wonogiri First Mile Hub, 110.922316, -7.806385
Temanggung First Mile Hub, 110.198518, -7.334939
Salatiga First Mile Hub, 110.506153, -7.3548
Purwodadi First Mile Hub, 110.904228, -7.091446
Gubug First Mile Hub, 110.6641, -7.055887
Demak First Mile Hub, 110.611852, -6.914015
Banyuputih First Mile Hub, 109.928751, -6.973631
Bandar First Mile Hub, 109.829056, -7.064389
Tamalate First Mile Hub, 119.412334, -5.179054
Tallo First Mile Hub, 119.440261, -5.108571
Buaran First Mile Hub, 109.641022, -6.938682
Wonosobo First Mile Hub, 109.906697, -7.347657
Purwantoro First Mile Hub, 111.263389, -7.838222
Ngadirejo First Mile Hub, 110.070306, -7.23425
Kebumen First Mile Hub, 109.670452, -7.683116
Kalikajar First Mile Hub, 109.955083, -7.396972
Palembang First Mile Hub, 104.767164, -2.938968
Sukorejo Kendal Hub, 110.033556, -7.0845
Sukolilo Hub, 112.76256, -7.300825
Pasar Kemis First Mile Hub, 106.556041, -6.178503
Pasar Kemis Hub, 106.556041, -6.178503
Muara Tembesi Hub, 103.134127, -1.721568
Kaur Selatan Hub, 103.354128, -4.795216
Kemuning Hub, 104.756376, -2.959496
Depok Hub, 110.399969, -7.752832
Siantar Selatan Hub, 99.061255, 2.946636
Kabanjahe Hub, 98.508556, 3.138861
Sumbersari Hub, 113.694874, -8.207591
Ampenan Hub, 116.096042, -8.579825
Sungai Bahar Hub, 103.416518, -1.964613
Penebel Hub, 115.143278, -8.432167
Selemadeg Hub, 115.034075, -8.49992
Plampang Hub, 117.789884, -8.794622
Kuta Utara Hub, 115.172444, -8.63675
Binuang Hub, 115.078508, -3.126775
Batukliang Hub, 116.316854, -8.61684
Kopang Hub, 116.345126, -8.663308
Mendoyo Hub, 114.768402, -8.400455
Aikmel Hub, 116.537704, -8.57236
Kubutambahan Hub, 115.192811, -8.074223
Sekupang Hub, 103.957927, 1.106469
Bebesen Hub, 96.834549, 4.637131
Ipuh Hub, 101.491833, -3.008632
Argamakmur Hub, 102.204755, -3.431733
Wiradesa Hub, 109.631812, -6.890516
Wiradesa First Mile Hub, 109.631812, -6.890516
Depok 2 First Mile Hub, 110.464964, -7.760445
Depok 2 Hub, 110.464964, -7.760445
Purwasari Hub, 107.400696, -6.386663
MH 1 Jagong Jeget Hub, 96.953464, 4.465796
Laweyan First Mile Hub, 110.749048, -7.559409
Cibabat First Mile Hub, 107.576853, -6.808908
Cibabat Hub, 107.576853, -6.808908
Martapura Kalimantan Hub, 114.886476, -3.436868
Samarinda Seberang Hub, 117.14999, -0.526595
Banjarmasin Timur Hub, 114.629057, -3.342386
Mantikulore Hub, 119.883865, -0.824503
Poasia Hub, 122.546946, -4.013812
Sirimau Hub, 128.205046, -3.68138
Ternate Selatan Hub, 127.366968, 0.773504
Panakkukang Hub, 119.427578, -5.137903
Balikpapan Timur Hub, 116.977266, -1.207516
Banjarmasin Selatan Hub, 114.59711, -3.351562
Dungingi Hub, 123.041905, 0.571022
Abiansemal Hub, 115.2108, -8.541349
Tampak Siring Hub, 115.3089, -8.443353
Payangan Hub, 115.243103, -8.453671
Denpasar Timur Hub, 115.248778, -8.635025
Pontianak Barat Hub, 109.320489, -0.013613
Uluwatu Hub, 115.171694, -8.775139
Malalayang Hub, 124.799471, 1.459827
Pitumpanua Hub, 120.323709, -3.822063
Kebomas Hub, 112.609695, -7.166378
MH 1 Toili 2 Hub (INACTIVE), 122.529096, -1.302494
Tanah Abang 3 Hub, 106.805422, -6.20289
Purabaya Hub, 106.880019, -7.105024
Ciawi Bogor Hub, 106.825861, -6.708696
Taktakan Hub, 106.133426, -6.097375
Pakis Malang Hub, 112.706225, -7.954698
Babelan 2 Hub, 107.041434, -6.16438
Jakarta Return DC, 106.891023, -6.138366
Setiabudi Hub, 106.849964, -6.233961
Pademangan Hub, 106.814393, -6.127304
Denpasar Selatan Hub, 115.207397, -8.715751
Cikarang Selatan 2 Hub, 107.109399, -6.347001
Pedurungan First Mile Hub, 110.478166, -7.012794
Inventory Warehouse, 106.880653, -6.143564
Ngoro Hub, 112.237887, -7.644879
Ngunut Hub, 112.033754, -8.10559
Bukit Raya Hub, 101.462211, 0.502137
Kebon Jeruk 6 Hub, 106.768886, -6.187505
Ciledug Kota Tangerang 2 Hub, 106.716151, -6.227811
Kalikajar Hub, 109.955083, -7.396972
Cilimus Hub, 108.507397, -6.849676
Ngrambe Hub, 111.188982, -7.515842
Kauman Hub, 111.871161, -8.063135
Kayen Hub, 110.993339, -6.880615
Penjaringan 3 First Mile Hub, 106.788876, -6.13917
Gianyar First Mile Hub, 115.310792, -8.548082
Paciran First Mile Hub, 112.332527, -6.868261
Matesih Hub, 111.054348, -7.654105
Salatiga Hub, 110.506153, -7.3548
Pakel Hub, 111.786609, -8.185578
Jatiasih 3 Hub, 106.96953, -6.296083
Candipuro Hub, 113.137873, -8.226669
Ciledug Kulon Hub, 108.749038, -6.894584
Matraman First Mile Hub, 106.866506, -6.193756
Balapulang Hub, 109.086932, -7.079525
Sugihwaras Hub, 111.954133, -7.288235
Kroya Indramayu Hub, 108.061271, -6.501241
Ciwidey Hub, 107.451823, -7.103459
Makasar First Mile Hub, 106.909234, -6.252704
Pademangan 2 First Mile Hub, 106.845738, -6.129736
Tambaksari First Mile Hub, 112.780097, -7.248725
Jatirogo Hub, 111.644014, -6.874771
Jogonalan Hub, 110.555843, -7.724307
Batu Hub, 112.536813, -7.881085
Sindangkerta Hub, 107.413123, -6.988692
Telukjambe Timur Hub, 107.292141, -6.318043
Kebon Jeruk First Mile Hub, 106.766826, -6.180398
Lakarsantri First Mile Hub, 112.650539, -7.322136
Tanah Abang 3 First Mile Hub, 106.807906, -6.201118
Sukmajaya First Mile Hub, 106.842143, -6.381722
Gunung Putri Hub, 106.908078, -6.451211
Gunung Putri First Mile Hub, 106.908078, -6.451211
Medan Helvetia First Mile Hub, 98.614155, 3.595961
Curug Tangerang First Mile Hub, 106.580607, -6.241411
Curug Tangerang Hub, 106.560784, -6.242214
Babakan Ciparay First Mile Hub, 107.605095, -6.948231
Bekasi Utara 2 First Mile Hub, 107.025378, -6.221593
Tambun Selatan First Mile Hub, 107.045255, -6.259391
Tangerang 2 First Mile Hub, 106.655959, -6.166237
Ciasem Hub, 107.671499, -6.335338
Balong Hub, 111.434033, -7.966824
Ngimbang Hub, 112.221078, -7.287326
Waru Hub, 113.546284, -6.951003
Pagedangan Hub, 106.611528, -6.305177
Rangkah Kidul Hub, 112.711778, -7.487662
Parakan Salak Hub, 106.732143, -6.821461
Petanahan Hub, 109.588934, -7.74777
Sepulu Hub, 112.967797, -6.897202
Ngadirejo Hub, 110.070306, -7.23425
Kabuh Hub, 112.215547, -7.401412
Jetis Hub, 112.431417, -7.422
Geger Hub, 111.530156, -7.725717
Ujung Berung First Mile Hub, 107.709182, -6.924549
Banjaran Hub, 107.566623, -7.05813
Banjaran First Mile Hub, 107.56573, -7.058215
Ilir Barat I Hub, 104.721059, -2.999072
Banjarsari Solo Hub, 110.817374, -7.547758
Panyileukan Hub, 107.707308, -6.940088
Cipayung Kota Depok Hub, 106.803497, -6.446303
Tawang Hub, 108.233843, -7.330726
Dayeuhkolot Hub, 107.586308, -6.971654
Medan Marelan Hub, 98.652878, 3.702381
Tegallalang Hub, 115.271568, -8.531226
Mangunreja Hub, 108.060132, -7.375616
Cibeunying Kidul First Mile Hub, 107.636617, -6.914397
Cibeunying Kidul Hub, 107.636606, -6.914323
Juwana Hub, 111.147465, -6.712509
Cirebon First Mile Hub, 108.544568, -6.678436
Tanjung Karang Barat Hub, 105.238895, -5.396816
Medan Area Hub, 98.685858, 3.580279
Telanaipura Hub, 103.571956, -1.589912
Kedamaian Hub, 105.281225, -5.410768
Sumber Hub, 108.49865, -6.747961
Mauk Hub, 106.522286, -6.058663
Tasikmalaya DC, 108.188431, -7.290029
Pedurungan Hub, 110.47789, -7.013074
Ngaliyan Hub, 110.337904, -7.00805
Margaasih Hub, 107.534618, -6.953424
Neglasari Hub, 106.629057, -6.135173
Lembang Hub, 107.64511, -6.827627
Cikarang Barat Hub, 107.132651, -6.266398
Benowo First Mile Hub, 112.620333, -7.23903
Ciruas Hub, 106.242139, -6.12625
Cempaka Putih Hub, 106.859249, -6.193758
Karangampel Hub, 108.460756, -6.477998
Jebres First Mile Hub, 110.836201, -7.561954
Bekasi Timur 2 Hub, 107.025664, -6.231997
Seririt Hub, 114.9209, -8.193389
Banyumas DC, 109.276621, -7.449943
Rangkah Kidul First Mile Hub, 112.741772, -7.458607
Cakung 2 Hub, 106.934441, -6.206229
Bubutan Hub, 112.722437, -7.248462
Jember DC, 113.68321, -8.213051
Kebon Jeruk 3 Hub, 106.782686, -6.204998
Lowokwaru Hub, 112.631063, -7.939289
Cimahi Tengah 2 First Mile Hub, 107.555481, -6.888576
Bekasi Utara Hub, 107.003659, -6.20479
Malang DC, 112.722779, -7.954597
Gedangan First Mile Hub, 112.750257, -7.393874
Makassar First Mile Hub, 119.502771, -5.103248
Ciomas Hub, 106.779333, -6.629056
Kawalu First Mile Hub, 108.205778, -7.363889
Dayeuhkolot First Mile Hub, 107.595444, -6.977667
Ciputat Timur Hub, 106.747761, -6.295922
Leuwisadeng 2 Hub, 106.55692, -6.56322
Sukaraja Hub, 106.830406, -6.527302
Ngamprah First Mile Hub, 107.509144, -6.863201
Ngamprah Hub, 107.509144, -6.863201
Surade Hub, 106.550421, -7.354765
Tigaraksa 2 Hub, 106.47659, -6.2612
Pedan Hub, 110.698197, -7.703779
Krembangan First Mile Hub, 112.710831, -7.230366
Buahbatu 2 First Mile Hub, 107.641993, -6.948297
Babelan First Mile Hub, 107.027997, -6.142857
Jonggol Hub, 107.056581, -6.442914
Purwakarta Kota Cilegon Hub, 106.062452, -5.986737
Solokan Jeruk First Mile Hub, 107.75152, -7.03137
Gresik First Mile Hub, 112.507299, -7.222114
Tanjung Hub, 115.389427, -2.142907
Setu Bekasi Hub, 107.030502, -6.350676
Medan Selayang Hub, 98.622485, 3.539434
Tembalang Hub, 110.455071, -7.017805
Sangatta Hub, 117.519511, 0.50169
Menes Hub, 105.921322, -6.388005
Padang Panjang Hub, 100.395905, -0.46288
Cipatat Hub, 107.394632, -6.821156
Beji Kota Depok Hub, 106.81359, -6.377106
Gunung Sindur Hub, 106.724613, -6.399131
Bantaeng Hub, 119.94966, -5.548375
Tamalate Hub, 119.412334, -5.179054
Batam First Mile Hub, 104.060033, 1.111428
Indihiang Hub, 108.19892, -7.314291
Tembilahan Hub, 103.141962, -0.309742
Lembang First Mile Hub, 107.64511, -6.827627
Benda First Mile Hub, 106.673856, -6.146522
Mulyorejo First Mile Hub, 112.776794, -7.258669
Mulyorejo Hub, 112.776794, -7.258669
Cilandak 2 First Mile Hub, 106.775113, -6.299415
Cilandak Hub, 106.792468, -6.294805
Grogol Petamburan First Mile Hub, 106.780145, -6.178503
Negara Hub, 114.620291, -8.363243
Krembangan Hub, 112.710831, -7.230366
Bengkalis Hub, 102.127923, 1.469741
Maritengngae Hub, 119.768561, -3.93458
Mengwi Badung Hub, 115.192927, -8.60365
Tualang Hub, 101.589184, 0.670447
Tallo Hub, 119.440261, -5.108571
Babakan Madang Hub, 106.855208, -6.560277
Ciampea First Mile Hub, 106.689573, -6.572034
Kalideres 3 First Mile Hub, 106.691546, -6.135331
Kedung Waringin Hub, 107.226378, -6.265786
Harjamukti Hub, 108.574183, -6.741665
Banjarmasin Tengah Hub, 114.589381, -3.330973
Sukajadi Hub, 107.581698, -6.883275
Koto Tangah Hub, 100.336918, -0.828775
Seberang Ulu II Hub, 104.790414, -2.989876
Pacet Bandung Hub, 107.706552, -7.094744
Ungaran First Mile Hub, 110.404278, -7.138722
Ungaran Hub, 110.404278, -7.138722
Percut Sei Tuan Hub, 98.761448, 3.607085
Sukaraja Sukabumi Hub, 106.982429, -6.90684
Tanjung Redeb Hub, 117.487387, 2.133222
Gorontalo Hub, 123.082834, 0.564
Setu Kota Tangerang Selatan 2 Hub, 106.681889, -6.347668
Bogor Barat 2 Hub, 106.750242, -6.557084
Tanete Riattang Hub, 120.32625, -4.545213
Balikpapan Kota Hub, 116.829771, -1.273942
Langsa Kota Hub, 97.956103, 4.501932
Paseh First Mile Hub, 107.952609, -6.81426
Paseh Hub, 107.952609, -6.81426
Sukamulya Hub, 106.425963, -6.158681
Pangkalan Kuras Hub, 102.067071, 0.147843
Pangkalan Kerinci Hub, 101.850259, 0.391825
Kintamani Hub, 115.325873, -8.24232
Oebobo Hub, 123.60277, -10.167028
Karang Baru Hub, 98.050099, 4.290395
Godean Hub, 110.293636, -7.767659
Tanjung Senang Hub, 105.293093, -5.349582
Haurgeulis Hub, 107.946159, -6.44038
Tarakan Barat Hub, 117.583317, 3.323962
Ternate Hub, 127.385185, 0.781544
Jebus Hub, 105.507035, -1.667759
Sape Hub, 119.010132, -8.57813
Sukun Hub, 112.619788, -8.001015
Jorong Hub, 114.951862, -3.973365
Tempel Hub, 110.319829, -7.658752
Singingi Hub, 101.349811, -0.334028
Batam DC, 104.033696, 1.108949
Aceh DC, 95.270377, 5.525917
Rambah Hub, 100.316386, 0.887876
Siak Hub, 102.038768, 0.812859
Tanjung Jabung Timur Hub, 103.796212, -1.213271
Tebo Tengah Hub, 102.428455, -1.463315
Silungkang Hub, 100.7979, -0.70977
Kasongan Hub, 113.434472, -1.897256
Arut Selatan Hub, 111.621333, -2.697183
Muara Teweh Hub, 114.902229, -0.947929
Tenggarong Hub, 116.999227, -0.451235
Bengkulu DC, 102.327808, -3.843779
Malingping Hub, 106.017944, -6.785877
Bangkinang Hub, 101.032609, 0.295143
Bagan Sinembah Hub, 100.422274, 1.684361
Mandau Hub, 101.181333, 1.24825
Dumai Hub, 101.409037, 1.677064
Kebayoran Baru First Mile Hub, 106.79783, -6.262436
Kebayoran Baru Hub, 106.789382, -6.257104
Palangka Raya DC, 113.947093, -2.275679
Pariaman Hub, 100.128497, -0.638039
Lubuk Basung Hub, 100.018181, -0.320385
Lima Kaum Hub, 100.58426, -0.445624
Ngaglik Hub, 110.366377, -7.697291
Cengkareng 6 First Mile Hub, 106.76581, -6.15435
Cengkareng 3 Hub, 106.729897, -6.158149
Samarinda Utara Hub, 117.151184, -0.439319
Kota Argamakmur Hub, 102.199161, -3.433161
Bayah Hub, 106.230322, -6.925241
Kota Sigli Hub, 95.962314, 5.355071
Solokan Jeruk Hub, 107.746047, -7.02668
Pelabuhan Ratu First Mile Hub, 106.557745, -7.000238
Kawalu Hub, 108.214385, -7.368543
Pelabuhan Ratu Hub, 106.559813, -7.009287
Lubuk Baja Hub, 104.01893, 1.148791
Masamba Hub, 120.311858, -2.554567
Tanjung Jabung Barat Hub, 103.455835, -0.827332
Rantepao Hub, 119.91211, -2.965916
Tebing Tinggi Jambi Hub, 103.083685, -1.018326
Sarolangun Hub, 102.73339, -2.295789
Rimbo Bujang Hub, 102.130413, -1.271799
Serang First Mile Hub, 106.178039, -6.107889
Solo DC, 110.711806, -7.540407
Baguala Hub, 128.221049, -3.628572
Tarutung Hub, 98.977626, 2.022242
Cipayung Jakarta Timur Hub, 106.900582, -6.315972
Marabahan Hub, 114.771154, -2.98413
Umbulharjo Hub, 110.390329, -7.832615
Pelaihari Hub, 114.770484, -3.799248
Sragen First Mile Hub, 110.979995, -7.442161
Karawang Barat First Mile Hub, 107.287085, -6.276175
Jombang First Mile Hub, 112.291339, -7.548116
Cisaat First Mile Hub, 106.895809, -6.912158
Sentolo Hub, 110.195191, -7.925908
Parengan First Mile Hub, 111.850121, -7.085251
Parung Kuda First Mile Hub, 106.77315, -6.813206
Pakem Hub, 110.417654, -7.670763
Semin Hub, 110.732241, -7.841896
Nanggulan Hub, 110.221722, -7.722278
Wonosari Hub, 110.59042, -7.974178
Gerung Hub, 116.130248, -8.656495
Pujut Hub, 116.296623, -8.82526
Taliwang Hub, 116.830841, -8.748914
Praya Hub, 116.279248, -8.689352
Dompu Hub, 118.455598, -8.5311
Sungai Penuh Hub, 101.386534, -2.067677
Muara Bulian Hub, 103.271496, -1.703072
Palibelo Hub, 118.694984, -8.55014
Sumbawa Hub, 117.433506, -8.498464
Mataram DC, 116.125107, -8.632521
Kelumpang Hulu Hub, 115.983258, -3.050826
Pasar Muara Bungo Hub, 102.1231, -1.464099
Bangko Hub, 102.276306, -2.040038
Jambi DC, 103.624539, -1.685195
Belinyu Hub, 105.761234, -1.631138
Cilodong Hub, 106.842982, -6.438759
Parung Kuda Hub, 106.76864, -6.813982
Balikpapan Utara Hub, 116.868609, -1.207904
Selat Hub, 114.410856, -2.970561
Banjarmasin Utara First Mile Hub, 114.60002, -3.303305
Baamang Hub, 112.949563, -2.517848
Kota Juang Hub, 96.716158, 5.206667
Johan Pahlawan Hub, 96.117861, 4.167583
Idi Rayeuk Hub, 97.761806, 4.958694
Karimun Hub, 103.424051, 0.99867
Rengat Hub, 102.532955, -0.36954
Tanah Grogot Hub, 116.200697, -1.897671
Utan Hub, 117.134031, -8.413472
Binamu Hub, 119.773784, -5.669549
Banjarmasin Utara Hub, 114.60002, -3.303305
Belopa Hub, 120.357328, -3.373926
Pallangga Hub, 119.45416, -5.230941
Watang Sawitto Hub, 119.644308, -3.793772
Perbaungan Hub, 99.005974, 3.565955
Babalan Hub, 98.305515, 4.002677
Klari Hub, 107.352404, -6.359903
Klungkung Hub, 115.405505, -8.542651
Bangli Hub, 115.363543, -8.444899
Pangkajene Hub, 119.553407, -4.84145
Panyabungan Hub, 99.571943, 0.843393
Makale Utara Hub, 119.870934, -3.044075
Kuta Hub, 115.181366, -8.717137
Kuta First Mile Hub, 115.181366, -8.717137
Painan Hub, 100.583241, -1.352209
Wonodadi Hub, 112.011867, -8.047593
Pasuruan Hub, 112.895348, -7.643316
Barabai Hub, 115.372416, -2.57663
Payakumbuh Hub, 100.610364, -0.251933
Kandangan Hub, 115.276415, -2.791865
Kandat Hub, 112.02707, -7.95815
Banda Sakti Hub, 97.14443, 5.179564
Batu Aji Hub, 103.981472, 1.040417
Tabanan Hub, 115.111036, -8.552241
Mukomuko Hub, 101.100348, -2.553155
Narmada Hub, 116.205806, -8.593306
Mpunda Hub, 118.737668, -8.459603
Banguntapan Hub, 110.402165, -7.800734
Koba Hub, 106.390927, -2.513974
Pahandut Hub, 113.939239, -2.231263
Bontang Hub, 117.479838, 0.132973
Karangasem Hub, 115.581564, -8.444995
Gianyar Hub, 115.310792, -8.548082
Kota Manna Hub, 102.920056, -4.458116
Kulon Progo Hub, 110.151722, -7.895444
Wara Hub, 120.209918, -3.021141
Kota Solok Hub, 100.664568, -0.801633
Ketapang Kalbar Hub, 109.958923, -1.825438
Padangan First Mile Hub, 111.612106, -7.162888
Padangan Hub, 111.612106, -7.162888
Muara Bangkahulu Hub, 102.265106, -3.758146
Kota Curup Hub, 102.51429, -3.472107
Soreang Parepare Hub, 119.637309, -3.99378
Manggar Hub, 108.263222, -2.870944
Tanjung Pandan Hub, 107.627177, -2.736718
Paringin Hub, 115.460166, -2.341725
Toboali Hub, 106.465975, -3.000402
Kelapa Hub, 105.671648, -1.875765
Kepahiang Hub, 102.565388, -3.635848
Putussibau Hub, 112.922738, 0.869546
Gondang Hub, 112.048806, -7.607806
Lalabata Hub, 119.902785, -4.362846
Barru Hub, 119.618176, -4.423655
Ujung Bulu Hub, 120.199053, -5.546286
Turikale Hub, 119.522336, -5.050447
Batubara Hub, 99.469903, 3.194484
Sukorejo Hub, 112.737642, -7.76209
Tempe Hub, 120.032995, -4.122617
Tapin Utara Hub, 115.157861, -2.947556
Satui Hub, 115.374067, -3.798977
Kusan Hilir Hub, 115.923135, -3.610303
Dolok Sanggul Hub, 98.723389, 2.257417
Sukadana Kalbar Hub, 109.964889, -1.239972
Mempawah Hub, 108.947253, 0.376803
Pekanbaru DC, 101.40439, 0.598655
Lubuk Sikaping Hub, 100.19288, 0.092891
Tapan Hub, 101.068337, -2.166963
Pontianak Utara Hub, 109.339048, -0.014434
Batulicin Hub, 115.995472, -3.422306
Mentok Hub, 105.182969, -2.045507
Lemahabang Cirebon Hub, 108.619692, -6.844842
Parengan Hub, 111.850094, -7.084987
Bukit Tinggi Hub, 100.374013, -0.288462
Sijunjung Hub, 100.961734, -0.676336
Amuntai Tengah Hub, 115.252312, -2.422724
Sintang Hub, 111.465882, 0.03855
Balige Hub, 99.060817, 2.333984
Kota Pinang Hub, 100.084404, 1.896903
Punjung Hub, 101.544048, -0.986381
Melawi Hub, 111.756186, -0.350435
Kawedanan Hub, 111.444571, -7.706793
Kambang Hub, 100.697354, -1.678072
Sunggal Hub, 98.566213, 3.599884
Banjarbaru Hub, 114.847352, -3.461071
Kandanghaur Hub, 108.113354, -6.372762
Tanjung Balai Hub, 99.77608, 2.949104
Rantau Utara Hub, 99.826743, 2.092042
Ganding Hub, 113.674741, -7.05507
Sekadau Hilir Hub, 110.896854, 0.016148
Dampit Hub, 112.75716, -8.211801
Sungai Liat Hub, 106.096444, -1.8685
Sandai Hub, 110.53376, -1.236645
Grogol Hub, 111.971098, -7.748335
Lubuk Alung Hub, 100.285664, -0.685057
Tayan Hilir Hub, 110.11142, -0.031506
Pandan Hub, 98.824938, 1.691108
Doro First Mile Hub, 109.690846, -7.019607
Bangorejo Hub, 114.1779, -8.478611
Pare First Mile Hub, 112.160416, -7.766613
Pare Hub, 112.160416, -7.766613
Mayong Hub, 110.73871, -6.75094
Pangkal Pinang DC, 106.142636, -2.103778
Kota Baru Kalsel Hub, 116.239472, -3.236694
Bengkayang Hub, 109.485616, 0.83116
Bandar Simalungun Hub, 99.314724, 3.158564
Berastagi Hub, 98.522433, 3.201143
Karangnunggal Hub, 108.132514, -7.633447
Pancur Batu Hub, 98.587, 3.503556
Binjai Hub, 98.486659, 3.637653
Banjarmasin DC, 114.677221, -3.447581
Tanjung Morawa Hub, 98.795034, 3.564745
Sidikalang Hub, 98.323421, 2.728358
Pasaman Hub, 99.838408, 0.116524
Padang DC, 100.397331, -0.974582
Tuban First Mile Hub, 112.046568, -6.882058
Sukoharjo First Mile Hub, 110.818975, -7.601977
Kota Kediri First Mile Hub, 112.057363, -7.830827
Bangil First Mile Hub, 112.691467, -7.586177
Kisaran Hub, 99.611904, 2.979223
Aek Kanopan Hub, 99.640416, 2.568481
Karanganyar First Mile Hub, 110.952776, -7.581882
Cikupa Hub, 106.511311, -6.230699
Bantargebang First Mile Hub, 106.984729, -6.332084
Sanggau Hub, 110.57378, 0.122781
Bantargebang Hub, 106.984729, -6.332084
Tebing Tinggi Sumut Hub, 99.152384, 3.337579
Ciampea 2 Hub, 106.708114, -6.575468
Stabat Hub, 98.45442, 3.758722
Kencong Hub, 113.379898, -8.28278
Genteng First Mile Hub, 114.140002, -8.365386
Lubuk Pakam Hub, 98.861894, 3.584283
Manonjaya Hub, 108.289857, -7.353044
Lemahabang Cirebon First Mile Hub, 108.619692, -6.844842
Luragung Hub, 108.580123, -6.999888
Doro Hub, 109.690846, -7.019607
Sungai Kakap Hub, 109.257939, -0.06148
Pekanbaru First Mile Hub, 101.393384, 0.490613
Pemangkat Hub, 108.986947, 1.175215
Kubu Raya Hub, 109.359597, -0.053994
Pontianak DC, 109.385609, -0.058303
Kampak Hub, 111.694811, -8.143523
Ciomas 2 First Mile Hub, 106.773423, -6.602284
Banyuwangi First Mile Hub, 114.308218, -8.296088
Ambarawa First Mile Hub, 110.40402, -7.277499
Sungai Pinyuh Hub, 109.073605, 0.273836
Gunung Sitoli Hub, 97.600887, 1.320127
Padang Sidempuan Hub, 99.255557, 1.389711
Pondokgede 2 First Mile Hub, 106.932489, -6.284306
Kedaton First Mile Hub, 105.278703, -5.393226
Ilir Timur First Mile Hub, 104.772444, -2.9075
Tanggul Hub, 113.460928, -8.165999
Sukowono Hub, 113.831792, -8.056511
Siantar Hub, 99.081951, 2.989741
Sambas Hub, 109.282239, 1.334545
Wonogiri Hub, 110.922316, -7.806385
Palimanan First Mile Hub, 108.422179, -6.706611
Tandes First Mile Hub, 112.689861, -7.253968
Pungging First Mile Hub, 112.560641, -7.520591
Padalarang First Mile Hub, 107.503689, -6.87447
Lamongan First Mile Hub, 112.412639, -7.112472
Kepanjen First Mile Hub, 112.592253, -8.078301
Purbalingga First Mile Hub, 109.351417, -7.37875
Garut Kota First Mile Hub, 107.916328, -7.206362
Cianjur First Mile Hub, 107.176667, -6.802528
Sumedang First Mile Hub, 107.918755, -6.829676
Singaparna First Mile Hub, 108.140238, -7.345377
Purwokerto First Mile Hub, 109.240563, -7.447659
Tanjungsari First Mile Hub, 107.793498, -6.917161
Kedawung First Mile Hub, 108.535413, -6.706938
Banjarsari Solo First Mile Hub, 110.817374, -7.547758
Jepara First Mile Hub, 110.706305, -6.594852
Tayu First Mile Hub, 111.052891, -6.544706
Pati First Mile Hub, 111.032234, -6.748109
Placeholder 17, 107.930351, -7.114687
Genteng Hub, 114.140002, -8.365386
Boyolali First Mile Hub, 110.624571, -7.551966
Tulungagung Hub, 111.912442, -8.040564
Selaawi Hub, 108.021004, -7.005925
Karawaci First Mile Hub, 106.617468, -6.20131
Karawaci Hub, 106.617468, -6.20131
Cibitung Bekasi First Mile Hub, 107.075204, -6.272465
Cibitung Bekasi Hub, 107.075204, -6.272465
Banyu Anyar Hub, 113.306215, -7.858897
Kraksaan Hub, 113.438125, -7.756764
Barat Hub, 111.443379, -7.601066
Rubaru Hub, 113.785759, -6.953787
Pancoran Mas First Mile Hub, 106.778789, -6.397729
Tulungagung First Mile Hub, 111.912442, -8.040564
Babat Hub, 112.192522, -7.100864
Plaosan Hub, 111.264288, -7.666296
Tungkal Jaya Hub, 103.93839, -2.364629
Klaten First Mile Hub, 110.635731, -7.686926
Gedung Aji Baru Hub, 105.486972, -4.188278
Pagak Hub, 112.497554, -8.296459
Jatinegara Jakarta Timur 2 Hub, 106.867944, -6.219082
Bojong Hub, 109.60825, -6.955167
Cisurupan Hub, 107.793587, -7.313586
Bungursari Hub, 107.480054, -6.479384
Magetan Hub, 111.315376, -7.649875
Bendosari First Mile Hub, 110.83983, -7.64889
Delanggu Hub, 110.658976, -7.669231
Delanggu First Mile Hub, 110.707454, -7.606767
Wonoasri Hub, 111.646007, -7.548514
Papar Hub, 112.07773, -7.700229
Pamanukan Hub, 107.80819, -6.286963
Pacitan Hub, 111.115861, -8.184917
Jalancagak Hub, 107.680024, -6.676601
Randudongkal Hub, 109.334479, -7.100051
Randudongkal First Mile Hub, 109.334479, -7.100051
Mojowarno Hub, 112.291339, -7.548116
Cikalongkulon Hub, 107.20663, -6.713649
Cikalongkulon First Mile Hub, 107.20878, -6.715387
Sukaluyu Hub, 107.229278, -6.80625
Sukatani Hub, 107.428029, -6.679049
Darmaraja Hub, 108.06752, -6.913756
Darmaraja First Mile Hub, 108.06752, -6.913756
Kalipucang Hub, 108.727694, -7.617
Ciseeng Hub, 106.679093, -6.448655
Kawali Hub, 108.37633, -7.189446
Banjarsari Hub, 108.621337, -7.491795
Ciawi Tasik Hub, 108.153136, -7.15906
Pulau Panggung Hub, 104.780264, -5.365465
Srono Hub, 114.281147, -8.410246
Kota Banjar Hub, 108.541829, -7.379817
Kesamben Hub, 112.382619, -8.139326
Pangandaran Hub, 108.663096, -7.682396
Ciawi Tasik First Mile Hub, 108.153136, -7.15906
Astana Anyar First Mile Hub, 107.605147, -6.948389
Jember First Mile Hub, 113.68215, -8.190504
Pungging Hub, 112.560641, -7.520591
Bondowoso Hub, 113.812828, -7.937333
Ketapang Sampang Hub, 113.268377, -6.895957
Asembagus Hub, 114.190984, -7.751135
Menganti Hub, 112.564637, -7.307128
Kikim Timur Hub, 103.372179, -3.698016
Besuki Hub, 113.69657, -7.732784
Panarukan Hub, 114.00666, -7.709959
Astana Anyar Hub, 107.605147, -6.948389
Payaraman Hub, 104.621608, -3.349131
Sampang Hub, 113.240353, -7.207868
Grati Hub, 112.972505, -7.696492
Nusaherang Hub, 108.445972, -7.004083
Garum Hub, 112.244757, -8.040322
Kedungkandang Hub, 112.637386, -8.118353
Gondanglegi Hub, 112.620691, -8.169695
Pondok Salam Hub, 107.483786, -6.600129
Mojoroto Hub, 111.984167, -7.827594
Sumenep Hub, 113.876373, -7.02094
Landak Hub, 109.951126, 0.395837
Kroya Hub, 109.249822, -7.621286
Comal First Mile Hub, 109.534253, -6.898131
Bobotsari Hub, 109.365375, -7.313202
Wates Hub, 112.108093, -7.900338
Purwadadi Hub, 107.689183, -6.469915
Karangploso Hub, 112.601228, -7.898057
Kersana Hub, 108.88852, -6.930929
Comal Hub, 109.534253, -6.898131
Banyuputih Hub, 109.928751, -6.973631
Wonosobo Hub, 109.906697, -7.347657
Widasari Hub, 108.297071, -6.49555
Tanjungsari Hub, 107.793498, -6.917161
Sukanagara Hub, 107.119725, -7.103992
Sedan Hub, 111.559319, -6.777023
Sidayu Hub, 112.55937, -6.961692
Sawangan Kota Depok Hub, 106.770515, -6.404691
Samarang Hub, 107.844682, -7.21467
Pakuan Ratu Hub, 104.703224, -4.533934
Pacet Hub, 107.042727, -6.703196
Ngawi Hub, 111.411688, -7.402836
Muntilan Hub, 110.287486, -7.58085
Kutoarjo Hub, 109.886427, -7.726179
Kroya First Mile Hub, 109.249822, -7.621286
Bandar Hub, 109.829056, -7.064389
Kaligondang Hub, 109.425598, -7.380555
Kradenan Hub, 111.133267, -7.126157
Karang Bahagia Hub, 107.159411, -6.231224
Kaligondang First Mile Hub, 109.480724, -7.404509
Gombong Hub, 109.540986, -7.610464
Ciawi Bogor 2 Hub, 106.857085, -6.659566
Bangsri Hub, 110.754398, -6.53111
Simo Hub, 110.678909, -7.450932
Batang Hub, 109.718722, -6.931297
Sidareja Hub, 108.801385, -7.485742
Boyolali Hub, 110.624565, -7.551961
Patikraja Hub, 109.21986, -7.487644
Mertoyudan Hub, 110.192421, -7.542418
Cilongok Hub, 109.171998, -7.414248
Sako Hub, 104.772453, -2.907554
Rembang Hub, 111.369307, -6.720364
Purworejo Hub, 110.026694, -7.725528
Majenang Hub, 108.771232, -7.300863
Kramat Hub, 109.189569, -6.893767
Bulakamba Hub, 108.931998, -6.873991
Cilaku Hub, 107.123967, -6.920016
Kaliwungu Hub, 110.262991, -6.963011
Cikijing Hub, 108.350597, -7.01036
Balongbendo Hub, 112.542371, -7.414092
Weleri Hub, 110.090232, -6.94895
Guntur Hub, 110.60614, -6.989276
Bantul First Mile Hub, 110.347621, -7.823137
Leuwimunding Hub, 108.328382, -6.736083
Semendawai Barat Hub, 104.759344, -4.017329
Talang Kelapa Hub, 104.658404, -2.913399
Gubug Hub, 110.6641, -7.055887
Tirtajaya Hub, 107.283304, -6.05809
Purwantoro Hub, 111.263389, -7.838222
Bendosari Hub, 110.83983, -7.64889
Bumiayu Hub, 108.97341, -7.260758
Temanggung Hub, 110.198518, -7.334939
Simpang Blimbing Hub, 104.023761, -3.451927
Talang Ubi Hub, 103.850439, -3.29654
Prabumulih Hub, 104.260111, -3.412444
Rangkasbitung Hub, 106.269831, -6.351588
Suku Tengah Hub, 102.826838, -3.064076
Cikarang Utara 2 Hub, 107.170806, -6.274583
Sukadana Hub, 105.660615, -5.103958
Teluk Gelam Hub, 104.808975, -3.493404
Peninjauan Hub, 104.384099, -3.867063
Limau Hub, 104.937869, -5.412923
Randublatung Hub, 111.39186, -7.201573
Tuntang Hub, 110.484565, -7.26476
Sumpiuh Hub, 109.282988, -7.591822
Lalan Hub, 104.444427, -2.302516
Banding Agung Hub, 104.017167, -4.79925
Gelumbang Hub, 104.445677, -3.236024
Pubian Hub, 104.964883, -5.083385
Tanjung Bintang Hub, 105.389184, -5.400029
Bayung Lencir Hub, 103.679694, -2.07075
Bandar Mataram Hub, 105.489831, -4.828912
Sungkai Utara Hub, 104.845672, -4.769984
Abung Timur Hub, 105.024408, -4.702003
Larangan Hub, 109.005933, -6.959167
Bukit Kemuning Hub, 104.570806, -4.860528
Air Hitam Hub, 104.362158, -5.049305
Melinting Hub, 105.78967, -5.487176
Cakung DC, 106.923731, -6.180711
Kayu Agung Hub, 104.824424, -3.390219
Lahat Hub, 103.56846, -3.763987
Martapura Hub, 104.349276, -4.32632
Banjar Margo Hub, 105.247431, -4.258667
Banyuasin Hub, 104.423265, -2.920038
Balik Bukit Hub, 104.06798, -5.024246
Musi Rawas Hub, 102.972723, -3.179248
Metro Hub, 105.298937, -5.133918
Margoyoso Hub, 111.048975, -6.59657
Boja Hub, 110.268761, -7.105689
Slawi Hub, 109.140414, -6.98659
Tebing Tinggi Hub, 103.08772, -3.59563
Indralaya Hub, 104.632235, -3.207272
Musi Rawas Utara Hub, 102.907857, -2.705175
Bandar Sribawono Hub, 105.741315, -5.313067
Pagar Alam Hub, 103.242557, -4.034911
Sungai Lilin Hub, 104.110764, -2.546835
Ketapang Hub, 105.7801, -5.660644
Way Kanan Hub, 104.54265, -4.731352
Muara Dua Hub, 104.061499, -4.563079
Lempuing Hub, 104.88954, -3.85639
Kota Agung Hub, 104.627577, -5.494053
Banyumas First Mile Hub, 109.066311, -7.518285
Babat First Mile Hub, 112.196443, -7.100936
Bojonegoro First Mile Hub, 111.873383, -7.155937
Bojong First Mile Hub, 109.608, -6.955187
Belitang Madang Raya Hub, 104.646261, -4.116753
Sekincau Hub, 104.304669, -5.046786
Pogalan Hub, 111.772195, -8.112768
Kotabumi Hub, 104.893266, -4.85363
Baturaja Timur Hub, 104.184778, -4.137861
Tanjung Enim Hub, 103.814254, -3.765141
Pringsewu Hub, 104.978512, -5.351236
Jepara Hub, 110.706434, -6.594382
Kalianda Hub, 105.59295, -5.729425
Denpasar DC, 115.298586, -8.623112
Lampung DC, 105.340192, -5.41792
Denpasar First Mile Hub, 115.247833, -8.634887
Lemahabang Karawang Hub, 107.46594, -6.278413
Sekayu Hub, 103.868708, -2.878624
Demak Hub, 110.611852, -6.914015
Purbalingga Hub, 109.357734, -7.377227
Lumajang Hub, 113.217673, -8.12491
Probolinggo Hub, 113.221915, -7.750092
Ponorogo Hub, 111.464787, -7.848654
Majalengka Hub, 108.208782, -6.750927
Kebumen Hub, 109.670452, -7.683116
Kab. Pekalongan First Mile Hub, 109.648361, -6.949444
Kab. Garut Hub, 107.899273, -7.073512
Cibinong Bogor First Mile Hub, 106.8296, -6.465823
Antapani Hub, 107.661179, -6.906484
Purwodadi Hub, 110.904228, -7.091446
Kab. Pekalongan Hub, 109.647186, -6.948948
Blora Hub, 111.408492, -6.977281
Banjarnegara Hub, 109.679479, -7.399289
Pamekasan Hub, 113.471336, -7.198508
Paciran Hub, 112.332527, -6.868261
Jombang Hub, 112.214148, -7.528713
Bangkalan Hub, 112.781043, -7.058642
Nganjuk Hub, 111.918734, -7.612532
Muara Enim Hub, 103.762306, -3.667528
Lubuk Linggau Hub, 102.864752, -3.284984
Kepanjen Hub, 112.592253, -8.078301
Blitar Hub, 112.187291, -8.089216
Terbanggi Besar Hub, 105.211105, -4.903001
Ambulu Hub, 113.546324, -8.322081
Kota Baru Hub, 103.60135, -1.646299
Lima Puluh Hub, 101.452235, 0.537786
Kertapati Hub, 104.740309, -3.049392
Bojong Gede Hub, 106.802525, -6.463156
Dukuh Pakis First Mile Hub, 112.663631, -7.306414
Taman Sari First Mile Hub, 106.825298, -6.150137
Palangka Raya Hub, 113.870912, -2.174556
Taman Hub, 112.691669, -7.357041
Tanah Abang Hub, 106.820216, -6.186863
Banda Aceh Hub, 95.352953, 5.55771
Buleleng Hub, 115.040911, -8.15253
Kuningan Hub, 108.4867, -6.952113
Bantul Hub, 110.341419, -7.893963
Singaparna Hub, 108.140238, -7.345377
Ciamis Hub, 108.341302, -7.326472
Kendal Hub, 110.172785, -6.923835
Lombok Timur Hub, 116.51713, -8.651773
Ambarawa Hub, 110.404024, -7.277492
Tanjung Pinang Hub, 104.504617, 0.916079
Sragen Hub, 110.983449, -7.440123
Medan Helvetia Hub, 98.652076, 3.61623
Banyumas Hub, 109.067054, -7.517965
Bobotsari First Mile Hub, 109.365375, -7.313202
Rancaekek Hub, 107.782888, -6.958833
Natar Hub, 105.189957, -5.296465
Sukoharjo Hub, 110.952776, -7.581882
Pemalang Hub, 109.40194, -6.908861
Bubutan First Mile Hub, 112.722437, -7.248462
Malang First Mile Hub, 112.706225, -7.954698
JKT 2 First Mile Hub, 109.108123, -6.850965
Baleendah Hub, 107.630881, -7.003697
Medan First Mile Hub, 98.715503, 3.603218
Ciracas First Mile Hub, 106.887724, -6.337099
Kab. Sukabumi Hub, 106.895809, -6.912158
Madiun Hub, 111.533846, -7.618918
Mojokerto First Mile Hub, 112.422445, -7.503097
Kota Pekalongan First Mile Hub, 109.668761, -6.899289
Export WH 01, 106.70264, -6.152381
Kosambi First Mile Hub, 106.675557, -6.094435
Bogor Timur First Mile Hub, 106.813842, -6.617659
Somba Opu Hub, 119.442453, -5.172388
Mataram Hub, 116.123816, -8.614842
Kendari Hub, 122.505948, -3.98906
Kediri Hub, 112.057363, -7.830827
Gempol Hub, 112.691467, -7.586177
Jatinegara Jakarta Timur First Mile Hub, 106.867213, -6.225032
Palu Hub, 119.862645, -0.902877
Solo First Mile Hub, 110.811431, -7.487324
Kartosura Hub, 110.749048, -7.559409
Cikande First Mile Hub, 106.34844, -6.200804
Singkawang Hub, 108.980858, 0.904191
Pangkal Pinang Hub, 106.122312, -2.147567
Medan Satria Hub, 106.973453, -6.200338
DM Depok DC, 106.861297, -6.411225
Serang Baru Hub, 107.093996, -6.389245
Serpong Utara 2 Hub, 106.669141, -6.250399
Indramayu Hub, 108.340695, -6.337283
Pandeglang Hub, 106.119633, -6.317911
Sleman First Mile Hub, 110.362902, -7.758036
Teluknaga Hub, 106.653879, -6.071793
Wonocolo Hub, 112.731487, -7.337803
Kenjeran Hub, 112.772702, -7.234181
Kembangan 2 Hub, 106.732218, -6.196571
Mojokerto Hub, 112.422445, -7.503097
Sumedang Hub, 107.918755, -6.829676
Kota Pekalongan Hub, 109.668761, -6.899289
Koja Hub, 106.925287, -6.12885
Subang Hub, 107.757184, -6.55395
Tanjung Priok Hub, 106.865024, -6.1563
Antapani First Mile Hub, 107.661179, -6.906484
Kelapa Dua 2 Hub, 106.59591, -6.269246
Banyuwangi Hub, 114.308218, -8.296088
Bengkulu Hub, 102.331452, -3.826289
Cikande Hub, 106.34844, -6.200804
Bojonegoro Hub, 111.873383, -7.155937
Semarang Timur Hub, 110.435419, -6.978273
Tuban Hub, 112.046568, -6.882058
Tanjung Priok 7 First Mile Hub, 106.844347, -6.157302
Medan Amplas Hub, 98.734515, 3.532648
Bekasi Timur First Mile Hub, 107.043129, -6.234391
Manado Hub, 124.887026, 1.470305
Kudus First Mile Hub, 110.834458, -6.800988
Tasikmalaya First Mile Hub, 108.19729, -7.341331
Umbulharjo First Mile Hub, 110.390329, -7.832615
Klaten Hub, 110.635731, -7.686926
Alang Alang Lebar Hub, 104.703777, -2.931727
Palimanan Hub, 108.422179, -6.706611
Jagakarsa Hub, 106.811999, -6.344454
Kotabaru 2 Hub, 107.481646, -6.396904
Banjarmasin Hub, 114.640196, -3.367233
Magelang Hub, 110.254697, -7.421524
Cibungbulang Hub, 106.645669, -6.575278
Pati Hub, 111.032234, -6.748109
Kudus Hub, 110.834458, -6.800988
Lamongan Hub, 112.412639, -7.112472
Pondokgede 3 Hub, 106.914261, -6.258644
Kramatjati Hub, 106.855372, -6.283802
Penjaringan First Mile Hub, 106.745753, -6.127829
Legok First Mile Hub, 106.589377, -6.303188
Bandung First Mile Hub, 107.641028, -6.950542
Surabaya Utara First Mile Hub, 112.694615, -7.253677
Semarang First Mile Hub, 110.377276, -6.991583
Tanjung Priok 3 First Mile Hub, 106.880322, -6.141858
Sidoarjo First Mile Hub, 112.691669, -7.357041
Wiyung Hub, 112.65764, -7.30577
Bandung Utara Hub, 107.58779, -6.908645
Cianjur Hub, 107.176667, -6.802528
Tanah Abang 2 First Mile Hub, 106.795746, -6.208569
Jember Hub, 113.68215, -8.190504
Gresik Hub, 112.507299, -7.222114
Rungkut First Mile Hub, 112.757889, -7.336833
Sukajadi First Mile HUB, 107.58779, -6.908645
Garut Hub, 107.916395, -7.206466
Bandung Barat Hub, 107.503689, -6.87447
Palembang DC, 104.769621, -2.916695
Semarang DC, 110.322915, -6.973491
Jagakarsa 2 First Mile Hub, 106.832293, -6.321003
Duren Sawit First Mile Hub, 106.900513, -6.218828
Mustika Jaya Hub, 107.035694, -6.302833
Pinang 3 Hub, 106.680703, -6.205786
Rancaekek First Mile Hub, 107.782888, -6.958833
Brebes Hub, 109.059452, -6.875918
Buahbatu First Mile Hub, 107.635315, -6.947317
Ciledug Kota Tangerang First Mile Hub, 106.70108, -6.246198
Penjaringan 6 First Mile Hub, 106.734045, -6.121579
Soreang First Mile Hub, 107.550184, -7.032182
Purwakarta Hub, 107.438285, -6.534474
Cilegon Hub, 106.055199, -6.022807
Wonoayu First Mile Hub, 112.660085, -7.493463
Tambun Selatan 3 Hub, 107.027583, -6.256833
Soreang Hub, 107.549843, -7.032174
Duren Sawit 2 Hub, 106.907951, -6.221014
Pancoran Mas Hub, 106.778789, -6.397729
Batam Hub, 104.059894, 1.111359
Purwokerto Hub, 109.240692, -7.447597
Cilacap Hub, 109.017589, -7.711339
Samarinda Hub, 117.123345, -0.4939
Pontianak Hub, 109.332564, -0.027546
Ciputat Hub, 106.738417, -6.32612
Ciracas Hub, 106.887724, -6.337099
Tasikmalaya Hub, 108.19729, -7.341331
Gedangan Hub, 112.716992, -7.3984
Karawang Barat Hub, 107.287085, -6.276175
Cengkareng First Mile Hub, 106.726734, -6.162545
Penjaringan 4 Hub, 106.787914, -6.12918
Jambi Hub, 103.640028, -1.622056
Padang Hub, 100.359738, -0.934985
Pondok Aren Hub, 106.709691, -6.270247
Pancoran 3 Hub, 106.835559, -6.261705
Pulogadung Hub, 106.896068, -6.20268
Bekasi Barat First Mile Hub, 106.966859, -6.243655
Bekasi Barat Hub, 106.966859, -6.243655
Bandung Timur Hub, 107.686537, -6.95801
Bogor Utara 2 Hub, 106.824916, -6.547069
Cilincing Hub, 106.92508, -6.129068
Periuk Hub, 106.602222, -6.166111
Pekanbaru Hub, 101.395167, 0.486194
Tigaraksa First Mile Hub, 106.488994, -6.24845
Banyumanik Hub, 110.411996, -7.065191
Karanganyar Hub, 110.792124, -7.553277
Tegal Hub, 109.123736, -6.890209
Tegal DC, 109.106557, -6.84908
Kalideres 4 Hub, 106.702547, -6.1532
Sawah Besar First Mile Hub, 106.825536, -6.139614
Koja First Mile Hub, 106.925287, -6.12885
Kebon Jeruk 5 Hub, 106.771844, -6.222756
Kembangan First Mile Hub, 106.724096, -6.196122
Sleman Hub, 110.362827, -7.758
Denpasar Hub, 115.189692, -8.675127
Surabaya Utara Hub, 112.694615, -7.253677
Parung First Mile Hub, 106.731675, -6.43043
Tambora Jakarta Barat First Mile Hub, 106.808656, -6.157823
Bogor Utara First Mile Hub, 106.811354, -6.579305
Cikarang Selatan First Mile Hub, 107.142188, -6.319075
Baleendah First Mile Hub, 107.659992, -7.022838
Bandung Timur First Mile Hub, 107.686537, -6.95801
Rungkut DC, 112.760738, -7.335753
Balaraja Hub, 106.455985, -6.200396
Palembang Hub, 104.795424, -2.962312
Cileungsi Hub, 106.978903, -6.386858
Bumi Waras Hub, 105.283148, -5.440483
Cimahi Hub, 107.542677, -6.896245
Balikpapan Hub, 116.877235, -1.230994
Makassar Hub, 119.502771, -5.103248
Bogor Selatan 3 First Mile Hub, 106.784297, -6.617958
Sidoarjo Hub, 112.662275, -7.403079
Cibinong Bogor Hub, 106.8296, -6.465823
Cisauk Hub, 106.620922, -6.346268
Sukabumi Hub, 106.912306, -6.942417
Cirebon Hub, 108.544568, -6.678436
Cimahi First Mile Hub, 107.542677, -6.896245
Pinang 2 First Mile Hub, 106.684525, -6.206597
Periuk First Mile Hub, 106.602222, -6.166111
Kebon Jeruk 5 First Mile Hub, 106.771844, -6.222756
Kenjeran First Mile Hub, 112.76256, -7.300825
Cakung First Mile Hub, 106.942439, -6.175002
Gambir First Mile Hub, 106.812196, -6.177719
Kalideres First Mile Hub, 106.712075, -6.10832
Parung Hub, 106.731675, -6.43043
Serang Hub, 106.178039, -6.107889
Gambir 3 Hub, 106.808002, -6.16521
Makassar DC, 119.511818, -5.071999
Balikpapan DC, 116.934534, -1.24963
Jatiasih First Mile Hub, 106.969546, -6.296108
Penjaringan 5 First Mile Hub, 106.762334, -6.136961
Taman Sari Jakarta Barat 3 First Mile Hub, 106.826342, -6.153959
Jatiasih 2 Hub, 106.93833, -6.352324
Malang Hub, 112.649709, -7.937525
Medan Hub, 98.736917, 3.603556
Cikarang Selatan Hub, 107.142188, -6.319075
Cengkareng 4 First Mile Hub, 106.762455, -6.15808
Medan Satria First Mile Hub, 106.973453, -6.200338
Pamulang First Mile Hub, 106.736496, -6.320673
Pinang 3 First Mile Hub, 106.680703, -6.205786
Percut Sei Tuan DC, 98.716388, 3.516846
Pancoran First Mile Hub, 106.832104, -6.257902
Cimanggis 2 First Mile Hub, 106.86064, -6.36648
Pinang 4 Hub, 106.62834, -6.1988
Sarmi DC, 138.750755, -1.852697
Surabaya DC, 112.660153, -7.222492
Pancoran 2 Hub, 106.86051, -6.237742
Bekasi DC, 106.976762, -6.198416
Yogyakarta Hub, 110.347621, -7.823137
Solo Hub, 110.818975, -7.601977
Kapuk DC, 106.861297, -6.411225
Bogor Selatan Hub, 106.834142, -6.639563
Bandung DC, 107.536719, -6.909678
Surabaya Hub, 112.757889, -7.336833
Cimanggis 2 Hub, 106.86064, -6.36648
Semarang Hub, 110.391825, -6.987731
Bandung Hub, 107.641714, -6.948552
Tambun Utara Hub, 107.040611, -6.210503
Pesanggrahan Hub, 106.76089, -6.28589
Cengkareng 4 Hub, 106.762332, -6.157696
Jakarta DC, 106.879088, -6.131053
Tanjung Priok 2 Hub, 106.881416, -6.140874
Afulu Hub, 106.830234, -6.22592
Aimas Hub, 106.830234, -6.22592
Air Hitam Samarinda Hub, 106.819048, -6.230431
Alasa Talumuzoi Hub, 106.830234, -6.22592
Amahai Hub, 106.830234, -6.22592
Ampel 2 Hub, 110.541361, -7.449222
Aramo Hub, 106.830234, -6.22592
Asembagus 3 First Mile Hub, 106.831235, -6.223898
Babat Supat 2 Hub, 104.07575, -2.760583
Badau Belitung Hub, 106.819048, -6.230431
Bajeng Barat Hub, 106.830234, -6.22592
Balantak Hub, 106.830234, -6.22592
Bandar Jaya Hub, 106.819048, -6.230431
Bangko First Mile Hub, 102.276306, -2.040038
Bangli First Mile Hub, 115.363759, -8.430307
Banjar Margo First Mile Hub, 105.243833, -4.264306
Bantaeng First Mile Hub, 119.94966, -5.548375
Banyudono Hub, 106.826432, -6.230541
Basidondo Hub, 120.675538, 0.74243
Batang Kuis First Mile Hub, 98.827, 3.611167
Batu Ampar Balikpapan Utara Hub, 106.82419, -6.230675
Batu Ceper First Mile Hub, 106.68444, -6.173692
Batu Putih 2 Hub, 121.101177, -3.075976
Batudaa Pantai Hub, 122.963956, 0.494232
Batulicin First Mile Hub, 115.995426, -3.422468
Batumandi First Mile Hub, 115.422695, -2.383039
Bawolato Hub, 106.830234, -6.22592
Belitang First Mile Hub, 111.208565, 0.23997
Belitung Selatan Hub, 106.830234, -6.22592
Bengkalis First Mile Hub, 102.127923, 1.469741
Benua Melayu Darat Hub, 106.819048, -6.230431
Beriwit Hub, 106.830234, -6.22592
Besusu Hub, 106.830234, -6.22592
Biringngala Hub, 106.819048, -6.230431
Bogor Selatan 11 Hub, 106.801648, -6.615136
Bojonegara Hub, 106.82419, -6.230675
Bojong Tegal Hub, 109.137655, -7.125123
Boyan Tanjung Hub, 112.461667, 0.486444
Bukal Hub, 121.455403, 1.0151
Bukit Hub, 106.82419, -6.230675
Bukit Intan First Mile Hub, 106.146776, -2.164532
Bukit Tunggal Hub, 106.830234, -6.22592
Bulukumba First Mile Hub, 120.147417, -5.364678
Bumi Nabung First Mile Hub, 105.53804, -4.752859
Bungku Barat First Mile Hub, 121.803722, -2.292167
Buranga Hub, 106.830234, -6.22592
Cabangbungin First Mile Hub, 107.188506, -6.091536
Cakung Timur Hub, 106.819048, -6.230431
Candi First Mile Hub, 106.830234, -6.22592
Caturtunggal Hub, 106.82419, -6.230675
Cicantanyan Hub, 106.864833, -6.904861
Ciemas First Mile Hub, 106.468761, -7.197478
Cikalong Wetan Hub, 106.819048, -6.230431
Ciomas Serang Hub, 106.830234, -6.22592
Cipageran Hub, 106.82419, -6.230675
Cipanas Cianjur Hub, 106.819048, -6.230431
Curug Sangereng First Mile Hub, 106.824312, -6.230716
Curug Sangereng Hub, 106.824312, -6.230716
DM Malang DC, 112.71821, -7.953876
Dolo Hub, 119.887831, -1.003891
Dumai First Mile Hub, 101.409078, 1.67714
Dusun Timur First Mile Hub, 115.16311, -2.10822
Gaddong Hub, 106.819048, -6.230431
Ganda Pura First Mile Hub, 96.886002, 5.230034
Geger Kalong Hub, 106.82419, -6.230675
Gili Ginting Hub, 106.830234, -6.22592
Girian Hub, 106.830234, -6.22592
Grogol Petamburan 2 First Mile Hub, 106.776667, -6.154944
Guntungmanggis Hub, 106.830234, -6.22592
Gunung Sari Rappocini Hub, 106.830234, -6.22592
Gununganyar First Mile Hub, 112.771608, -7.338376
Gununganyar Hub, 112.771608, -7.338376
Hibala Hub, 106.830234, -6.22592
Hili Serangkai Hub, 106.830234, -6.22592
IDBGR DC, 106.827877, -6.533418
IDDPR1 DC, 115.198224, -8.622655
IDE DC, 106.87541, -6.132412
IDG DC, 106.87913, -6.131174
IDP DC, 104.734856, -2.845695
IDR DC, 110.341824, -7.010698
IDexpress Hub, 106.880612, -6.133567
Iwoimendaa Hub, 106.830234, -6.22592
Jakarta Fresh DC, 106.890699, -6.138063
Jamblang Hub, 106.82419, -6.230675
Jatinegara First Mile Hub, 106.830234, -6.22592
Jatiuwung Hub, 106.830234, -6.22592
Jatiwaringin First Mile Hub, 106.830234, -6.22592
Jayapura Hub, 106.830234, -6.22592
Johar Baru 2 First Mile Hub, 106.830234, -6.22592
Jrengik First Mile Hub, 113.194337, -7.150843
Kab. Banjarnegara Hub, 106.830234, -6.22592
Kab. Pemalang Hub, 106.830234, -6.22592
Kalianda First Mile Hub, 105.59295, -5.729425
Kalimanah Hub, 106.830234, -6.22592
Kapasari First Mile Hub, 106.830234, -6.22592
Kapuk Muara First Mile Hub, 106.830234, -6.22592
Karamat Hub, 106.830234, -6.22592
Karang Bintang First Mile Hub, 115.935485, -3.349302
Karangtengah Hub, 106.831235, -6.223898
Kayan Hilir 2 Hub, 111.919789, -0.10284
Kayu Aro First Mile Hub, 101.310328, -1.756165
Kebomas 2 Hub, 106.830234, -6.22592
Kebon Jeruk 26 Hub, 106.768118, -6.198365
Kelimutu Hub, 106.830234, -6.22592
Keluang First Mile Hub, 103.940278, -2.61825
Kemang Parung Hub, 106.830234, -6.22592
Kemiri Muka Hub, 106.82419, -6.230675
Kenjeran 4 First Mile Hub, 112.762301, -7.222992
Kenjeran 4 Hub, 112.762301, -7.222992
Kepulauan Seribu Selatan First Mile Hub, 106.523553, -5.803911
Kepulauan Seribu Selatan Hub, 106.523553, -5.803911
Keragilan Hub, 106.830234, -6.22592
Klego Hub, 106.819048, -6.230431
Kotabaru First Mile Hub, 106.830234, -6.22592
Kotabaru Hub, 106.830234, -6.22592
Koto Baru First Mile Hub, 101.718682, -1.127429
Kuta Selatan 6 Hub, 106.831235, -6.223898
Kutalimbaru First Mile Hub, 98.52335, 3.467235
Kwanyar First Mile Hub, 112.869056, -7.151639
Ladongi Hub, 106.830234, -6.22592
Lamaru Hub, 106.830234, -6.22592
Langkai Hub, 106.830234, -6.22592
Langowan Utara First Mile Hub, 124.835, 1.158722
Langsa Kota 2 First Mile Hub, 97.955306, 4.502194
Lappariaja Hub, 106.830234, -6.22592
Lebakgedong Hub, 106.819048, -6.230431
Lemahwungkuk Hub, 106.82419, -6.230675
Lembah Masurai First Mile Hub, 102.007847, -2.375442
Lengkenat Hub, 106.830234, -6.22592
Lepar Pongok Hub, 106.830234, -6.22592
Leuwisadeng 4 First Mile Hub, 106.831235, -6.223898
Likupang Selatan Hub, 106.830234, -6.22592
Limau First Mile Hub, 104.92916, -5.476431
Lobalain 2 Hub, 106.831235, -6.223898
Luwuk First Mile Hub, 122.743373, -1.069262
MH 1 Kumpeh Hub, 103.8875, -1.53875
MH Angkola Barat Hub, 99.172752, 1.428974
MH Astambul Hub, 114.901274, -3.352581
MH Babat Toman Hub, 103.607247, -2.761461
MH Banjar Margo Hub, 105.22129, -4.286642
MH Batang Toru 2 Hub, 99.08062, 1.477315
MH Batang Toru Hub, 99.08062, 1.477315
MH Belopa Hub, 106.824931, -6.231509
MH Binuang Hub, 115.08811, -3.16363
MH Bunut Hulu Hub, 112.643703, 0.293838
MH Candipuro Hub, 113.110437, -8.203917
MH Karangnunggal 3 Hub, 108.156, -7.6034
MH Kelapa Hub, 105.6827, -1.88528
MH Keritang Hub, 102.68815, -0.67864
MH Koba 4 Hub, 106.3587, -2.5287
MH Koba Hub, 106.3587, -2.5287
MH Kota Pinang Hub, 100.0832, 1.897467
MH Lhoksukon Hub, 97.318096, 5.039636
MH Luwuk 4 Hub, 122.785765, -0.976414
MH Madukara Hub, 109.746023, -7.388826
MH Mangunreja Hub, 108.050689, -7.376787
MH Masamba Hub, 120.3522, -2.55031
MH Padang Sidempuan 3 Hub, 99.2771, 1.373929
MH Pallangga Hub, 119.4457, -5.22088
MH Pasangkayu 2 Hub, 106.824931, -6.231509
MH Pulau Rakyat Hub, 106.674109, -6.097836
MH Rimbo Bujang 2 Hub, 102.1096, -1.30573
MH Sandai 2 Hub, 110.530439, -1.249812
MH Sandai 6 Hub, 110.530439, -1.249812
MH Sandai Hub, 110.530439, -1.249812
MH Sanggau Hub, 110.5949, 0.122955
MH Siantar Selatan Hub, 99.062462, 2.944777
MH Simpangkiri Hub, 97.989549, 2.647894
MH Sinjai Utara 2 Hub, 106.824931, -6.231509
MH Stabat Hub, 98.46027, 3.75438
MH Sungai Pinang 2 Hub, 117.156846, -0.478425
MH Tabir 3 Hub, 102.292973, -1.864684
MH Tanah Jawa 2 Hub, 106.674109, -6.097836
MH Tandun Hub, 100.589962, 0.648854
MH Tanjung 2 Hub, 115.3894, -2.14291
MH Tanjung 3 Hub, 115.3894, -2.14291
MH Tanjung Balai Hub, 99.79837, 2.965987
MH Tapan Hub, 101.073, -2.16562
MH Tapian Nauli Hub, 98.748486, 1.778786
MH Tempe 4 Hub, 120.039, -4.14365
MH Tenggarong Hub, 116.998, -0.45116
MH Tondano Selatan 3 Hub, 124.883722, 1.288363
MH Tondano Selatan 4 Hub, 124.883722, 1.288363
MH Tondano Selatan 5 Hub, 124.883722, 1.288363
MH Wara 2 Hub, 120.2009, -3.00311
MH Wara Hub, 120.2009, -3.00311
MH Wonomulyo 2 Hub, 106.824931, -6.231509
MM Bekasi DC, 106.976762, -6.198416
MM Kosambi DC, 106.673396, -6.094646
Majalaya Karawang Hub, 106.830234, -6.22592
Majene Hub, 106.830234, -6.22592
Malaka Hub, 106.830234, -6.22592
Malalayang First Mile Hub, 124.82762, 1.462697
Malang Nengah Hub, 106.830234, -6.22592
Mamajang Luar Hub, 106.819048, -6.230431
Manado First Mile Hub, 124.887026, 1.470305
Mancak Hub, 106.830234, -6.22592
Mandonga First Mile Hub, 122.511724, -3.961147
Maniis First Mile Hub, 107.315968, -6.702218
Manokwari Hub, 106.830234, -6.22592
Mantikulore 2 DC, 119.8756, -0.7859
Mapanget First Mile Hub, 124.920936, 1.515083
Maphar First Mile Hub, 106.830234, -6.22592
Margaasih 2 First Mile Hub, 107.561161, -6.957975
Markati Jaya Hub, 106.830234, -6.22592
Masale Hub, 106.819048, -6.230431
Matakali Hub, 106.830234, -6.22592
Matur Hub, 106.82419, -6.230675
Mbay Hub, 106.830234, -6.22592
Medan Baru First Mile Hub, 98.659344, 3.582877
Medan Baru Hub, 106.82419, -6.230675
Medan Polonia Hub, 106.819048, -6.230431
Mempawah First Mile Hub, 108.960738, 0.367937
Mentawa Baru Hulu Hub, 106.830234, -6.22592
Merlung First Mile Hub, 103.054519, -1.268245
Moramo First Mile Hub, 122.658857, -4.163631
Moutong Hub, 106.830234, -6.22592
Muara Tembesi First Mile Hub, 103.13657, -1.726634
Namohalu Esiwa Hub, 106.830234, -6.22592
Nanga Taman First Mile Hub, 110.823442, -0.255462
Ngantru Hub, 106.830234, -6.22592
Nguntoronadi Hub, 106.819048, -6.230431
Nguntoronadi Kab. Wonogiri First Mile Hub, 110.966335, -7.93193
Nimboran Hub, 106.830234, -6.22592
Nonggunong Hub, 106.830234, -6.22592
Nusaniwe Hub, 106.819048, -6.230431
Oba Hub, 106.830234, -6.22592
Ogo Deide Hub, 106.830234, -6.22592
Onan Runggu Hub, 106.830234, -6.22592
Onohazumba Hub, 106.830234, -6.22592
Paccerakkang Hub, 106.819048, -6.230431
Padaherang Hub, 106.830234, -6.22592
Padang Utara 2 Hub, 100.350406, -0.915159
Pagerbarang First Mile Hub, 109.070316, -7.015742
Pakuhaji 2 Hub, 106.630953, -6.06769
Pakumbulan First Mile Hub, 106.82419, -6.230675
Palasa Hub, 120.427924, 0.485381
Paleleh Barat Hub, 106.830234, -6.22592
Pameungpeuk 2 First Mile Hub, 107.723917, -7.644
Pameungpeuk First Mile Hub, 107.737265, -7.648337
Pamulang 3 First Mile Hub, 106.859884, -6.173567
Pancoran DC, 106.718304, -6.110293
Pantai Cermin Kab. Solok Hub, 101.129499, -1.568298
Parigi First Mile Hub, 120.144225, -0.776144
Parigi Muna Hub, 106.819048, -6.230431
Pasar Muara Bungo First Mile Hub, 102.1231, -1.464099
Pattallassang Takalar Hub, 106.819048, -6.230431
Pauh Kab. Sarolangun 2 Hub, 102.818682, -2.135329
Pekapuran Raya Hub, 106.830234, -6.22592
Penyengat Rendah First Mile Hub, 103.5552, -1.587693
Peukan Bada Hub, 106.830234, -6.22592
Peusangan First Mile Hub, 96.77625, 5.198958
Pinolosian Timur Hub, 106.830234, -6.22592
Pondok Cabe Hub, 106.82419, -6.230675
Pondok Kopi First Mile Hub, 106.824312, -6.230716
Pondok Kopi Hub, 106.824312, -6.230716
Ponorogo 2 Hub, 106.830234, -6.22592
Pontianak First Mile Hub, 106.830234, -6.22592
Porong First Mile Hub, 106.82419, -6.230675
Prafi Hub, 106.830234, -6.22592
Praya Tengah First Mile Hub, 116.304992, -8.725834
Pulau Banyak Hub, 106.830234, -6.22592
Pulau Laut Selatan Hub, 106.830234, -6.22592
Pulau Laut Tanjung Selayar Hub, 106.830234, -6.22592
Pulau Malan Hub, 106.830234, -6.22592
Pulau Panggung First Mile Hub, 104.780264, -5.365465
Pulau Pulau Batu Barat Hub, 106.830234, -6.22592
Pulau Pulau Batu Hub, 106.830234, -6.22592
Pulau Pulau Batu Timur Hub, 106.830234, -6.22592
Pulogadung 2 First Mile Hub, 106.82348, -6.230272
Pulogadung 2 Hub, 106.830234, -6.22592
Pulogebang Hub, 106.824312, -6.230716
Raas Hub, 106.830234, -6.22592
Ratu Samban Hub, 102.270538, -3.811086
Rawa Makmur Hub, 106.819048, -6.230431
Rijali Hub, 106.819048, -6.230431
Rimbo Bujang First Mile Hub, 102.130864, -1.273192
Romangpolong Hub, 106.819048, -6.230431
Runtu Hub, 106.830234, -6.22592
Ruteng Hub, 106.830234, -6.22592
SBS Bandung DC, 107.670612, -6.901625
SBS Tamalanrea DC, 119.489894, -5.093549
Saigon Hub, 106.830234, -6.22592
Samarinda Ilir First Mile Hub, 117.163974, -0.516846
Sambas First Mile Hub, 109.286545, 1.373365
Sambit Hub, 106.819048, -6.23
Sampara Hub, 106.830234, -6.22592
Sangatta Utara 2 First Mile Hub, 117.534358, 0.527605
Sarmi Selatan Hub, 106.830234, -6.22592
Satui 2 First Mile Hub, 115.475194, -3.748833
Seberang Ulu II First Mile Hub, 104.790414, -2.989876
Sedau Hub, 106.830234, -6.22592
Sei Ambawang First Mile Hub, 109.403242, -0.038749
Sei Rampah First Mile Hub, 99.135117, 3.485879
Sei Sungai Raya Hub, 109.38721, -0.104
Sekadau Hilir First Mile Hub, 110.907884, 0.010182
Sekarbela First Mile Hub, 116.076333, -8.594194
Sekayu First Mile Hub, 103.868708, -2.878624
Selat Bali First Mile Hub, 115.466555, -8.434138
Selili Hub, 106.819048, -6.230431
Sengeti Hub, 106.819048, -6.230431
Serpong DC, 106.599016, -6.271726
Seruyan Hilir First Mile Hub, 112.54994, -3.383775
Siantar Barat Hub, 106.82419, -6.230675
Sibolga Hub, 106.819048, -6.230431
Sidomulyo First Mile Hub, 105.522068, -5.620878
Simeulue Tengah First Mile Hub, 95.972873, 2.591158
Simpang Tiga Hub, 106.819048, -6.230431
Singkawang Tengah 2 Hub, 109.007456, 0.932019
Singkawang Utara First Mile Hub, 109.010779, 0.940291
Singosari 2 Hub, 106.831235, -6.223898
Sinjai Barat First Mile Hub, 120.000953, -5.207859
Sinjai Tengah Hub, 106.830234, -6.22592
Sirenja Hub, 106.830234, -6.22592
Sirimau First Mile Hub, 128.205046, -3.68138
Sitinjau Laut First Mile Hub, 101.457788, -2.091514
Slogohimo First Mile Hub, 111.196409, -7.832962
Sojol Hub, 106.830234, -6.22592
Sojol Utara Hub, 106.830234, -6.22592
Solor Hub, 106.830234, -6.22592
Sorong Hub, 106.830234, -6.22592
Sukasari Kab. Subang First Mile Hub, 107.788479, -6.290282
Sukoharjo Kab. Sukoharjo First Mile Hub, 104.983801, -5.277583
Sukoharjo Wonosobo First Mile Hub, 109.797533, -7.409026
Sukomanunggal 3 First Mile Hub, 106.831235, -6.223898
Sumawe Hub, 106.830234, -6.22592
Sungai Bahar First Mile Hub, 103.416518, -1.964613
Sungai Bangkong Hub, 106.819048, -6.230431
Sungai Kakap First Mile Hub, 109.257939, -0.06148
Sungai Kunjang First Mile Hub, 117.093736, -0.534492
Sungai Manau First Mile Hub, 102.013056, -2.115049
Sungai Pandan First Mile Hub, 115.213438, -2.472496
Sungai Penuh First Mile Hub, 101.386534, -2.067677
Sungai Pinang First Mile Hub, 117.156846, -0.478425
Sungai Raya First Mile Hub, 109.383786, -0.122596
Sungai Rengas First Mile Hub, 109.27751, -0.006294
Sungai Siring Hub, 106.819048, -6.230431
Sungai Ulin Hub, 106.830234, -6.22592
Talaga 2 Hub, 106.830234, -6.22592
Talango Hub, 106.830234, -6.22592
Talawi First Mile Hub, 99.560121, 3.181737
Tambolaka Hub, 106.830234, -6.22592
Tanah Grogot First Mile Hub, 116.198453, -1.906112
Tanjung Jabung Barat First Mile Hub, 103.455835, -0.827332
Tanjung Karang Barat 2 First Mile Hub, 106.831235, -6.223898
Tanjung Morawa 2 Hub, 98.788257, 3.526223
Tanjung Pinang Barat First Mile Hub, 104.46989, 0.91796
Tanjung Redeb First Mile Hub, 117.46819, 2.146748
Tapos 4 Hub, 106.843143, -6.438602
Tasikmadu Hub, 106.830234, -6.22592
Tebing Tinggi Riau First Mile Hub, 102.707621, 1.012148
Tegineneng First Mile Hub, 105.115386, -5.176066
Teluk Gelam 2 First Mile Hub, 104.810056, -3.594333
Tempe First Mile Hub, 120.032995, -4.122617
Ternate First Mile Hub, 127.385185, 0.781544
Tiom First Mile Hub, 138.454927, -3.928803
Tiom Hub, 138.454927, -3.928803
Tolitoli Utara Hub, 106.830234, -6.22592
Tonjong Hub, 106.830234, -6.22592
Tuan Tuan Hub, 106.830234, -6.22592
Tubo Hub, 106.82419, -6.230675
Ujung Bulu First Mile Hub, 120.199053, -5.546286
Virtual LM Klojen Hub, 112.63263, -7.96662
Virtual Sidoarjo Hub, 112.604879, -7.384131
Virtual Yogyakarta DC, 110.373983, -7.830215
Waikabubak Hub, 106.830234, -6.22592
Wanea First Mile Hub, 124.837802, 1.459927
Watubangga First Mile Hub, 121.505275, -4.47633
Wawonii Tenggara Hub, 106.830234, -6.22592
Wenang Hub, 106.819048, -6.230431
Wiyung 2 Hub, 106.830234, -6.22592
Wolo First Mile Hub, 121.156981, -3.767886
